ACCIDENT_NO,ACCIDENT_DATE,ACCIDENT_TIME,ACCIDENT_TYPE,ACCIDENT_TYPE_DESC,DAY_OF_WEEK,DAY_WEEK_DESC,DCA_CODE,DCA_DESC,DIRECTORY,EDITION,PAGE,GRID_REFERENCE_X,GRID_REFERENCE_Y,LIGHT_CONDITION,LIGHT_CONDITION_DESC,NODE_ID_x,NO_OF_VEHICLES,NO_PERSONS,NO_PERSONS_INJ_2,NO_PERSONS_INJ_3,NO_PERSONS_KILLED,NO_PERSONS_NOT_INJ,POLICE_ATTEND,ROAD_GEOMETRY,ROAD_GEOMETRY_DESC,SEVERITY,SPEED_ZONE,NODE_ID_y,NODE_TYPE,AMG_X,AMG_Y,LG_AREA_NAME,REGION_NAME,DEG_URBAN_NAME,LATITUDE,LONGITUDE,POSTCODE
12000033773,7/10/2000,18.10.00,3,Struck animal,7,Saturday,167,STRUCK ANIMAL                        ,MEL,40.0,29,K,11.0,2,Dusk/Dawn,29360,1,1,0,1,0,0,2,1,Cross intersection,3,60,29360.0,N,2497770.513,2413464.984,MORELAND,METROPOLITAN NORTH WEST REGION,Metropolitan Excluding CBD,-37.779790000000006,144.97468999999998,3054.0
12001001925,3/01/2001,20.50.00,3,Struck animal,4,Wednesday,167,STRUCK ANIMAL                        ,MEL,40.0,79,A,3.0,2,Dusk/Dawn,131904,1,1,1,0,0,0,1,5,Not at intersection,2,60,131904.0,N,2509892.996,2396930.786,KINGSTON,METROPOLITAN SOUTH EAST REGION,Metropolitan Excluding CBD,-37.928709999999995,145.11253,3169.0
12002039926,27/11/2002,10.30.00,3,Struck animal,4,Wednesday,167,STRUCK ANIMAL                        ,MEL,40.0,2M,K,12.0,1,Day,141933,1,1,0,1,0,0,2,5,Not at intersection,3,50,141933.0,N,2501578.512,2405417.67,STONNINGTON,METROPOLITAN SOUTH EAST REGION,Metropolitan Excluding CBD,-37.8523,145.01793999999998,3143.0
12004005492,1/02/2004,19.45.00,3,Struck animal,1,Sunday,167,STRUCK ANIMAL                        ,MEL,40.0,2J,G,9.0,1,Day,37458,1,1,0,1,0,0,1,2,T intersection,3,60,37458.0,I,2495332.798,2406005.117,PORT PHILLIP,METROPOLITAN NORTH WEST REGION,Metropolitan Excluding CBD,-37.847,144.94697,3206.0
12004009462,6/02/2004,19.30.00,3,Struck animal,6,Friday,167,STRUCK ANIMAL                        ,MEL,40.0,2P,G,1.0,1,Day,48932,1,1,0,1,0,0,2,2,T intersection,3,50,48932.0,I,2499173.999,2405185.091,STONNINGTON,METROPOLITAN SOUTH EAST REGION,Metropolitan Excluding CBD,-37.8544,144.99061,3181.0
22000004456,22/01/2000,07.58.00,3,Struck animal,7,Saturday,167,STRUCK ANIMAL                        ,VCS,9.0,91,E,5.0,1,Day,158711,1,1,0,1,0,0,2,5,Not at intersection,3,100,158711.0,N,2346829.19,2364510.193,CORANGAMITE,SOUTH WESTERN REGION,Country,-38.20817,143.25117,3260.0
22000005220,4/02/2000,22.00.00,3,Struck animal,6,Friday,167,STRUCK ANIMAL                        ,VCS,9.0,519,N,9.0,5,Dark No street lights,158717,1,1,0,1,0,0,1,5,Not at intersection,3,100,158717.0,N,2388077.136,2308834.392,COLAC OTWAY,SOUTH WESTERN REGION,Country,-38.7155,143.71346,3233.0
22000005532,6/02/2000,22.00.00,3,Struck animal,1,Sunday,167,STRUCK ANIMAL                        ,VCS,9.0,73,F,7.0,5,Dark No street lights,158718,1,2,0,2,0,0,1,5,Not at intersection,3,100,158718.0,N,2259985.965,2401993.249,SOUTHERN GRAMPIANS,SOUTH WESTERN REGION,Country,-37.85217,142.27233999999999,3289.0
22000006756,31/01/2000,15.00.00,3,Struck animal,2,Monday,167,STRUCK ANIMAL                        ,VCS,9.0,566,B,9.0,1,Day,181311,1,1,0,1,0,0,2,5,Not at intersection,3,60,181311.0,N,2397836.338,2436598.02,BALLARAT,WESTERN REGION,Large Provincial Cities,-37.56576,143.84347,3350.0
22000007624,20/02/2000,00.15.00,3,Struck animal,1,Sunday,167,STRUCK ANIMAL                        ,VCS,9.0,93,B,3.0,5,Dark No street lights,150004,1,1,0,1,0,0,2,5,Not at intersection,3,100,150004.0,N,2415145.14,2380906.853,GOLDEN PLAINS,SOUTH WESTERN REGION,Country,-38.06925,144.033,3321.0
22000009040,25/02/2000,00.10.00,3,Struck animal,6,Friday,167,STRUCK ANIMAL                        ,VCS,9.0,562,D,11.0,5,Dark No street lights,181326,2,3,2,1,0,0,1,5,Not at intersection,2,110,181326.0,N,2398894.501,2441551.781,BALLARAT,WESTERN REGION,Large Provincial Cities,-37.52124,143.85612,3350.0
22000009094,7/03/2000,05.45.00,3,Struck animal,3,Tuesday,167,STRUCK ANIMAL                        ,MEL,40.0,421,K,6.0,9,Unknown,150017,1,1,0,1,0,0,1,5,Not at intersection,3,100,150017.0,N,2443237.245,2386011.78,GEELONG,SOUTH WESTERN REGION,Country,-38.0254,144.35352,3212.0
22000010572,8/03/2000,06.45.00,3,Struck animal,4,Wednesday,167,STRUCK ANIMAL                        ,VCS,9.0,77,C,7.0,1,Day,15533,1,1,0,1,0,0,2,5,Not at intersection,3,100,15533.0,N,2420317.634,2403923.406,GOLDEN PLAINS,SOUTH WESTERN REGION,Country,-37.86235,144.09443000000002,3333.0
22000010743,16/03/2000,21.15.00,3,Struck animal,5,Thursday,167,STRUCK ANIMAL                        ,VCS,9.0,56,B,9.0,5,Dark No street lights,181343,1,1,0,1,0,0,2,5,Not at intersection,3,100,181343.0,N,2285382.101,2445784.521,ARARAT,WESTERN REGION,Country,-37.46393,142.57351,3379.0
22000011021,21/03/2000,21.05.00,3,Struck animal,3,Tuesday,167,STRUCK ANIMAL                        ,VCS,9.0,77,F,2.0,5,Dark No street lights,150040,1,1,1,0,0,0,1,5,Not at intersection,2,100,150040.0,N,2439156.976,2442613.854,MOORABOOL,WESTERN REGION,Small Towns,-37.515159999999995,144.31171,3458.0
22000011075,18/03/2000,12.30.00,3,Struck animal,7,Saturday,167,STRUCK ANIMAL                        ,VCS,9.0,58,E,8.0,1,Day,181349,1,1,0,1,0,0,2,5,Not at intersection,3,100,181349.0,N,2391113.937,2455445.287,BALLARAT,WESTERN REGION,Country,-37.395179999999996,143.77014,3364.0
22000013367,3/04/2000,16.30.00,3,Struck animal,2,Monday,167,STRUCK ANIMAL                        ,MEL,40.0,334,C,3.0,1,Day,150067,1,1,1,0,0,0,2,5,Not at intersection,2,60,150067.0,N,2451961.485,2426184.103,MOORABOOL,WESTERN REGION,Country,-37.66395,144.45549,3340.0
22000014272,20/04/2000,21.25.00,3,Struck animal,5,Thursday,167,STRUCK ANIMAL                        ,VCS,9.0,75,D,9.0,5,Dark No street lights,158749,2,6,0,1,0,5,1,5,Not at intersection,3,100,158749.0,N,2338771.123,2392063.854,CORANGAMITE,SOUTH WESTERN REGION,Country,-37.95862,143.16525,3325.0
22000015808,8/05/2000,18.50.00,3,Struck animal,2,Monday,167,STRUCK ANIMAL                        ,VCS,9.0,59,G,8.0,5,Dark No street lights,150091,1,1,0,1,0,0,1,5,Not at intersection,3,100,150091.0,N,2439513.557,2457485.961,HEPBURN,WESTERN REGION,Country,-37.381170000000004,144.31695,3458.0
22000016818,20/03/2000,06.45.00,3,Struck animal,2,Monday,167,STRUCK ANIMAL                        ,VCS,9.0,90,H,6.0,5,Dark No street lights,158761,1,4,0,1,0,3,2,5,Not at intersection,3,100,158761.0,N,2324168.775,2355992.348,CORANGAMITE,SOUTH WESTERN REGION,Country,-38.28085,142.99047,3266.0
22000017033,8/05/2000,18.30.00,3,Struck animal,2,Monday,167,STRUCK ANIMAL                        ,VCS,9.0,453,F,14.0,5,Dark No street lights,150101,1,1,1,0,0,0,1,5,Not at intersection,2,100,150101.0,N,2431703.731,2353241.654,SURF COAST,SOUTH WESTERN REGION,Country,-38.319829999999996,144.2191,3228.0
22000019466,2/06/2000,18.30.00,3,Struck animal,6,Friday,167,STRUCK ANIMAL                        ,VCS,9.0,39,C,8.0,5,Dark No street lights,181406,1,2,0,1,0,1,1,5,Not at intersection,3,100,181406.0,N,2201109.551,2505992.406,WEST WIMMERA,WESTERN REGION,Country,-36.89853,141.64536999999999,3409.0
22000024952,23/07/2000,00.15.00,3,Struck animal,1,Sunday,167,STRUCK ANIMAL                        ,VCS,9.0,74,F,5.0,5,Dark No street lights,181437,1,2,0,1,0,1,1,5,Not at intersection,3,80,181437.0,N,2310594.74,2419419.212,ARARAT,WESTERN REGION,Country,-37.70689,142.85173999999998,3351.0
22000026533,4/08/2000,05.30.00,3,Struck animal,6,Friday,167,STRUCK ANIMAL                        ,VCS,9.0,91,J,9.0,5,Dark No street lights,158787,1,1,0,1,0,0,2,5,Not at intersection,3,100,158787.0,N,2367650.756,2336510.651,COLAC OTWAY,SOUTH WESTERN REGION,Country,-38.46356,143.48377,3249.0
22000029454,28/08/2000,13.30.00,3,Struck animal,2,Monday,167,STRUCK ANIMAL                        ,VCS,9.0,414,E,10.0,1,Day,150223,1,1,1,0,0,0,1,5,Not at intersection,2,100,150223.0,N,2448378.688,2456229.049,HEPBURN,WESTERN REGION,Country,-37.393029999999996,144.41697,3458.0
22000031836,19/09/2000,20.45.00,3,Struck animal,3,Tuesday,167,STRUCK ANIMAL                        ,VCS,9.0,435,B,13.0,5,Dark No street lights,11237,1,1,0,1,0,0,2,5,Not at intersection,3,80,11237.0,N,2462002.634,2402256.511,WYNDHAM,METROPOLITAN NORTH WEST REGION,Country,-37.88001,144.56807,3024.0
22000033371,23/09/2000,15.00.00,3,Struck animal,7,Saturday,167,STRUCK ANIMAL                        ,VCS,9.0,566,J,2.0,1,Day,23635,1,1,0,1,0,0,2,5,Not at intersection,3,80,23635.0,N,2401522.389,2440200.577,BALLARAT,WESTERN REGION,Country,-37.5337,143.88567,3350.0
22000033528,7/10/2000,06.15.00,3,Struck animal,7,Saturday,167,STRUCK ANIMAL                        ,MEL,40.0,360,J,10.0,2,Dusk/Dawn,130588,1,1,1,0,0,0,1,5,Not at intersection,2,100,130588.0,N,2477937.809,2408816.201,WYNDHAM,METROPOLITAN NORTH WEST REGION,Country,-37.82142,144.74941,3029.0
22000039382,27/11/2000,22.00.00,3,Struck animal,2,Monday,167,STRUCK ANIMAL                        ,VCS,9.0,558,F,12.0,3,Dark Street lights on,181528,1,2,0,1,0,1,1,5,Not at intersection,3,100,181528.0,N,2388696.37,2491697.646,CENTRAL GOLDFIELDS,WESTERN REGION,Country,-37.06823,143.74822,3465.0
22000039541,29/11/2000,10.25.00,3,Struck animal,4,Wednesday,167,STRUCK ANIMAL                        ,VCS,9.0,40,J,4.0,1,Day,53122,1,1,1,0,0,0,1,3,Y intersection,2,100,53122.0,I,2273231.734,2536232.652,YARRIAMBIACK,WESTERN REGION,Country,-36.646229999999996,142.46344,3390.0
22000039703,3/12/2000,10.10.00,3,Struck animal,1,Sunday,167,STRUCK ANIMAL                        ,VCS,9.0,55,J,2.0,1,Day,23639,1,1,1,0,0,0,1,5,Not at intersection,2,100,23639.0,O,2272399.1771,2490853.974,NORTHERN GRAMPIANS,WESTERN REGION,Country,-37.05485,142.44048999999998,3401.0
22001000608,17/12/2000,12.45.00,3,Struck animal,1,Sunday,167,STRUCK ANIMAL                        ,VCS,9.0,500,C,10.0,1,Day,158854,1,1,0,1,0,0,2,5,Not at intersection,3,100,158854.0,N,2149627.647,2376874.168,GLENELG,SOUTH WESTERN REGION,Country,-38.04326,141.00744,3292.0
22001001941,16/12/2000,13.30.00,3,Struck animal,7,Saturday,167,STRUCK ANIMAL                        ,VCS,9.0,55,B,8.0,1,Day,158862,1,1,1,0,0,0,2,5,Not at intersection,2,100,158862.0,N,2239869.1,2452252.441,SOUTHERN GRAMPIANS,SOUTH WESTERN REGION,Country,-37.39411,142.06149,3314.0
22001002411,7/01/2001,16.30.00,3,Struck animal,1,Sunday,167,STRUCK ANIMAL                        ,VCS,9.0,58,F,6.0,1,Day,181572,1,2,0,1,0,1,2,5,Not at intersection,3,100,181572.0,N,2397444.744,2468398.131,HEPBURN,WESTERN REGION,Country,-37.27918,143.84341,3370.0
22001003088,13/01/2001,13.00.00,3,Struck animal,7,Saturday,167,STRUCK ANIMAL                        ,VCS,9.0,584,D,4.0,1,Day,181576,1,1,0,1,0,0,2,5,Not at intersection,3,60,181576.0,N,2392462.603,2466646.139,HEPBURN,WESTERN REGION,Small Towns,-37.29441,143.78698,3370.0
22001003712,17/01/2001,04.30.00,3,Struck animal,4,Wednesday,167,STRUCK ANIMAL                        ,VCS,9.0,93,C,6.0,5,Dark No street lights,150371,1,1,0,1,0,0,2,5,Not at intersection,3,999,150371.0,N,2418597.303,2359583.035,SURF COAST,SOUTH WESTERN REGION,Country,-38.26164,144.06996,3240.0
22001004902,2/02/2001,05.45.00,3,Struck animal,6,Friday,167,STRUCK ANIMAL                        ,VCS,9.0,77,F,5.0,5,Dark No street lights,150387,1,1,0,1,0,0,1,5,Not at intersection,3,100,150387.0,N,2438288.026,2417186.634,MOORABOOL,WESTERN REGION,Country,-37.74422,144.29976000000002,3340.0
22001007221,22/02/2001,06.30.00,3,Struck animal,5,Thursday,167,STRUCK ANIMAL                        ,VCS,9.0,90,C,4.0,2,Dusk/Dawn,158894,1,1,0,1,0,0,1,5,Not at intersection,3,100,158894.0,N,2294639.56,2372457.455,MOYNE,SOUTH WESTERN REGION,Country,-38.126490000000004,142.65774,3264.0
22001007609,25/02/2001,21.30.00,3,Struck animal,1,Sunday,167,STRUCK ANIMAL                        ,VCS,9.0,59,D,5.0,1,Day,181613,1,1,1,0,0,0,1,5,Not at intersection,2,100,181613.0,N,2423701.03,2476162.382,HEPBURN,WESTERN REGION,Country,-37.21172,144.1403,3461.0
22001007766,1/03/2001,19.30.00,3,Struck animal,5,Thursday,167,STRUCK ANIMAL                        ,VCS,9.0,76,C,3.0,5,Dark No street lights,158900,1,2,0,1,0,1,2,5,Not at intersection,3,100,158900.0,N,2383793.688,2434299.853,GOLDEN PLAINS,SOUTH WESTERN REGION,Country,-37.58483,143.68416000000002,3351.0
22001007783,3/03/2001,19.00.00,3,Struck animal,7,Saturday,167,STRUCK ANIMAL                        ,VCS,9.0,40,H,8.0,2,Dusk/Dawn,22955,1,3,0,1,0,2,1,5,Not at intersection,3,100,22955.0,N,2271429.38,2504964.354,NORTHERN GRAMPIANS,WESTERN REGION,Country,-36.9275,142.43386,3385.0
22001009680,12/03/2001,23.30.00,3,Struck animal,2,Monday,167,STRUCK ANIMAL                        ,VCS,9.0,42,G,8.0,5,Dark No street lights,181626,1,1,0,1,0,0,2,5,Not at intersection,3,100,181626.0,N,2354351.914,2510596.938,NORTHERN GRAMPIANS,WESTERN REGION,Country,-36.893229999999996,143.36568,3477.0
22001009888,8/10/2000,12.00.00,3,Struck animal,1,Sunday,167,STRUCK ANIMAL                        ,VCS,9.0,90,E,8.0,1,Day,158910,1,1,0,1,0,0,2,5,Not at intersection,3,100,158910.0,N,2304747.047,2342817.415,MOYNE,SOUTH WESTERN REGION,Country,-38.3956,142.76504,3277.0
22001010457,16/03/2001,21.40.00,3,Struck animal,6,Friday,167,STRUCK ANIMAL                        ,VCS,9.0,453,B,8.0,5,Dark No street lights,150461,1,4,0,4,0,0,1,5,Not at intersection,3,100,150461.0,N,2424643.842,2364980.939,SURF COAST,SOUTH WESTERN REGION,Country,-38.21353,144.1396,3240.0
22001011099,24/03/2001,21.20.00,3,Struck animal,7,Saturday,167,STRUCK ANIMAL                        ,VCS,9.0,72,G,6.0,5,Dark No street lights,158915,2,4,1,2,0,1,1,5,Not at intersection,2,100,158915.0,N,2227745.428,2405847.298,SOUTHERN GRAMPIANS,SOUTH WESTERN REGION,Country,-37.80859,141.90761,3302.0
22001012517,2/04/2001,19.00.00,3,Struck animal,2,Monday,167,STRUCK ANIMAL                        ,MEL,40.0,222,K,6.0,5,Dark No street lights,133130,1,1,0,1,0,0,1,5,Not at intersection,3,100,133130.0,N,2470504.659,2415325.198,MELTON,METROPOLITAN NORTH WEST REGION,Country,-37.762570000000004,144.66523999999998,3024.0
22001012677,25/03/2001,21.00.00,3,Struck animal,1,Sunday,167,STRUCK ANIMAL                        ,VCS,9.0,26,H,7.0,5,Dark No street lights,181652,1,2,0,2,0,0,1,5,Not at intersection,3,100,181652.0,N,2267352.331,2571209.758,YARRIAMBIACK,WESTERN REGION,Country,-36.329679999999996,142.40836000000002,3393.0
22001013255,9/04/2001,14.15.00,3,Struck animal,2,Monday,167,STRUCK ANIMAL                        ,MEL,40.0,26,F,2.0,1,Day,133192,1,1,0,1,0,0,1,5,Not at intersection,3,60,133192.0,N,2484331.77,2417101.086,BRIMBANK,METROPOLITAN NORTH WEST REGION,Metropolitan Excluding CBD,-37.7469,144.82221,3021.0
22001013267,10/04/2001,10.30.00,3,Struck animal,3,Tuesday,167,STRUCK ANIMAL                        ,VCS,9.0,56,D,2.0,1,Day,23644,1,1,0,1,0,0,2,5,Not at intersection,3,100,23644.0,N,2295447.729,2496169.767,NORTHERN GRAMPIANS,WESTERN REGION,Country,-37.01226,142.70102,3385.0
22001017115,20/05/2001,22.10.00,3,Struck animal,1,Sunday,167,STRUCK ANIMAL                        ,VCS,9.0,92,C,6.0,2,Dusk/Dawn,158950,1,1,0,1,0,0,1,5,Not at intersection,3,100,158950.0,N,2382699.218,2353602.98,COLAC OTWAY,SOUTH WESTERN REGION,Country,-38.31165,143.6589,3249.0
22001017215,22/05/2001,12.20.00,3,Struck animal,3,Tuesday,167,STRUCK ANIMAL                        ,VCS,9.0,90,D,4.0,1,Day,158274,1,3,0,1,0,2,1,5,Not at intersection,3,100,158274.0,N,2297694.408,2370274.751,MOYNE,SOUTH WESTERN REGION,Country,-38.14682,142.69196000000002,3264.0
22001018224,3/06/2001,14.40.00,3,Struck animal,1,Sunday,167,STRUCK ANIMAL                        ,VCS,9.0,43,E,8.0,1,Day,181685,1,1,0,1,0,0,1,5,Not at intersection,3,100,181685.0,N,2389249.438,2508115.631,CENTRAL GOLDFIELDS,WESTERN REGION,Country,-36.92034,143.75685,3472.0
22001018742,30/05/2001,18.30.00,3,Struck animal,4,Wednesday,167,STRUCK ANIMAL                        ,VCS,9.0,552,E,4.0,5,Dark No street lights,181686,1,1,1,0,0,0,2,5,Not at intersection,2,100,181686.0,N,2279636.36,2481566.498,NORTHERN GRAMPIANS,WESTERN REGION,Small Towns,-37.14025,142.51912,3381.0
22001019759,13/06/2001,06.30.00,3,Struck animal,4,Wednesday,167,STRUCK ANIMAL                        ,VCS,9.0,90,G,5.0,5,Dark No street lights,158961,1,1,0,1,0,0,2,5,Not at intersection,3,100,158961.0,N,2318189.5,2363948.951,CORANGAMITE,SOUTH WESTERN REGION,Country,-38.208040000000004,142.92413,3264.0
22001021947,30/06/2001,16.55.00,3,Struck animal,7,Saturday,167,STRUCK ANIMAL                        ,VCS,9.0,77,F,8.0,1,Day,150576,1,1,0,1,0,0,1,5,Not at intersection,3,100,150576.0,N,2434581.695,2402459.272,GEELONG,SOUTH WESTERN REGION,Country,-37.87665,144.2564,3331.0
22001022398,30/06/2001,09.45.00,3,Struck animal,7,Saturday,167,STRUCK ANIMAL                        ,MEL,40.0,445,A,6.0,1,Day,49778,1,1,0,1,0,0,1,2,T intersection,3,60,49778.0,I,2470638.89,2376458.313,GEELONG,SOUTH WESTERN REGION,Other Towns,-38.11274,144.66521,3223.0
22001023402,14/07/2001,04.00.00,3,Struck animal,7,Saturday,167,STRUCK ANIMAL                        ,VCS,9.0,92,A,7.0,5,Dark No street lights,158977,1,1,0,1,0,0,2,5,Not at intersection,3,100,158977.0,N,2369150.319,2349803.699,COLAC OTWAY,SOUTH WESTERN REGION,Country,-38.34405,143.50333999999998,3249.0
22001026427,11/08/2001,06.00.00,3,Struck animal,7,Saturday,167,STRUCK ANIMAL                        ,VCS,9.0,93,F,7.0,5,Dark No street lights,150617,1,1,0,1,0,0,1,5,Not at intersection,3,100,150617.0,N,2435314.522,2350144.472,SURF COAST,SOUTH WESTERN REGION,Country,-38.34798,144.26011,3228.0
22001030478,26/09/2001,12.15.00,3,Struck animal,4,Wednesday,167,STRUCK ANIMAL                        ,VCS,9.0,92,A,5.0,1,Day,159005,1,1,0,1,0,0,2,5,Not at intersection,3,100,159005.0,N,2372601.681,2362352.568,COLAC OTWAY,SOUTH WESTERN REGION,Country,-38.23151,143.545,3249.0
22001032465,29/09/2001,20.30.00,3,Struck animal,7,Saturday,167,STRUCK ANIMAL                        ,VCS,9.0,91,E,7.0,5,Dark No street lights,159015,1,1,0,1,0,0,2,5,Not at intersection,3,100,159015.0,N,2347006.161,2352006.182,CORANGAMITE,SOUTH WESTERN REGION,Country,-38.32082,143.25056999999998,3260.0
22001034380,2/10/2001,04.45.00,3,Struck animal,3,Tuesday,167,STRUCK ANIMAL                        ,VCS,9.0,58,G,8.0,5,Dark No street lights,181780,1,1,0,1,0,0,2,5,Not at intersection,3,100,181780.0,N,2405326.591,2453466.369,HEPBURN,WESTERN REGION,Country,-37.414559999999994,143.9304,3364.0
22001034661,4/11/2001,10.30.00,3,Struck animal,1,Sunday,167,STRUCK ANIMAL                        ,VCS,9.0,58,B,4.0,1,Day,180654,1,1,1,0,0,0,1,5,Not at intersection,2,100,180654.0,N,2374879.206,2482971.755,CENTRAL GOLDFIELDS,WESTERN REGION,Country,-37.14512,143.59139,3465.0
22001034766,1/11/2001,15.30.00,3,Struck animal,5,Thursday,167,STRUCK ANIMAL                        ,MEL,40.0,343,D,5.0,1,Day,105580,1,2,1,0,0,1,2,5,Not at intersection,2,100,105580.0,N,2464237.233,2420486.725,MELTON,METROPOLITAN NORTH WEST REGION,Country,-37.71584,144.59436000000002,3338.0
22001035225,8/11/2001,15.20.00,3,Struck animal,5,Thursday,167,STRUCK ANIMAL                        ,VCS,9.0,56,B,4.0,1,Day,22970,1,1,0,1,0,0,1,5,Not at intersection,3,100,22970.0,N,2284999.476,2479789.302,ARARAT,WESTERN REGION,Country,-37.1575,142.57896000000002,3381.0
22001036915,24/11/2001,06.30.00,3,Struck animal,7,Saturday,167,STRUCK ANIMAL                        ,VCS,9.0,71,J,5.0,2,Dusk/Dawn,159041,1,1,0,0,1,0,1,5,Not at intersection,1,100,159041.0,N,2188176.362,2415534.768,GLENELG,SOUTH WESTERN REGION,Country,-37.708940000000005,141.46264,3311.0
22001037364,20/11/2001,18.30.00,3,Struck animal,3,Tuesday,167,STRUCK ANIMAL                        ,VCS,9.0,59,C,9.0,1,Day,188110,1,1,1,0,0,0,2,5,Not at intersection,2,60,188110.0,N,2421979.226,2450019.484,MOORABOOL,WESTERN REGION,Country,-37.44716,144.11817,3461.0
22002002731,9/01/2002,12.00.00,3,Struck animal,4,Wednesday,167,STRUCK ANIMAL                        ,VCS,9.0,453,B,13.0,1,Day,150783,1,1,1,0,0,0,1,5,Not at intersection,2,100,150783.0,N,2424238.3,2354145.646,SURF COAST,SOUTH WESTERN REGION,Country,-38.3111,144.13384,3240.0
22002002745,13/01/2002,22.00.00,3,Struck animal,1,Sunday,167,STRUCK ANIMAL                        ,VCS,9.0,56,A,4.0,5,Dark No street lights,181834,1,3,0,2,0,1,2,5,Not at intersection,3,100,181834.0,N,2281712.062,2477311.824,NORTHERN GRAMPIANS,WESTERN REGION,Country,-37.17906,142.54124,3381.0
22002002879,12/01/2002,21.25.00,3,Struck animal,7,Saturday,167,STRUCK ANIMAL                        ,VCS,9.0,93,E,7.0,5,Dark No street lights,150784,1,1,0,1,0,0,1,5,Not at intersection,3,100,150784.0,N,2430072.989,2348327.753,SURF COAST,SOUTH WESTERN REGION,Country,-38.36397,144.19998,3228.0
22002004678,24/01/2002,23.00.00,3,Struck animal,5,Thursday,167,STRUCK ANIMAL                        ,VCS,9.0,88,C,6.0,5,Dark No street lights,158300,1,1,0,1,0,0,1,5,Not at intersection,3,100,158300.0,N,2208813.154,2354690.41,GLENELG,SOUTH WESTERN REGION,Country,-38.26345,141.67243,3305.0
22002005398,8/02/2002,08.30.00,3,Struck animal,6,Friday,167,STRUCK ANIMAL                        ,VCS,9.0,76,C,5.0,1,Day,159101,1,1,0,1,0,0,1,5,Not at intersection,3,100,159101.0,N,2379161.944,2418809.631,GOLDEN PLAINS,SOUTH WESTERN REGION,Country,-37.7238,143.6292,3351.0
22002008344,1/03/2002,06.00.00,3,Struck animal,6,Friday,167,STRUCK ANIMAL                        ,MEL,40.0,484,C,3.0,3,Dark Street lights on,150843,1,1,0,1,0,0,1,5,Not at intersection,3,100,150843.0,N,2459768.838,2363086.796,GEELONG,SOUTH WESTERN REGION,Country,-38.23279,144.54053000000002,3221.0
22002009354,9/03/2002,20.00.00,3,Struck animal,7,Saturday,167,STRUCK ANIMAL                        ,VCS,9.0,55,H,3.0,2,Dusk/Dawn,180680,1,1,0,1,0,0,1,5,Not at intersection,3,100,180680.0,N,2266977.358,2487094.826,NORTHERN GRAMPIANS,WESTERN REGION,Country,-37.08739,142.37838,3401.0
22002009360,10/03/2002,14.10.00,3,Struck animal,1,Sunday,167,STRUCK ANIMAL                        ,VCS,9.0,56,A,3.0,1,Day,22981,1,3,0,2,0,1,1,5,Not at intersection,3,100,22981.0,N,2279983.437,2486868.025,NORTHERN GRAMPIANS,WESTERN REGION,Country,-37.09257,142.52456999999998,3381.0
22002010342,15/03/2002,21.15.00,3,Struck animal,6,Friday,167,STRUCK ANIMAL                        ,VCS,9.0,443,A,11.0,5,Dark No street lights,150862,1,1,0,1,0,0,2,5,Not at intersection,3,100,150862.0,N,2423321.62,2382834.74,GOLDEN PLAINS,SOUTH WESTERN REGION,Country,-38.05259,144.12637,3331.0
22002010884,16/03/2002,13.30.00,3,Struck animal,7,Saturday,167,STRUCK ANIMAL                        ,VCS,9.0,77,C,6.0,1,Day,150865,1,1,1,0,0,0,2,5,Not at intersection,2,80,150865.0,N,2417806.022,2412231.089,MOORABOOL,WESTERN REGION,Country,-37.787279999999996,144.06682,3334.0
22002011735,22/03/2002,23.00.00,3,Struck animal,6,Friday,167,STRUCK ANIMAL                        ,MEL,40.0,696,E,10.0,4,Dark Street lights off,12904,1,1,1,0,0,0,2,5,Not at intersection,2,100,12904.0,N,2464577.255,2438128.047,MELTON,NORTHERN REGION,Country,-37.55689,144.59906,3337.0
22002013454,11/04/2002,18.35.00,3,Struck animal,5,Thursday,167,STRUCK ANIMAL                        ,MEL,40.0,354,J,11.0,3,Dark Street lights on,138041,1,2,1,0,0,1,1,5,Not at intersection,2,60,138041.0,N,2477871.622,2423105.515,MELTON,METROPOLITAN NORTH WEST REGION,Metropolitan Excluding CBD,-37.69267,144.74908,3037.0
22002014135,8/04/2002,05.30.00,3,Struck animal,2,Monday,167,STRUCK ANIMAL                        ,VCS,9.0,443,B,11.0,5,Dark No street lights,150903,1,1,0,1,0,0,2,5,Not at intersection,3,100,150903.0,N,2424877.066,2383346.828,GOLDEN PLAINS,SOUTH WESTERN REGION,Country,-38.04811,144.14414,3331.0