ACCIDENT_NO,ACCIDENT_DATE,ACCIDENT_TIME,ACCIDENT_TYPE,ACCIDENT_TYPE_DESC,DAY_OF_WEEK,DAY_WEEK_DESC,DCA_CODE,DCA_DESC,DIRECTORY,EDITION,PAGE,GRID_REFERENCE_X,GRID_REFERENCE_Y,LIGHT_CONDITION,LIGHT_CONDITION_DESC,NODE_ID_x,NO_OF_VEHICLES,NO_PERSONS,NO_PERSONS_INJ_2,NO_PERSONS_INJ_3,NO_PERSONS_KILLED,NO_PERSONS_NOT_INJ,POLICE_ATTEND,ROAD_GEOMETRY,ROAD_GEOMETRY_DESC,SEVERITY,SPEED_ZONE,NODE_ID_y,NODE_TYPE,AMG_X,AMG_Y,LG_AREA_NAME,REGION_NAME,DEG_URBAN_NAME,LATITUDE,LONGITUDE,POSTCODE
22004016664,4/04/2004,12.30.00,3,Struck animal,1,Sunday,167,STRUCK ANIMAL                        ,VCS,9.0,71,B,7.0,1,Day,188877,1,1,0,1,0,0,2,5,Not at intersection,3,100,188877.0,N,2150313.847,2395895.621,GLENELG,SOUTH WESTERN REGION,Country,-37.8723,141.0243,3304.0
22004016859,11/05/2004,05.30.00,3,Struck animal,3,Tuesday,167,STRUCK ANIMAL                        ,VCS,9.0,58,C,7.0,5,Dark No street lights,188157,1,1,0,1,0,0,2,5,Not at intersection,3,100,188157.0,N,2379461.686,2458580.074,BALLARAT,WESTERN REGION,Country,-37.36551,143.63905,3352.0
22004020205,13/06/2004,17.00.00,3,Struck animal,1,Sunday,167,STRUCK ANIMAL                        ,VCS,9.0,43,C,6.0,2,Dusk/Dawn,186515,1,1,0,1,0,0,2,5,Not at intersection,3,60,186515.0,N,2377943.341,2522211.664,CENTRAL GOLDFIELDS,WESTERN REGION,Country,-36.791920000000005,143.63223,3472.0
22004022286,6/07/2004,05.45.00,3,Struck animal,3,Tuesday,167,STRUCK ANIMAL                        ,VCS,9.0,435,D,11.0,5,Dark No street lights,186664,1,1,1,0,0,0,1,5,Not at intersection,2,100,186664.0,N,2446073.62,2405581.784,GEELONG,SOUTH WESTERN REGION,Country,-37.84926,144.38725,3340.0
22004022336,27/06/2004,00.30.00,3,Struck animal,1,Sunday,167,STRUCK ANIMAL                        ,VCS,9.0,90,E,5.0,5,Dark No street lights,186542,1,3,2,0,0,1,2,5,Not at intersection,2,100,186542.0,N,2304202.999,2361195.684,MOYNE,SOUTH WESTERN REGION,Country,-38.22998,142.76376000000002,3264.0
22004023858,19/07/2004,16.35.00,3,Struck animal,2,Monday,167,STRUCK ANIMAL                        ,VCS,9.0,90,B,4.0,1,Day,186852,1,7,0,2,0,5,1,5,Not at intersection,3,100,186852.0,N,2288013.069,2370969.867,MOYNE,SOUTH WESTERN REGION,Country,-38.13839,142.58176,3264.0
22004024117,20/07/2004,06.30.00,3,Struck animal,3,Tuesday,167,STRUCK ANIMAL                        ,VCS,9.0,90,A,6.0,5,Dark No street lights,186862,1,2,1,1,0,0,2,5,Not at intersection,2,100,186862.0,N,2283807.308,2357960.623,MOYNE,SOUTH WESTERN REGION,Country,-38.25458,142.52995,3281.0
22004024851,31/07/2004,23.00.00,3,Struck animal,7,Saturday,167,STRUCK ANIMAL                        ,MEL,40.0,202,F,1.0,5,Dark No street lights,187085,1,1,0,1,0,0,1,5,Not at intersection,3,100,187085.0,N,2472857.817,2407752.605,WYNDHAM,METROPOLITAN NORTH WEST REGION,Country,-37.830870000000004,144.69167,3029.0
22004025690,28/07/2004,17.45.00,3,Struck animal,4,Wednesday,167,STRUCK ANIMAL                        ,MEL,40.0,336,A,10.0,5,Dark No street lights,187125,1,1,0,1,0,0,2,5,Not at intersection,3,110,187125.0,N,2459240.46,2423623.797,MELTON,METROPOLITAN NORTH WEST REGION,Small Provincial Cities,-37.68737,144.53786000000002,3338.0
22004026172,6/08/2004,08.30.00,3,Struck animal,6,Friday,167,STRUCK ANIMAL                        ,MEL,40.0,463,F,9.0,1,Day,187342,1,2,0,2,0,0,2,5,Not at intersection,3,100,187342.0,N,2433768.852,2365280.329,SURF COAST,SOUTH WESTERN REGION,Country,-38.211529999999996,144.24381,3240.0
22004026719,16/08/2004,17.20.00,3,Struck animal,2,Monday,167,STRUCK ANIMAL                        ,VCS,9.0,552,G,2.0,3,Dark Street lights on,187609,1,1,0,1,0,0,1,5,Not at intersection,3,100,187609.0,N,2280523.748,2482769.008,NORTHERN GRAMPIANS,WESTERN REGION,Small Towns,-37.12962,142.52945,3381.0
22004028314,15/08/2004,11.30.00,3,Struck animal,1,Sunday,167,STRUCK ANIMAL                        ,VCS,9.0,453,C,14.0,1,Day,50327,1,1,1,0,0,0,2,2,T intersection,2,100,50327.0,I,2425736.69,2353022.239,SURF COAST,SOUTH WESTERN REGION,Country,-38.32134,144.15086000000002,3240.0
22004029655,15/08/2004,13.30.00,3,Struck animal,1,Sunday,167,STRUCK ANIMAL                        ,VCS,9.0,101,B,3.0,1,Day,187798,1,1,1,0,0,0,2,5,Not at intersection,2,100,187798.0,N,2379288.06,2324920.42,COLAC OTWAY,SOUTH WESTERN REGION,Country,-38.56953,143.61514,3239.0
22004031149,12/09/2004,14.00.00,3,Struck animal,1,Sunday,167,STRUCK ANIMAL                        ,VCS,9.0,57,F,2.0,1,Day,188095,1,1,0,1,0,0,2,5,Not at intersection,3,60,188095.0,N,2346161.732,2494519.745,PYRENEES,WESTERN REGION,Country,-37.0368,143.27052,3478.0
22004032339,1/10/2004,18.00.00,3,Struck animal,6,Friday,167,STRUCK ANIMAL                        ,VCS,9.0,92,C,2.0,1,Day,191550,1,1,1,0,0,0,1,5,Not at intersection,2,100,191550.0,N,2379679.528,2382585.924,COLAC OTWAY,SOUTH WESTERN REGION,Country,-38.0502,143.62915,3322.0
22004032577,5/10/2004,13.20.00,3,Struck animal,3,Tuesday,167,STRUCK ANIMAL                        ,VCS,9.0,41,C,9.0,1,Day,191500,1,1,1,0,0,0,1,5,Not at intersection,2,100,191500.0,N,2291110.497,2498598.923,NORTHERN GRAMPIANS,WESTERN REGION,Country,-36.98942,142.65296999999998,3385.0
22004034248,29/09/2004,20.45.00,3,Struck animal,4,Wednesday,167,STRUCK ANIMAL                        ,VCS,9.0,59,C,9.0,5,Dark No street lights,24657,1,1,0,1,0,0,2,5,Not at intersection,3,100,24657.0,N,2417308.432,2446347.132,MOORABOOL,WESTERN REGION,Country,-37.47985,144.06497,3352.0
22004035513,16/10/2004,05.45.00,3,Struck animal,7,Saturday,167,STRUCK ANIMAL                        ,VCS,9.0,90,C,4.0,2,Dusk/Dawn,192157,1,2,0,2,0,0,1,5,Not at intersection,3,100,192157.0,N,2296299.433,2369404.217,MOYNE,SOUTH WESTERN REGION,Country,-38.15435,142.67581,3264.0
22004038162,21/11/2004,04.00.00,3,Struck animal,1,Sunday,167,STRUCK ANIMAL                        ,VCS,9.0,552,H,11.0,5,Dark No street lights,193522,1,1,0,1,0,0,2,5,Not at intersection,3,80,193522.0,N,2281352.728,2478094.474,NORTHERN GRAMPIANS,WESTERN REGION,Country,-37.171929999999996,142.53742,3381.0
22004040253,8/12/2004,22.00.00,3,Struck animal,4,Wednesday,167,STRUCK ANIMAL                        ,MEL,40.0,344,J,1.0,5,Dark No street lights,193937,1,1,1,0,0,0,1,5,Not at intersection,2,100,193937.0,N,2469827.7,2422287.497,MELTON,METROPOLITAN NORTH WEST REGION,Country,-37.69981,144.65784,3335.0
22005001059,20/12/2004,03.15.00,3,Struck animal,2,Monday,167,STRUCK ANIMAL                        ,VCS,9.0,522,H,9.0,6,Dark Street lights unknown,194361,2,3,0,2,0,1,1,5,Not at intersection,3,60,194361.0,N,2418728.869,2405417.276,GOLDEN PLAINS,SOUTH WESTERN REGION,Small Towns,-37.84875,144.07654,3333.0
22005002802,14/01/2005,05.50.00,3,Struck animal,6,Friday,167,STRUCK ANIMAL                        ,VCS,9.0,91,G,7.0,2,Dusk/Dawn,194900,1,1,1,0,0,0,1,5,Not at intersection,2,100,194900.0,N,2355342.31,2351133.929,COLAC OTWAY,SOUTH WESTERN REGION,Country,-38.330009999999994,143.3457,3260.0
22005005754,23/01/2005,17.00.00,3,Struck animal,1,Sunday,167,STRUCK ANIMAL                        ,VCS,9.0,91,E,6.0,1,Day,195099,1,2,1,1,0,0,2,5,Not at intersection,2,100,195099.0,N,2342644.023,2355953.975,CORANGAMITE,SOUTH WESTERN REGION,Country,-38.28453,143.20155,3260.0
22005006139,10/02/2005,21.05.00,3,Struck animal,5,Thursday,167,STRUCK ANIMAL                        ,VCS,9.0,58,A,3.0,5,Dark No street lights,195249,1,1,1,0,0,0,1,5,Not at intersection,2,100,195249.0,N,2368766.51,2487926.831,PYRENEES,WESTERN REGION,Country,-37.09963,143.52345,3467.0
22005007942,12/02/2005,23.30.00,3,Struck animal,7,Saturday,167,STRUCK ANIMAL                        ,VCS,9.0,92,E,6.0,5,Dark No street lights,195628,1,2,0,2,0,0,1,5,Not at intersection,3,100,195628.0,N,2392458.653,2354866.533,COLAC OTWAY,SOUTH WESTERN REGION,Country,-38.30146,143.77065,3242.0
22005009301,1/03/2005,06.25.00,3,Struck animal,3,Tuesday,167,STRUCK ANIMAL                        ,VCS,9.0,76,D,2.0,2,Dusk/Dawn,195749,1,2,0,2,0,0,2,5,Not at intersection,3,100,195749.0,N,2387556.929,2437086.394,BALLARAT,WESTERN REGION,Country,-37.560179999999995,143.72718999999998,3352.0
22005010068,13/03/2005,15.00.00,3,Struck animal,1,Sunday,167,STRUCK ANIMAL                        ,VCS,9.0,75,H,5.0,1,Day,195955,1,1,0,1,0,0,2,5,Not at intersection,3,100,195955.0,N,2361072.848,2422116.387,CORANGAMITE,SOUTH WESTERN REGION,Country,-37.69149,143.42465,3361.0
22005010306,9/03/2005,16.15.00,3,Struck animal,4,Wednesday,167,STRUCK ANIMAL                        ,VCS,9.0,56,A,6.0,1,Day,195985,1,2,2,0,0,0,1,5,Not at intersection,2,100,195985.0,N,2281557.227,2468318.918,NORTHERN GRAMPIANS,WESTERN REGION,Country,-37.260040000000004,142.53687,3381.0
22005010684,8/03/2005,07.00.00,3,Struck animal,3,Tuesday,167,STRUCK ANIMAL                        ,VCS,9.0,59,F,6.0,2,Dusk/Dawn,196042,1,1,0,1,0,0,2,5,Not at intersection,3,100,196042.0,N,2437267.681,2468700.685,HEPBURN,WESTERN REGION,Country,-37.27997,144.29253,3461.0
22005011417,2/03/2005,22.15.00,3,Struck animal,4,Wednesday,167,STRUCK ANIMAL                        ,VCS,9.0,435,G,7.0,5,Dark No street lights,196210,1,1,0,1,0,0,2,5,Not at intersection,3,999,196210.0,N,2451103.289,2413451.622,MOORABOOL,WESTERN REGION,Country,-37.77863,144.44492,3340.0
22005013228,11/04/2005,06.15.00,3,Struck animal,2,Monday,167,STRUCK ANIMAL                        ,VCS,9.0,42,F,5.0,2,Dusk/Dawn,196531,1,1,0,1,0,0,2,5,Not at intersection,3,100,196531.0,N,2345446.485,2527035.269,NORTHERN GRAMPIANS,WESTERN REGION,Country,-36.74369,143.26912,3477.0
22005014040,19/02/2005,12.45.00,3,Struck animal,7,Saturday,167,STRUCK ANIMAL                        ,VCS,9.0,76,E,2.0,1,Day,196714,1,1,0,1,0,0,2,5,Not at intersection,3,60,196714.0,N,2390536.82,2440409.221,BALLARAT,WESTERN REGION,Country,-37.530590000000004,143.76141,3352.0
22005014902,27/04/2005,02.40.00,3,Struck animal,4,Wednesday,167,STRUCK ANIMAL                        ,VCS,9.0,550,H,11.0,5,Dark No street lights,197123,1,1,0,1,0,0,1,5,Not at intersection,3,60,197123.0,N,2303681.575,2489719.308,NORTHERN GRAMPIANS,WESTERN REGION,Other Towns,-37.07213,142.79185,3380.0
22005015581,27/04/2005,05.20.00,3,Struck animal,4,Wednesday,167,STRUCK ANIMAL                        ,VCS,9.0,90,F,4.0,5,Dark No street lights,197059,1,1,0,1,0,0,1,5,Not at intersection,3,100,197059.0,N,2312075.214,2372870.018,MOYNE,SOUTH WESTERN REGION,Country,-38.12647,142.85664,3264.0
22005016115,8/05/2005,18.07.00,3,Struck animal,1,Sunday,167,STRUCK ANIMAL                        ,MEL,40.0,359,K,10.0,5,Dark No street lights,196564,1,1,0,0,1,0,1,5,Not at intersection,1,90,196564.0,N,2474105.79,2408812.021,WYNDHAM,METROPOLITAN NORTH WEST REGION,Country,-37.82136,144.70588,3029.0
22005017265,8/05/2005,06.45.00,3,Struck animal,1,Sunday,167,STRUCK ANIMAL                        ,VCS,9.0,56,A,4.0,2,Dusk/Dawn,25334,1,1,1,0,0,0,2,2,T intersection,2,100,25334.0,N,2283149.955,2481966.606,NORTHERN GRAMPIANS,WESTERN REGION,Country,-37.13746,142.55876999999998,3381.0
22005021412,8/06/2005,08.00.00,3,Struck animal,4,Wednesday,171,LEFT OFF CARRIAGEWAY INTO OBJECT/PARKED VEHICLE       ,VCS,9.0,91,B,9.0,2,Dusk/Dawn,197946,1,1,0,1,0,0,2,5,Not at intersection,3,100,197946.0,N,2327604.434,2336781.202,CORANGAMITE,SOUTH WESTERN REGION,Country,-38.45451,143.02517,3267.0
22005022364,12/06/2005,17.50.00,3,Struck animal,1,Sunday,167,STRUCK ANIMAL                        ,VCS,9.0,54,B,8.0,2,Dusk/Dawn,198147,1,1,0,1,0,0,2,5,Not at intersection,3,100,198147.0,N,2196104.271,2450644.619,SOUTHERN GRAMPIANS,SOUTH WESTERN REGION,Country,-37.3954,141.56685,3315.0
22005022544,25/06/2005,12.30.00,3,Struck animal,7,Saturday,167,STRUCK ANIMAL                        ,VCS,9.0,59,E,8.0,1,Day,199302,1,1,1,0,0,0,1,5,Not at intersection,2,100,199302.0,N,2433196.548,2452011.925,MOORABOOL,WESTERN REGION,Country,-37.43007,144.24512,3461.0
22005022680,27/06/2005,05.10.00,3,Struck animal,2,Monday,167,STRUCK ANIMAL                        ,VCS,9.0,90,C,7.0,5,Dark No street lights,198005,1,1,0,1,0,0,2,5,Not at intersection,3,100,198005.0,N,2294631.294,2347112.232,MOYNE,SOUTH WESTERN REGION,Country,-38.354729999999996,142.65051,3264.0
22005024028,21/06/2005,17.40.00,3,Struck animal,3,Tuesday,167,STRUCK ANIMAL                        ,VCS,9.0,566,F,3.0,3,Dark Street lights on,198343,2,3,0,1,0,2,1,5,Not at intersection,3,60,198343.0,N,2399913.042,2439609.477,BALLARAT,WESTERN REGION,Large Provincial Cities,-37.53885,143.86738,3350.0
22005029721,21/08/2005,22.15.00,3,Struck animal,1,Sunday,167,STRUCK ANIMAL                        ,VCS,9.0,91,E,6.0,5,Dark No street lights,199196,1,2,2,0,0,0,1,5,Not at intersection,2,100,199196.0,N,2341493.916,2359312.504,CORANGAMITE,SOUTH WESTERN REGION,Country,-38.25408,143.18913999999998,3260.0
22005029727,17/08/2005,00.30.00,3,Struck animal,4,Wednesday,167,STRUCK ANIMAL                        ,VCS,9.0,59,C,8.0,5,Dark No street lights,199195,1,1,0,1,0,0,2,5,Not at intersection,3,80,199195.0,N,2422096.46,2453806.71,HEPBURN,WESTERN REGION,Country,-37.41304,144.11989,3461.0
22005030882,28/08/2005,18.15.00,3,Struck animal,1,Sunday,167,STRUCK ANIMAL                        ,VCS,9.0,100,F,9.0,2,Dusk/Dawn,199440,1,1,0,1,0,0,1,5,Not at intersection,3,100,199440.0,N,2322020.962,2318770.849,CORANGAMITE,SOUTH WESTERN REGION,Country,-38.61562,142.9568,3269.0
22005034878,25/09/2005,15.30.00,3,Struck animal,1,Sunday,167,STRUCK ANIMAL                        ,VCS,9.0,77,F,2.0,1,Day,200030,1,1,0,1,0,0,1,5,Not at intersection,3,90,200030.0,N,2438734.064,2442285.688,MOORABOOL,WESTERN REGION,Small Towns,-37.51809,144.3069,3341.0
22005036140,15/10/2005,21.00.00,3,Struck animal,7,Saturday,167,STRUCK ANIMAL                        ,VCS,9.0,59,C,8.0,5,Dark No street lights,200241,1,1,1,0,0,0,1,5,Not at intersection,2,100,200241.0,N,2422354.373,2455630.357,HEPBURN,WESTERN REGION,Country,-37.39663,144.12299,3461.0
22005037638,17/10/2005,17.00.00,3,Struck animal,2,Monday,167,STRUCK ANIMAL                        ,VCS,9.0,89,H,7.0,1,Day,202896,1,1,1,0,0,0,1,5,Not at intersection,2,100,202896.0,N,2275238.287,2346988.123,MOYNE,SOUTH WESTERN REGION,Small Provincial Cities,-38.35134,142.42871,3280.0
22005041182,24/11/2005,21.15.00,3,Struck animal,5,Thursday,167,STRUCK ANIMAL                        ,VCS,9.0,582,B,11.0,5,Dark No street lights,201229,1,1,1,0,0,0,1,5,Not at intersection,2,100,201229.0,N,2422351.409,2460800.049,HEPBURN,WESTERN REGION,Country,-37.35004,144.1235,3461.0
32000004832,12/01/2000,21.30.00,3,Struck animal,4,Wednesday,167,STRUCK ANIMAL                        ,MEL,40.0,30,K,7.0,3,Dark Street lights on,29498,1,1,1,0,0,0,2,2,T intersection,2,60,29498.0,I,2501500.95,2415092.339,DAREBIN,METROPOLITAN NORTH WEST REGION,Metropolitan Excluding CBD,-37.76513,145.01703999999998,3071.0
32000004978,3/02/2000,00.01.00,3,Struck animal,5,Thursday,167,STRUCK ANIMAL                        ,VCS,9.0,44,D,7.0,5,Dark No street lights,221791,1,1,1,0,0,0,1,5,Not at intersection,2,100,221791.0,N,2424331.31,2519892.789,BENDIGO,NORTHERN REGION,Country,-36.817679999999996,144.15178999999998,3551.0
32000007418,23/02/2000,17.00.00,3,Struck animal,4,Wednesday,167,STRUCK ANIMAL                        ,VCS,9.0,32,B,2.0,9,Unknown,18104,1,1,1,0,0,0,2,5,Not at intersection,2,100,18104.0,N,2504683.669,2608525.695,MOIRA,NORTH EASTERN REGION,Country,-36.0219,145.05196,3639.0
32000008194,14/02/2000,21.50.00,3,Struck animal,2,Monday,167,STRUCK ANIMAL                        ,VCS,9.0,32,J,2.0,5,Dark No street lights,162524,1,2,2,0,0,0,1,5,Not at intersection,2,100,162524.0,N,2543124.178,2607405.569,MOIRA,NORTH EASTERN REGION,Country,-36.03103,145.47848,3640.0
32000012183,12/03/2000,06.45.00,3,Struck animal,1,Sunday,167,STRUCK ANIMAL                        ,VCS,9.0,23,A,7.0,2,Dusk/Dawn,162528,1,4,0,1,0,3,2,5,Not at intersection,3,100,162528.0,N,2550491.734,2626460.381,MOIRA,NORTH EASTERN REGION,Country,-35.858940000000004,145.55898,3644.0
32000014547,22/04/2000,01.40.00,3,Struck animal,7,Saturday,167,STRUCK ANIMAL                        ,VCS,9.0,31,D,8.0,5,Dark No street lights,51914,1,2,0,1,0,1,1,2,T intersection,3,100,51914.0,I,2476431.832,2568407.711,CAMPASPE,NORTHERN REGION,Country,-36.383179999999996,144.73731,3561.0
32000015057,27/04/2000,06.15.00,3,Struck animal,5,Thursday,167,STRUCK ANIMAL                        ,VCS,9.0,46,D,3.0,2,Dusk/Dawn,161757,1,1,0,1,0,0,2,5,Not at intersection,3,100,161757.0,N,2513582.656,2544015.385,SHEPPARTON,NORTH EASTERN REGION,Country,-36.60322,145.15183000000002,3610.0
32000015656,21/04/2000,17.45.00,3,Struck animal,6,Friday,167,STRUCK ANIMAL                        ,VCS,9.0,43,E,3.0,2,Dusk/Dawn,169033,1,1,0,1,0,0,2,5,Not at intersection,3,100,169033.0,N,2388842.947,2542722.742,LODDON,NORTHERN REGION,Country,-36.60843,143.75736,3517.0
32000019771,14/05/2000,17.55.00,3,Struck animal,1,Sunday,167,STRUCK ANIMAL                        ,VCS,9.0,33,B,2.0,5,Dark No street lights,161759,1,1,0,1,0,0,1,3,Y intersection,3,100,161759.0,N,2553916.222,2604655.498,MOIRA,NORTH EASTERN REGION,Country,-36.05527,145.59841,3636.0
32000022759,26/06/2000,09.00.00,3,Struck animal,2,Monday,167,STRUCK ANIMAL                        ,VCS,9.0,21,E,7.0,1,Day,169078,1,1,0,1,0,0,1,5,Not at intersection,3,100,169078.0,N,2427557.236,2624723.399,GANNAWARRA,NORTHERN REGION,Country,-35.87318,144.19785,3568.0
32000023181,6/07/2000,17.10.00,3,Struck animal,5,Thursday,167,STRUCK ANIMAL                        ,VCS,9.0,667,Q,11.0,2,Dusk/Dawn,162562,1,1,0,1,0,0,2,5,Not at intersection,3,80,162562.0,N,2559548.196,2618383.743,MOIRA,NORTH EASTERN REGION,Other Towns,-35.93121,145.65986,3644.0
32000023490,6/07/2000,19.40.00,3,Struck animal,5,Thursday,167,STRUCK ANIMAL                        ,VCS,9.0,46,H,2.0,5,Dark No street lights,162563,1,2,0,1,0,1,1,5,Not at intersection,3,100,162563.0,N,2533869.526,2553609.651,SHEPPARTON,NORTH EASTERN REGION,Country,-36.51624,145.37816999999998,3631.0
32000024198,22/05/2000,22.00.00,3,Struck animal,2,Monday,167,STRUCK ANIMAL                        ,VCS,9.0,44,H,4.0,5,Dark No street lights,168190,1,1,1,0,0,0,1,5,Not at intersection,2,100,168190.0,N,2448941.375,2539422.023,BENDIGO,NORTHERN REGION,Country,-36.64333,144.42896000000002,3557.0
32000029117,24/08/2000,01.50.00,3,Struck animal,5,Thursday,167,STRUCK ANIMAL                        ,MEL,40.0,386,D,8.0,5,Dark No street lights,130088,1,3,0,3,0,0,1,5,Not at intersection,3,100,130088.0,N,2491568.109,2434200.09,HUME,METROPOLITAN NORTH WEST REGION,Metropolitan Excluding CBD,-37.59292,144.90452,3064.0
32000029613,26/08/2000,18.35.00,3,Struck animal,7,Saturday,167,STRUCK ANIMAL                        ,MEL,40.0,678,F,5.0,5,Dark No street lights,151681,1,1,0,1,0,0,1,5,Not at intersection,3,80,151681.0,N,2464802.661,2445170.897,MACEDON RANGES,NORTHERN REGION,Other Towns,-37.49344,144.60193999999998,3437.0
32000029617,1/09/2000,06.30.00,3,Struck animal,6,Friday,167,STRUCK ANIMAL                        ,VCS,9.0,32,B,6.0,5,Dark No street lights,169123,1,1,1,0,0,0,1,5,Not at intersection,2,100,169123.0,N,2501763.233,2582702.248,CAMPASPE,NORTHERN REGION,Country,-36.25464,145.01962,3621.0
32000029816,4/09/2000,04.10.00,3,Struck animal,2,Monday,167,STRUCK ANIMAL                        ,VCS,9.0,59,C,2.0,5,Dark No street lights,169125,1,1,0,1,0,0,1,5,Not at intersection,3,100,169125.0,N,2421154.699,2495371.113,MOUNT ALEXANDER,NORTHERN REGION,Country,-37.03841,144.11362,3451.0
32000030309,27/08/2000,02.00.00,3,Struck animal,1,Sunday,167,STRUCK ANIMAL                        ,VCS,9.0,46,E,2.0,5,Dark No street lights,162579,1,3,0,1,0,2,2,5,Not at intersection,3,100,162579.0,N,2519942.55,2548532.31,SHEPPARTON,NORTH EASTERN REGION,Country,-36.5624,145.2228,3610.0
32000032647,25/09/2000,06.45.00,3,Struck animal,2,Monday,167,STRUCK ANIMAL                        ,VCS,9.0,44,H,6.0,2,Dusk/Dawn,169142,1,1,0,1,0,0,2,5,Not at intersection,3,100,169142.0,N,2449728.967,2524836.557,BENDIGO,NORTHERN REGION,Country,-36.77482,144.4368,3551.0
32000034766,9/10/2000,21.30.00,3,Struck animal,2,Monday,167,STRUCK ANIMAL                        ,VCS,9.0,21,F,8.0,5,Dark No street lights,168201,1,1,0,1,0,0,1,5,Not at intersection,3,100,168201.0,N,2433297.405,2622696.403,GANNAWARRA,NORTHERN REGION,Country,-35.891870000000004,144.26123,3567.0
32000039103,23/08/2000,18.00.00,3,Struck animal,4,Wednesday,167,STRUCK ANIMAL                        ,VCS,9.0,614,E,5.0,2,Dusk/Dawn,169191,1,1,0,1,0,0,2,5,Not at intersection,3,60,169191.0,N,2438988.656,2521108.814,BENDIGO,NORTHERN REGION,Country,-36.807790000000004,144.31618,3551.0
32000039105,17/11/2000,20.00.00,3,Struck animal,6,Friday,167,STRUCK ANIMAL                        ,VCS,9.0,1,F,6.0,2,Dusk/Dawn,182281,1,1,0,1,0,0,1,5,Not at intersection,3,110,182281.0,N,2158766.337,2795716.096,MILDURA,WESTERN REGION,Country,-34.275529999999996,141.29701,3496.0
32000040772,3/12/2000,03.30.00,3,Struck animal,1,Sunday,167,STRUCK ANIMAL                        ,VCS,9.0,32,E,3.0,5,Dark No street lights,162606,1,1,1,0,0,0,1,5,Not at intersection,2,100,162606.0,N,2518358.78,2600517.055,MOIRA,NORTH EASTERN REGION,Country,-36.09391,145.20386000000002,3638.0
32001000837,20/12/2000,12.30.00,3,Struck animal,4,Wednesday,167,STRUCK ANIMAL                        ,MEL,40.0,365,H,7.0,1,Day,131673,1,1,0,1,0,0,1,5,Not at intersection,3,60,131673.0,N,2489193.363,2439218.154,HUME,METROPOLITAN NORTH WEST REGION,Country,-37.54768,144.8777,3064.0
32001002720,20/08/2000,20.45.00,3,Struck animal,1,Sunday,167,STRUCK ANIMAL                        ,VCS,9.0,59,J,4.0,5,Dark No street lights,168218,1,1,0,1,0,0,2,5,Not at intersection,3,100,168218.0,N,2450848.742,2484662.653,MOUNT ALEXANDER,NORTHERN REGION,Country,-37.13693,144.44673,3448.0
32001003042,5/01/2001,21.00.00,3,Struck animal,6,Friday,167,STRUCK ANIMAL                        ,VCS,9.0,44,J,8.0,2,Dusk/Dawn,168222,1,1,1,0,0,0,2,5,Not at intersection,2,100,168222.0,N,2453861.196,2506907.624,BENDIGO,NORTHERN REGION,Country,-36.93662,144.482,3551.0
32001003656,14/01/2001,10.00.00,3,Struck animal,1,Sunday,167,STRUCK ANIMAL                        ,VCS,9.0,45,E,9.0,1,Day,19708,1,1,0,1,0,0,2,5,Not at intersection,3,100,19708.0,N,2483417.604,2500622.362,MITCHELL,NORTHERN REGION,Country,-36.994240000000005,144.81368999999998,3662.0
32001006174,3/02/2001,21.00.00,3,Struck animal,7,Saturday,167,STRUCK ANIMAL                        ,VCS,9.0,8,D,5.0,5,Dark No street lights,168227,1,1,1,0,0,0,1,5,Not at intersection,2,100,168227.0,N,2333716.275,2748483.517,SWAN HILL,NORTHERN REGION,Country,-34.74648,143.18506000000002,3599.0
32001006563,10/02/2001,06.20.00,3,Struck animal,7,Saturday,167,STRUCK ANIMAL                        ,VCS,9.0,615,M,4.0,2,Dusk/Dawn,169253,1,1,0,1,0,0,2,5,Not at intersection,3,60,169253.0,N,2442253.844,2521336.903,BENDIGO,NORTHERN REGION,Large Provincial Cities,-36.80594,144.35279,3551.0
32001009484,13/03/2001,05.30.00,3,Struck animal,3,Tuesday,167,STRUCK ANIMAL                        ,VCS,9.0,44,F,7.0,5,Dark No street lights,169275,1,1,0,1,0,0,2,5,Not at intersection,3,100,169275.0,N,2436494.442,2517165.749,BENDIGO,NORTHERN REGION,Country,-36.84316,144.2879,3551.0
32001009598,17/03/2001,22.25.00,3,Struck animal,7,Saturday,167,STRUCK ANIMAL                        ,,,,,,5,Dark No street lights,-3,1,1,0,1,0,0,1,5,Not at intersection,3,100,,,,,,,,,,
32001011777,4/04/2001,05.35.00,3,Struck animal,4,Wednesday,167,STRUCK ANIMAL                        ,VCS,9.0,32,J,5.0,3,Dark Street lights on,50935,1,1,0,1,0,0,1,1,Cross intersection,3,100,50935.0,I,2544497.868,2584878.612,SHEPPARTON,NORTH EASTERN REGION,Country,-36.233990000000006,145.49501999999998,3634.0