ACCIDENT_NO,ACCIDENT_DATE,ACCIDENT_TIME,ACCIDENT_TYPE,ACCIDENT_TYPE_DESC,DAY_OF_WEEK,DAY_WEEK_DESC,DCA_CODE,DCA_DESC,DIRECTORY,EDITION,PAGE,GRID_REFERENCE_X,GRID_REFERENCE_Y,LIGHT_CONDITION,LIGHT_CONDITION_DESC,NODE_ID_x,NO_OF_VEHICLES,NO_PERSONS,NO_PERSONS_INJ_2,NO_PERSONS_INJ_3,NO_PERSONS_KILLED,NO_PERSONS_NOT_INJ,POLICE_ATTEND,ROAD_GEOMETRY,ROAD_GEOMETRY_DESC,SEVERITY,SPEED_ZONE,NODE_ID_y,NODE_TYPE,AMG_X,AMG_Y,LG_AREA_NAME,REGION_NAME,DEG_URBAN_NAME,LATITUDE,LONGITUDE,POSTCODE
32001013248,3/04/2001,21.45.00,3,Struck animal,3,Tuesday,167,STRUCK ANIMAL                        ,VCS,9.0,44,F,7.0,5,Dark No street lights,169306,1,1,1,0,0,0,2,5,Not at intersection,2,100,169306.0,N,2436177.131,2516947.731,BENDIGO,NORTHERN REGION,Country,-36.8451,144.28432,3551.0
32001014186,27/04/2001,16.30.00,3,Struck animal,6,Friday,167,STRUCK ANIMAL                        ,MEL,40.0,8,B,11.0,1,Day,46930,1,1,0,1,0,0,2,2,T intersection,3,50,46930.0,I,2498278.236,2423041.481,DAREBIN,METROPOLITAN NORTH WEST REGION,Metropolitan Excluding CBD,-37.693509999999996,144.98048,3073.0
32001017222,20/04/2001,22.00.00,3,Struck animal,6,Friday,167,STRUCK ANIMAL                        ,VCS,9.0,44,H,4.0,5,Dark No street lights,20459,1,3,0,1,0,2,2,5,Not at intersection,3,100,20459.0,N,2446118.663,2534967.303,BENDIGO,NORTHERN REGION,Country,-36.68332,144.39708000000002,3551.0
32001018807,23/05/2001,08.00.00,3,Struck animal,4,Wednesday,167,STRUCK ANIMAL                        ,VCS,9.0,1,E,6.0,2,Dusk/Dawn,182310,1,1,0,1,0,0,2,5,Not at intersection,3,110,182310.0,N,2154137.801,2795626.079,MILDURA,WESTERN REGION,Country,-34.27471,141.2468,3496.0
32001021036,14/06/2001,15.15.00,3,Struck animal,5,Thursday,167,STRUCK ANIMAL                        ,MEL,40.0,352,B,4.0,1,Day,46781,1,1,1,0,0,0,2,2,T intersection,2,60,46781.0,I,2474899.433,2430920.496,MELTON,METROPOLITAN NORTH WEST REGION,Other Towns,-37.62218,144.71565,3427.0
32001021185,18/06/2001,02.50.00,3,Struck animal,2,Monday,167,STRUCK ANIMAL                        ,VCS,9.0,32,D,5.0,5,Dark No street lights,168245,2,2,0,1,0,1,1,5,Not at intersection,3,100,168245.0,N,2511778.413,2585960.362,CAMPASPE,NORTHERN REGION,Country,-36.22521,145.13102,3620.0
32001022245,1/07/2001,13.20.00,3,Struck animal,1,Sunday,167,STRUCK ANIMAL                        ,MEL,40.0,387,D,11.0,1,Day,14108,4,8,0,1,0,7,1,5,Not at intersection,3,90,14108.0,N,2495198.3,2432974.802,HUME,METROPOLITAN NORTH WEST REGION,Metropolitan Excluding CBD,-37.60399,144.94562,3064.0
32001024988,26/02/2001,02.00.00,3,Struck animal,2,Monday,167,STRUCK ANIMAL                        ,VCS,9.0,44,C,4.0,6,Dark Street lights unknown,33726,1,1,0,1,0,0,2,1,Cross intersection,3,100,33726.0,I,2416756.704,2534886.525,BENDIGO,NORTHERN REGION,Country,-36.68192,144.06853,3516.0
32001025192,3/08/2001,01.00.00,3,Struck animal,6,Friday,167,STRUCK ANIMAL                        ,VCS,9.0,32,H,7.0,5,Dark No street lights,162694,1,1,0,1,0,0,1,5,Not at intersection,3,100,162694.0,N,2535653.722,2574617.551,SHEPPARTON,NORTH EASTERN REGION,Country,-36.326840000000004,145.39711,3631.0
32001028987,9/09/2001,07.55.00,3,Struck animal,1,Sunday,167,STRUCK ANIMAL                        ,VCS,9.0,22,E,9.0,1,Day,161775,1,5,1,1,0,3,1,5,Not at intersection,2,100,161775.0,N,2518994.143,2614420.512,MOIRA,NORTH EASTERN REGION,Country,-35.9686,145.21058,3638.0
32001029474,1/09/2001,15.30.00,3,Struck animal,7,Saturday,167,STRUCK ANIMAL                        ,VCS,9.0,10,H,2.0,1,Day,182329,1,1,1,0,0,0,2,5,Not at intersection,2,100,182329.0,N,2226038.527,2712787.405,MILDURA,WESTERN REGION,Country,-35.04345,141.99813,3507.0
32001030443,22/09/2001,14.45.00,3,Struck animal,7,Saturday,167,STRUCK ANIMAL                        ,VCS,9.0,44,F,9.0,1,Day,20467,1,1,1,0,0,0,1,5,Not at intersection,2,100,20467.0,N,2434966.356,2502930.396,MOUNT ALEXANDER,NORTHERN REGION,Country,-36.971340000000005,144.26953999999998,3453.0
32001031246,26/09/2001,03.30.00,3,Struck animal,4,Wednesday,167,STRUCK ANIMAL                        ,VCS,9.0,21,G,9.0,5,Dark No street lights,51906,1,1,0,1,0,0,2,2,T intersection,3,100,51906.0,I,2440966.764,2616749.644,CAMPASPE,NORTHERN REGION,Country,-35.94597,144.34572,3566.0
32001032358,10/10/2001,14.00.00,3,Struck animal,4,Wednesday,167,STRUCK ANIMAL                        ,VCS,9.0,43,F,6.0,1,Day,168257,1,1,1,0,0,0,1,5,Not at intersection,2,100,168257.0,N,2396207.629,2522018.437,LODDON,NORTHERN REGION,Country,-36.79585,143.83685,3551.0
32001035878,2/11/2001,20.55.00,3,Struck animal,6,Friday,167,STRUCK ANIMAL                        ,VCS,9.0,34,D,3.0,1,Day,162723,1,1,1,0,0,0,1,5,Not at intersection,2,100,162723.0,N,2606717.743,2602758.177,MOIRA,NORTH EASTERN REGION,Country,-36.06791,146.18466999999998,3730.0
32001036058,16/09/2001,18.15.00,3,Struck animal,1,Sunday,167,STRUCK ANIMAL                        ,VCS,9.0,415,J,2.0,2,Dusk/Dawn,151751,1,1,1,0,0,0,2,5,Not at intersection,2,100,151751.0,N,2477639.767,2471745.318,MACEDON RANGES,NORTHERN REGION,Country,-37.25436,144.74792,3435.0
32001038470,30/11/2001,13.30.00,3,Struck animal,6,Friday,167,STRUCK ANIMAL                        ,VCS,9.0,59,G,4.0,1,Day,169483,1,2,0,1,0,1,2,5,Not at intersection,3,100,169483.0,N,2441706.327,2485511.451,MOUNT ALEXANDER,NORTHERN REGION,Country,-37.12876,144.34389,3447.0
32001039869,15/12/2001,17.10.00,3,Struck animal,7,Saturday,167,STRUCK ANIMAL                        ,VCS,9.0,14,A,6.0,1,Day,169502,1,2,0,1,0,1,1,5,Not at intersection,3,100,169502.0,N,2364595.418,2690466.224,SWAN HILL,NORTHERN REGION,Country,-35.273959999999995,143.51214,3586.0
32002001902,29/12/2001,22.45.00,3,Struck animal,7,Saturday,167,STRUCK ANIMAL                        ,MEL,40.0,390,J,5.0,5,Dark No street lights,108779,1,2,1,0,0,1,1,5,Not at intersection,2,100,108779.0,N,2509163.621,2435353.549,WHITTLESEA,METROPOLITAN NORTH WEST REGION,Country,-37.58252,145.10376000000002,3754.0
32002001974,1/01/2002,21.35.00,3,Struck animal,3,Tuesday,167,STRUCK ANIMAL                        ,VCS,9.0,425,B,7.0,5,Dark No street lights,151764,1,5,0,5,0,0,1,5,Not at intersection,3,100,151764.0,N,2462288.443,2438546.914,MACEDON RANGES,NORTHERN REGION,Country,-37.55303,144.57317,3437.0
32002002490,7/01/2002,04.45.00,3,Struck animal,2,Monday,167,STRUCK ANIMAL                        ,MEL,40.0,390,B,9.0,4,Dark Street lights off,136154,1,1,0,1,0,0,2,5,Not at intersection,3,100,136154.0,N,2506222.614,2433674.025,WHITTLESEA,METROPOLITAN NORTH WEST REGION,Country,-37.59768,145.07047,3754.0
32002004844,31/01/2002,19.00.00,3,Struck animal,5,Thursday,167,STRUCK ANIMAL                        ,VCS,9.0,33,D,6.0,2,Dusk/Dawn,162755,1,1,1,0,0,0,1,5,Not at intersection,2,100,162755.0,N,2562185.234,2577968.627,MOIRA,NORTH EASTERN REGION,Country,-36.29527,145.69234,3646.0
32002006340,10/02/2002,22.50.00,3,Struck animal,1,Sunday,167,STRUCK ANIMAL                        ,VCS,9.0,22,D,9.0,5,Dark No street lights,162761,1,2,0,2,0,0,1,5,Not at intersection,3,100,162761.0,N,2516198.709,2611047.409,MOIRA,NORTH EASTERN REGION,Country,-35.99905,145.17966,3638.0
32002007716,19/02/2002,07.00.00,3,Struck animal,3,Tuesday,167,STRUCK ANIMAL                        ,VCS,9.0,604,K,5.0,2,Dusk/Dawn,20476,1,1,0,1,0,0,2,5,Not at intersection,3,100,20476.0,N,2441631.779,2532786.7,BENDIGO,NORTHERN REGION,Country,-36.702709999999996,144.3467,3551.0
32002007943,1/03/2002,06.30.00,3,Struck animal,6,Friday,167,STRUCK ANIMAL                        ,VCS,9.0,33,C,4.0,2,Dusk/Dawn,162770,1,1,0,1,0,0,1,5,Not at intersection,3,100,162770.0,N,2556617.606,2593262.343,MOIRA,NORTH EASTERN REGION,Country,-36.157790000000006,145.62923,3636.0
32002008856,11/03/2002,06.30.00,3,Struck animal,2,Monday,167,STRUCK ANIMAL                        ,VCS,9.0,31,E,4.0,5,Dark No street lights,168274,1,1,0,1,0,0,1,5,Not at intersection,3,100,168274.0,N,2481792.043,2592924.086,CAMPASPE,NORTHERN REGION,Country,-36.16235,144.79763,3564.0
32002008925,27/02/2002,17.15.00,3,Struck animal,4,Wednesday,167,STRUCK ANIMAL                        ,VCS,9.0,417,G,11.0,1,Day,137373,1,1,1,0,0,0,2,5,Not at intersection,2,100,137373.0,O,2509234.5966,2453315.7458,WHITTLESEA,METROPOLITAN NORTH WEST REGION,Country,-37.42066,145.10433999999998,3757.0
32002009535,11/03/2002,11.30.00,3,Struck animal,2,Monday,167,STRUCK ANIMAL                        ,VCS,9.0,45,D,9.0,1,Day,169566,1,2,0,2,0,0,2,5,Not at intersection,3,100,169566.0,N,2476730.975,2505383.153,BENDIGO,NORTHERN REGION,Country,-36.9512,144.73871,3523.0
32002011672,31/03/2002,21.20.00,3,Struck animal,1,Sunday,167,STRUCK ANIMAL                        ,VCS,9.0,600,B,11.0,5,Dark No street lights,168278,1,1,1,0,0,0,1,5,Not at intersection,2,100,168278.0,N,2437788.634,2535674.414,BENDIGO,NORTHERN REGION,Country,-36.67644,144.30392,3551.0
32002011681,24/03/2002,00.50.00,3,Struck animal,1,Sunday,167,STRUCK ANIMAL                        ,VCS,9.0,613,L,12.0,5,Dark No street lights,169580,1,2,1,1,0,0,1,5,Not at intersection,2,100,169580.0,N,2431962.2,2517711.273,BENDIGO,NORTHERN REGION,Country,-36.837920000000004,144.23713,3555.0
32002012633,16/02/2002,09.30.00,3,Struck animal,7,Saturday,167,STRUCK ANIMAL                        ,VCS,9.0,607,L,3.0,1,Day,169586,1,1,1,0,0,0,2,5,Not at intersection,2,80,169586.0,N,2432460.828,2528033.998,BENDIGO,NORTHERN REGION,Large Provincial Cities,-36.74493,144.24364,3550.0
32002015271,13/04/2002,13.00.00,3,Struck animal,7,Saturday,167,STRUCK ANIMAL                        ,VCS,9.0,8,C,6.0,1,Day,19891,1,1,0,1,0,0,2,5,Not at intersection,3,100,19891.0,N,2326049.866,2746313.076,SWAN HILL,NORTHERN REGION,Country,-34.76469,143.10093,3599.0
32002017293,18/04/2002,18.50.00,3,Struck animal,5,Thursday,167,STRUCK ANIMAL                        ,VCS,9.0,606,J,10.0,5,Dark No street lights,169619,2,5,0,0,1,4,1,5,Not at intersection,1,60,169619.0,N,2431014.4,2524472.226,BENDIGO,NORTHERN REGION,Country,-36.776920000000004,144.22711,3551.0
32002017811,20/05/2002,17.45.00,3,Struck animal,2,Monday,167,STRUCK ANIMAL                        ,VCS,9.0,45,D,6.0,2,Dusk/Dawn,169623,1,2,0,2,0,0,1,5,Not at intersection,3,100,169623.0,N,2472585.376,2527236.806,CAMPASPE,NORTHERN REGION,Country,-36.754129999999996,144.69295,3551.0
32002018720,23/05/2002,17.30.00,3,Struck animal,5,Thursday,167,STRUCK ANIMAL                        ,VCS,9.0,3,F,7.0,2,Dusk/Dawn,188111,1,1,1,0,0,0,2,5,Not at intersection,2,100,188111.0,N,2248308.297,2791425.592,MILDURA,WESTERN REGION,Country,-34.341409999999996,142.26674,3496.0
32002018820,31/05/2002,18.45.00,3,Struck animal,6,Friday,167,STRUCK ANIMAL                        ,VCS,9.0,426,B,4.0,5,Dark No street lights,138617,1,4,1,0,3,0,1,5,Not at intersection,1,100,138617.0,N,2478924.203,2442949.697,HUME,METROPOLITAN NORTH WEST REGION,Country,-37.51388,144.76158,3429.0
32002018883,26/05/2002,05.20.00,3,Struck animal,1,Sunday,167,STRUCK ANIMAL                        ,VCS,9.0,59,B,2.0,5,Dark No street lights,169629,1,1,0,1,0,0,2,5,Not at intersection,3,100,169629.0,N,2415589.338,2493963.589,MOUNT ALEXANDER,NORTHERN REGION,Country,-37.05061,144.0509,3462.0
32002023110,3/07/2002,18.30.00,3,Struck animal,4,Wednesday,167,STRUCK ANIMAL                        ,VCS,9.0,32,H,3.0,5,Dark No street lights,162814,1,2,0,1,0,1,1,5,Not at intersection,3,100,162814.0,N,2538901.45,2603375.232,MOIRA,NORTH EASTERN REGION,Country,-36.06754,145.43183,3636.0
32002023350,4/07/2002,18.40.00,3,Struck animal,5,Thursday,167,STRUCK ANIMAL                        ,MEL,40.0,183,G,1.0,5,Dark No street lights,107905,2,3,1,0,0,2,1,5,Not at intersection,2,100,107905.0,N,2508181.111,2431840.737,WHITTLESEA,METROPOLITAN NORTH WEST REGION,Metropolitan Excluding CBD,-37.61418,145.09267,3754.0
32002026108,30/07/2002,19.35.00,3,Struck animal,3,Tuesday,167,STRUCK ANIMAL                        ,MEL,40.0,363,B,12.0,5,Dark No street lights,139654,1,3,3,0,0,0,1,5,Not at intersection,2,100,139654.0,N,2478827.839,2437448.795,HUME,METROPOLITAN NORTH WEST REGION,Country,-37.56345,144.76033999999999,3429.0
32002026110,29/07/2002,07.00.00,3,Struck animal,2,Monday,167,STRUCK ANIMAL                        ,MEL,40.0,352,J,7.0,2,Dusk/Dawn,75530,2,2,0,2,0,0,1,5,Not at intersection,3,100,75530.0,N,2477953.432,2429665.163,HUME,METROPOLITAN NORTH WEST REGION,Country,-37.633559999999996,144.75021,3427.0
32002026876,26/07/2002,05.45.00,3,Struck animal,6,Friday,167,STRUCK ANIMAL                        ,MEL,40.0,10,D,1.0,5,Dark No street lights,139676,1,1,0,1,0,0,2,5,Not at intersection,3,60,139676.0,N,2507124.364,2427239.972,WHITTLESEA,METROPOLITAN NORTH WEST REGION,Metropolitan Excluding CBD,-37.65565,145.08074,3082.0
32002028059,20/08/2002,02.00.00,3,Struck animal,3,Tuesday,167,STRUCK ANIMAL                        ,VCS,9.0,59,C,3.0,5,Dark No street lights,169683,1,1,0,1,0,0,1,5,Not at intersection,3,100,169683.0,N,2421960.132,2489065.698,MOUNT ALEXANDER,NORTHERN REGION,Country,-37.0953,144.12202,3462.0
32002028317,15/04/2002,15.30.00,3,Struck animal,2,Monday,167,STRUCK ANIMAL                        ,,,,,,1,Day,-3,1,1,0,1,0,0,2,5,Not at intersection,3,60,,,,,,,,,,
32002030906,9/09/2002,00.05.00,3,Struck animal,2,Monday,167,STRUCK ANIMAL                        ,VCS,9.0,21,E,7.0,5,Dark No street lights,169694,1,1,0,1,0,0,1,5,Not at intersection,3,100,169694.0,N,2427915.27,2624597.512,GANNAWARRA,NORTHERN REGION,Country,-35.87435,144.2018,3568.0
32002031692,13/09/2002,19.30.00,3,Struck animal,6,Friday,167,STRUCK ANIMAL                        ,VCS,9.0,46,H,2.0,5,Dark No street lights,162839,1,1,0,1,0,0,1,5,Not at intersection,3,100,162839.0,N,2538662.605,2550593.194,SHEPPARTON,NORTH EASTERN REGION,Country,-36.543240000000004,145.43184,3631.0
32002032339,19/09/2002,18.40.00,3,Struck animal,5,Thursday,167,STRUCK ANIMAL                        ,MEL,40.0,657,H,11.0,5,Dark No street lights,151810,1,1,0,1,0,0,1,5,Not at intersection,3,80,151810.0,N,2462852.592,2452625.588,MACEDON RANGES,NORTHERN REGION,Other Towns,-37.426190000000005,144.58026,3440.0
32002033402,5/10/2002,07.20.00,3,Struck animal,7,Saturday,167,STRUCK ANIMAL                        ,VCS,9.0,628,F,8.0,2,Dusk/Dawn,169709,1,1,0,1,0,0,1,5,Not at intersection,3,50,169709.0,N,2429766.891,2491504.943,MOUNT ALEXANDER,NORTHERN REGION,Other Towns,-37.07393,144.21007,3450.0
32002033742,5/10/2002,08.50.00,3,Struck animal,7,Saturday,167,STRUCK ANIMAL                        ,MEL,40.0,386,H,1.0,1,Day,141140,2,3,1,2,0,0,1,5,Not at intersection,2,80,141140.0,N,2493163.478,2437020.442,HUME,METROPOLITAN NORTH WEST REGION,Metropolitan Excluding CBD,-37.56752,144.92261000000002,3064.0
32002034010,29/09/2002,05.00.00,3,Struck animal,1,Sunday,167,STRUCK ANIMAL                        ,VCS,9.0,33,A,4.0,5,Dark No street lights,162846,1,1,0,1,0,0,2,5,Not at intersection,3,100,162846.0,N,2548960.054,2590419.785,MOIRA,NORTH EASTERN REGION,Country,-36.18383,145.54431,3634.0
32002034468,14/10/2002,19.05.00,3,Struck animal,2,Monday,167,STRUCK ANIMAL                        ,VCS,9.0,7,G,5.0,5,Dark No street lights,168305,1,1,1,0,0,0,1,5,Not at intersection,2,100,168305.0,N,2306039.692,2752418.588,SWAN HILL,NORTHERN REGION,Country,-34.7059,142.88402,3597.0
32002035332,20/10/2002,21.45.00,3,Struck animal,1,Sunday,167,STRUCK ANIMAL                        ,VCS,9.0,44,F,9.0,5,Dark No street lights,169730,1,1,0,1,0,0,2,5,Not at intersection,3,100,169730.0,N,2433545.527,2502349.231,MOUNT ALEXANDER,NORTHERN REGION,Country,-36.97648,144.25353,3453.0
32002036461,31/10/2002,21.40.00,3,Struck animal,5,Thursday,167,STRUCK ANIMAL                        ,VCS,9.0,22,J,9.0,5,Dark No street lights,18996,1,1,0,1,0,0,1,5,Not at intersection,3,100,18996.0,N,2541526.77,2614009.461,MOIRA,NORTH EASTERN REGION,Country,-35.97159,145.4604,3640.0
32002037536,8/11/2002,18.30.00,3,Struck animal,6,Friday,167,STRUCK ANIMAL                        ,VCS,9.0,31,C,3.0,1,Day,169745,1,1,0,1,0,0,2,5,Not at intersection,3,100,169745.0,N,2466655.64,2600247.857,CAMPASPE,NORTHERN REGION,Country,-36.095929999999996,144.62972,3564.0
32002039355,10/11/2002,03.00.00,3,Struck animal,1,Sunday,167,STRUCK ANIMAL                        ,MEL,40.0,180,E,9.0,3,Dark Street lights on,141770,1,2,0,1,0,1,2,5,Not at intersection,3,70,141770.0,N,2495753.232,2428601.846,HUME,METROPOLITAN NORTH WEST REGION,Metropolitan Excluding CBD,-37.6434,144.95188000000002,3062.0
32002040070,29/11/2002,05.20.00,3,Struck animal,6,Friday,167,STRUCK ANIMAL                        ,MEL,40.0,385,K,12.0,2,Dusk/Dawn,141818,1,1,1,0,0,0,1,5,Not at intersection,2,100,141818.0,N,2489754.899,2432596.407,HUME,METROPOLITAN NORTH WEST REGION,Country,-37.60736,144.88396,3059.0
32002040312,2/12/2002,10.25.00,3,Struck animal,2,Monday,167,STRUCK ANIMAL                        ,VCS,9.0,44,H,4.0,1,Day,169768,1,1,1,0,0,0,1,5,Not at intersection,2,100,169768.0,N,2447379.353,2536250.603,BENDIGO,NORTHERN REGION,Country,-36.67183,144.41127,3551.0
32003001960,5/01/2003,13.30.00,3,Struck animal,1,Sunday,167,STRUCK ANIMAL                        ,VCS,9.0,2,H,7.0,1,Day,182436,1,1,1,0,0,0,2,5,Not at intersection,2,100,182436.0,N,2223517.779,2789335.461,MILDURA,WESTERN REGION,Country,-34.3535,141.99698,3501.0
32003002964,25/12/2002,01.30.00,3,Struck animal,4,Wednesday,167,STRUCK ANIMAL                        ,MEL,40.0,8,C,10.0,3,Dark Street lights on,142391,1,4,0,3,0,1,2,5,Not at intersection,3,100,142391.0,N,2498812.441,2423498.617,WHITTLESEA,METROPOLITAN NORTH WEST REGION,Metropolitan Excluding CBD,-37.68939,144.98653000000002,3074.0
32003003639,31/12/2002,22.50.00,3,Struck animal,3,Tuesday,167,STRUCK ANIMAL                        ,VCS,9.0,602,J,5.0,5,Dark No street lights,169806,1,3,0,3,0,0,2,5,Not at intersection,3,100,169806.0,N,2431308.863,2533041.121,BENDIGO,NORTHERN REGION,Large Provincial Cities,-36.69972,144.23119,3556.0
32003003999,21/01/2003,21.40.00,3,Struck animal,3,Tuesday,167,STRUCK ANIMAL                        ,VCS,9.0,43,G,7.0,5,Dark No street lights,169809,1,3,1,2,0,0,1,5,Not at intersection,2,100,169809.0,N,2405226.127,2517459.126,LODDON,NORTHERN REGION,Country,-36.83789,143.93733999999998,3463.0
32003005074,8/02/2003,22.30.00,3,Struck animal,7,Saturday,167,STRUCK ANIMAL                        ,VCS,9.0,534,K,7.0,5,Dark No street lights,182440,1,1,0,1,0,0,2,5,Not at intersection,3,60,182440.0,N,2235160.996,2807163.033,MILDURA,WESTERN REGION,Small Provincial Cities,-34.19625,142.1292,3500.0
32003005433,1/02/2003,20.30.00,3,Struck animal,7,Saturday,167,STRUCK ANIMAL                        ,VCS,9.0,44,D,6.0,2,Dusk/Dawn,19719,1,1,1,0,0,0,2,5,Not at intersection,2,100,19719.0,N,2425510.342,2524046.759,BENDIGO,NORTHERN REGION,Country,-36.78034,144.16541,3515.0
32003010409,25/03/2003,08.30.00,3,Struck animal,3,Tuesday,167,STRUCK ANIMAL                        ,MEL,40.0,246,E,8.0,1,Day,143366,1,1,0,1,0,0,1,5,Not at intersection,3,80,143366.0,N,2509943.965,2443489.056,WHITTLESEA,METROPOLITAN NORTH WEST REGION,Other Towns,-37.509209999999996,145.11248,3757.0
32003011423,5/04/2003,19.00.00,3,Struck animal,7,Saturday,167,STRUCK ANIMAL                        ,VCS,9.0,20,H,5.0,2,Dusk/Dawn,169852,1,2,0,1,0,1,1,5,Not at intersection,3,100,169852.0,N,2405794.181,2644663.916,GANNAWARRA,NORTHERN REGION,Country,-35.691590000000005,143.9593,3579.0
32003011598,15/01/2003,16.30.00,3,Struck animal,4,Wednesday,167,STRUCK ANIMAL                        ,MEL,40.0,660,H,3.0,1,Day,151840,1,1,0,1,0,0,2,5,Not at intersection,3,80,151840.0,N,2472784.981,2450689.1,MACEDON RANGES,NORTHERN REGION,Other Towns,-37.443979999999996,144.69242,3431.0
32003012000,3/04/2003,03.25.00,3,Struck animal,5,Thursday,167,STRUCK ANIMAL                        ,VCS,9.0,44,H,4.0,5,Dark No street lights,168329,1,1,0,1,0,0,2,5,Not at intersection,3,90,168329.0,N,2446774.023,2538224.838,BENDIGO,NORTHERN REGION,Country,-36.654,144.40464,3551.0
32003013905,28/03/2003,20.30.00,3,Struck animal,6,Friday,167,STRUCK ANIMAL                        ,VCS,9.0,33,A,6.0,5,Dark No street lights,162917,1,2,0,2,0,0,1,5,Not at intersection,3,100,162917.0,N,2546876.578,2581647.999,SHEPPARTON,NORTH EASTERN REGION,Country,-36.26299,145.52168,3634.0
32003014312,20/04/2003,13.30.00,3,Struck animal,1,Sunday,167,STRUCK ANIMAL                        ,VCS,9.0,608,A,12.0,1,Day,168331,1,1,0,1,0,0,2,5,Not at intersection,3,100,168331.0,N,2437143.377,2523175.743,BENDIGO,NORTHERN REGION,Large Provincial Cities,-36.78904,144.29567,3550.0
32003016073,22/04/2003,17.00.00,3,Struck animal,3,Tuesday,167,STRUCK ANIMAL                        ,VCS,9.0,426,C,4.0,2,Dusk/Dawn,143879,1,1,0,1,0,0,2,5,Not at intersection,3,100,143879.0,N,2481271.673,2443970.035,HUME,METROPOLITAN NORTH WEST REGION,Country,-37.504740000000005,144.78816,3430.0
32003018941,26/04/2003,19.30.00,3,Struck animal,7,Saturday,167,STRUCK ANIMAL                        ,VCS,9.0,32,E,8.0,5,Dark No street lights,162930,1,8,1,1,0,6,1,5,Not at intersection,2,100,162930.0,N,2518874.637,2564795.824,SHEPPARTON,NORTH EASTERN REGION,Country,-36.41584,145.21047,3616.0
32003019844,12/06/2003,20.30.00,3,Struck animal,5,Thursday,167,STRUCK ANIMAL                        ,VCS,9.0,30,D,5.0,5,Dark No street lights,53151,2,4,0,4,0,0,1,1,Cross intersection,3,100,53151.0,I,2421906.151,2588516.253,LODDON,NORTHERN REGION,Country,-36.199040000000004,144.13162,3573.0
32003019863,14/06/2003,20.00.00,3,Struck animal,7,Saturday,167,STRUCK ANIMAL                        ,VCS,9.0,414,E,1.0,5,Dark No street lights,188926,1,2,0,1,0,1,1,5,Not at intersection,3,100,188926.0,N,2449104.577,2473319.583,MACEDON RANGES,NORTHERN REGION,Country,-37.239059999999995,144.42633,3444.0
32003021234,22/06/2003,18.00.00,3,Struck animal,1,Sunday,167,STRUCK ANIMAL                        ,VCS,9.0,43,C,4.0,2,Dusk/Dawn,185996,1,1,1,0,0,0,2,5,Not at intersection,2,100,185996.0,N,2382564.492,2536412.835,LODDON,NORTHERN REGION,Country,-36.66453,143.6862,3517.0
32003021649,1/07/2003,05.00.00,3,Struck animal,3,Tuesday,167,STRUCK ANIMAL                        ,VCS,9.0,33,H,2.0,5,Dark No street lights,186093,1,1,1,0,0,0,1,5,Not at intersection,2,100,186093.0,N,2587288.978,2605985.419,MOIRA,NORTH EASTERN REGION,Country,-36.0408,145.96864,3730.0
32003021687,26/06/2003,07.15.00,3,Struck animal,5,Thursday,167,STRUCK ANIMAL                        ,VCS,9.0,59,F,3.0,2,Dusk/Dawn,186000,1,1,0,1,0,0,2,5,Not at intersection,3,100,186000.0,N,2438628.977,2488110.008,MOUNT ALEXANDER,NORTHERN REGION,Country,-37.10515,144.30947,3448.0
32003021868,26/06/2003,20.50.00,3,Struck animal,5,Thursday,167,STRUCK ANIMAL                        ,VCS,9.0,609,Q,8.0,5,Dark No street lights,186055,1,3,0,1,0,2,2,5,Not at intersection,3,100,186055.0,N,2444535.225,2525086.197,BENDIGO,NORTHERN REGION,Country,-36.77228,144.37864,3551.0
32003022072,7/06/2003,13.30.00,3,Struck animal,7,Saturday,167,STRUCK ANIMAL                        ,VCS,9.0,33,E,7.0,1,Day,186162,1,1,0,1,0,0,2,5,Not at intersection,3,100,186162.0,N,2571171.575,2570973.442,BENALLA,NORTH EASTERN REGION,Country,-36.35768,145.79304,3725.0
32003024304,26/06/2003,20.45.00,3,Struck animal,5,Thursday,167,STRUCK ANIMAL                        ,VCS,9.0,44,J,8.0,4,Dark Street lights off,149546,1,3,0,1,0,2,1,5,Not at intersection,3,100,149546.0,N,2455107.444,2511425.233,BENDIGO,NORTHERN REGION,Country,-36.895959999999995,144.49626,3551.0