ACCIDENT_NO,ACCIDENT_DATE,ACCIDENT_TIME,ACCIDENT_TYPE,ACCIDENT_TYPE_DESC,DAY_OF_WEEK,DAY_WEEK_DESC,DCA_CODE,DCA_DESC,DIRECTORY,EDITION,PAGE,GRID_REFERENCE_X,GRID_REFERENCE_Y,LIGHT_CONDITION,LIGHT_CONDITION_DESC,NODE_ID_x,NO_OF_VEHICLES,NO_PERSONS,NO_PERSONS_INJ_2,NO_PERSONS_INJ_3,NO_PERSONS_KILLED,NO_PERSONS_NOT_INJ,POLICE_ATTEND,ROAD_GEOMETRY,ROAD_GEOMETRY_DESC,SEVERITY,SPEED_ZONE,NODE_ID_y,NODE_TYPE,AMG_X,AMG_Y,LG_AREA_NAME,REGION_NAME,DEG_URBAN_NAME,LATITUDE,LONGITUDE,POSTCODE
32003025443,19/07/2003,17.30.00,3,Struck animal,7,Saturday,167,STRUCK ANIMAL                        ,VCS,9.0,414,F,9.0,2,Dusk/Dawn,186019,1,1,0,1,0,0,2,5,Not at intersection,3,100,186019.0,N,2450931.408,2458543.331,MACEDON RANGES,NORTHERN REGION,Country,-37.37231,144.44595,3442.0
32003025601,12/07/2003,23.30.00,3,Struck animal,7,Saturday,167,STRUCK ANIMAL                        ,VCS,9.0,32,H,7.0,5,Dark No street lights,186100,1,3,0,1,0,2,2,5,Not at intersection,3,100,186100.0,N,2537646.092,2575726.53,SHEPPARTON,NORTH EASTERN REGION,Country,-36.31677,145.41925,3633.0
32003028931,25/08/2003,22.00.00,3,Struck animal,2,Monday,167,STRUCK ANIMAL                        ,VCS,9.0,46,C,2.0,5,Dark No street lights,158217,1,2,0,1,0,1,2,5,Not at intersection,3,100,158217.0,N,2506350.603,2552490.917,CAMPASPE,NORTHERN REGION,Country,-36.52691,145.07092,3612.0
32003030083,30/08/2003,17.30.00,3,Struck animal,7,Saturday,167,STRUCK ANIMAL                        ,VCS,9.0,414,B,3.0,2,Dusk/Dawn,158219,1,1,1,0,0,0,2,5,Not at intersection,2,100,158219.0,N,2442285.475,2470549.228,MACEDON RANGES,NORTHERN REGION,Country,-37.26363,144.34926000000002,3444.0
32003030116,9/09/2003,20.30.00,3,Struck animal,3,Tuesday,167,STRUCK ANIMAL                        ,VCS,9.0,538,D,10.0,5,Dark No street lights,15167,1,1,1,0,0,0,1,5,Not at intersection,2,100,15167.0,N,2239896.751,2794436.71,MILDURA,WESTERN REGION,Country,-34.312090000000005,142.17641,3496.0
32003030485,11/09/2003,19.10.00,3,Struck animal,5,Thursday,167,STRUCK ANIMAL                        ,VCS,9.0,20,F,4.0,5,Dark No street lights,149552,1,1,1,0,0,0,1,5,Not at intersection,2,100,149552.0,N,2397460.839,2647180.898,GANNAWARRA,NORTHERN REGION,Country,-35.66805,143.86758,3579.0
32003030646,14/09/2003,04.15.00,3,Struck animal,1,Sunday,167,STRUCK ANIMAL                        ,VCS,9.0,415,G,2.0,5,Dark No street lights,151868,1,1,0,1,0,0,1,5,Not at intersection,3,100,151868.0,N,2472418.748,2471720.977,MACEDON RANGES,NORTHERN REGION,Country,-37.25444,144.68906,3435.0
32003030960,16/09/2003,01.25.00,3,Struck animal,3,Tuesday,167,STRUCK ANIMAL                        ,VCS,9.0,535,P,11.0,5,Dark No street lights,149533,1,1,0,1,0,0,1,5,Not at intersection,3,80,149533.0,N,2238062.571,2805523.455,MILDURA,WESTERN REGION,Small Provincial Cities,-34.21179,142.1601,3500.0
32003031620,22/09/2003,16.45.00,3,Struck animal,2,Monday,167,STRUCK ANIMAL                        ,VCS,9.0,31,F,5.0,1,Day,149641,1,1,1,0,0,0,2,5,Not at intersection,2,100,149641.0,N,2488373.993,2587572.798,CAMPASPE,NORTHERN REGION,Country,-36.210679999999996,144.8707,3564.0
32003031927,24/09/2003,21.50.00,3,Struck animal,4,Wednesday,167,STRUCK ANIMAL                        ,MEL,40.0,387,G,10.0,5,Dark No street lights,221371,1,1,0,1,0,0,1,5,Not at intersection,3,100,221371.0,N,2496338.582,2433310.96,WHITTLESEA,METROPOLITAN NORTH WEST REGION,Country,-37.600970000000004,144.95853,3750.0
32003032236,25/02/2003,20.45.00,3,Struck animal,3,Tuesday,167,STRUCK ANIMAL                        ,VCS,9.0,535,U,11.0,5,Dark No street lights,149534,1,1,0,1,0,0,1,5,Not at intersection,3,80,149534.0,N,2240240.341,2805612.277,MILDURA,WESTERN REGION,Country,-34.21157,142.18373,3501.0
32003032236,25/02/2003,20.45.00,3,Struck animal,3,Tuesday,167,STRUCK ANIMAL                        ,VCS,9.0,535,U,11.0,5,Dark No street lights,149534,1,1,0,1,0,0,1,5,Not at intersection,3,80,149534.0,N,2240240.341,2805612.277,MILDURA,WESTERN REGION,Small Provincial Cities,-34.21157,142.18373,3501.0
32003032795,3/10/2003,12.32.00,3,Struck animal,6,Friday,167,STRUCK ANIMAL                        ,VCS,9.0,59,F,3.0,1,Day,149562,1,1,0,1,0,0,1,5,Not at intersection,3,100,149562.0,N,2437752.673,2488260.294,MOUNT ALEXANDER,NORTHERN REGION,Country,-37.10374,144.29962,3448.0
32003036283,1/11/2003,10.00.00,3,Struck animal,7,Saturday,167,STRUCK ANIMAL                        ,VCS,9.0,424,H,3.0,1,Day,151872,1,1,0,1,0,0,2,5,Not at intersection,3,100,151872.0,N,2453806.672,2445377.117,MACEDON RANGES,NORTHERN REGION,Country,-37.4911,144.4776,3437.0
32003036630,5/11/2003,19.00.00,3,Struck animal,4,Wednesday,167,STRUCK ANIMAL                        ,VCS,9.0,3,E,5.0,2,Dusk/Dawn,53773,1,1,0,1,0,0,1,1,Cross intersection,3,100,53773.0,I,2242792.861,2803181.779,MILDURA,WESTERN REGION,Country,-34.23413,142.21061,3498.0
32003039785,2/11/2003,16.30.00,3,Struck animal,1,Sunday,167,STRUCK ANIMAL                        ,VCS,9.0,22,H,7.0,1,Day,188010,1,1,1,0,0,0,2,5,Not at intersection,2,999,188010.0,N,2536768.327,2627247.94,MOIRA,NORTH EASTERN REGION,Country,-35.852470000000004,145.40702,3641.0
32003040608,2/12/2003,07.30.00,3,Struck animal,3,Tuesday,167,STRUCK ANIMAL                        ,VCS,9.0,3,E,5.0,1,Day,53773,1,1,0,0,1,0,1,1,Cross intersection,1,60,53773.0,I,2242792.861,2803181.779,MILDURA,WESTERN REGION,Country,-34.23413,142.21061,3498.0
32003040970,29/11/2003,12.15.00,3,Struck animal,7,Saturday,167,STRUCK ANIMAL                        ,VCS,9.0,428,B,3.0,1,Day,146145,1,1,0,1,0,0,2,5,Not at intersection,3,60,146145.0,N,2514643.28,2444001.69,WHITTLESEA,METROPOLITAN NORTH WEST REGION,Country,-37.50452,145.16563,3757.0
32004000236,21/12/2003,22.20.00,3,Struck animal,1,Sunday,167,STRUCK ANIMAL                        ,VCS,9.0,425,F,2.0,5,Dark No street lights,151880,1,1,1,0,0,0,1,5,Not at intersection,2,100,151880.0,N,2471307.155,2446641.815,MACEDON RANGES,NORTHERN REGION,Country,-37.48041,144.67556000000002,3431.0
32004002385,5/01/2004,10.50.00,3,Struck animal,2,Monday,167,STRUCK ANIMAL                        ,VCS,9.0,14,C,9.0,1,Day,188943,1,1,0,1,0,0,2,5,Not at intersection,3,70,188943.0,N,2378626.149,2671549.378,SWAN HILL,NORTHERN REGION,Small Towns,-35.44627,143.66337,3584.0
32004003022,20/01/2004,20.25.00,3,Struck animal,3,Tuesday,167,STRUCK ANIMAL                        ,MEL,40.0,362,D,11.0,2,Dusk/Dawn,60796,2,2,2,0,0,0,1,2,T intersection,2,60,60796.0,I,2475715.105,2437615.074,HUME,METROPOLITAN NORTH WEST REGION,Small Provincial Cities,-37.56187,144.72511,3429.0
32004004861,4/02/2004,22.25.00,3,Struck animal,4,Wednesday,167,STRUCK ANIMAL                        ,VCS,9.0,32,B,5.0,5,Dark No street lights,147363,1,1,0,1,0,0,1,5,Not at intersection,3,100,147363.0,N,2502047.688,2588861.084,CAMPASPE,NORTHERN REGION,Country,-36.19914,145.02277,3620.0
32004005648,12/02/2004,04.30.00,3,Struck animal,5,Thursday,167,STRUCK ANIMAL                        ,VCS,9.0,45,A,5.0,5,Dark No street lights,147475,1,1,1,0,0,0,1,5,Not at intersection,2,100,147475.0,N,2456478.395,2530556.701,BENDIGO,NORTHERN REGION,Country,-36.72361,144.51273999999998,3557.0
32004007902,8/03/2004,02.15.00,3,Struck animal,2,Monday,167,STRUCK ANIMAL                        ,VCS,9.0,674,C,7.0,5,Dark No street lights,188975,1,1,0,1,0,0,1,5,Not at intersection,3,100,188975.0,N,2530327.696,2563569.094,SHEPPARTON,NORTH EASTERN REGION,Country,-36.4266,145.33823,3629.0
32004008082,7/03/2004,14.00.00,3,Struck animal,1,Sunday,167,STRUCK ANIMAL                        ,VCS,9.0,414,J,11.0,1,Day,147916,1,1,0,1,0,0,2,5,Not at intersection,3,75,147916.0,N,2455545.827,2453662.695,MACEDON RANGES,NORTHERN REGION,Country,-37.41653,144.49776,3437.0
32004010936,28/03/2004,17.15.00,3,Struck animal,1,Sunday,167,STRUCK ANIMAL                        ,VCS,9.0,32,E,2.0,1,Day,188985,1,3,0,1,0,2,1,5,Not at intersection,3,100,188985.0,N,2522637.394,2606661.265,MOIRA,NORTH EASTERN REGION,Country,-36.03845,145.2512,3638.0
32004012695,6/03/2004,06.35.00,3,Struck animal,7,Saturday,167,STRUCK ANIMAL                        ,VCS,9.0,32,E,8.0,5,Dark No street lights,188991,5,9,2,3,0,4,1,5,Not at intersection,2,100,188991.0,N,2519877.64,2564971.378,SHEPPARTON,NORTH EASTERN REGION,Country,-36.41424,145.22165,3616.0
32004013230,19/04/2004,20.45.00,3,Struck animal,2,Monday,167,STRUCK ANIMAL                        ,VCS,9.0,537,L,8.0,5,Dark No street lights,188995,1,1,1,0,0,0,1,5,Not at intersection,2,100,188995.0,N,2227710.547,2810914.644,MILDURA,WESTERN REGION,Country,-34.16043,142.04975,3505.0
32004016460,14/05/2004,21.00.00,3,Struck animal,6,Friday,167,STRUCK ANIMAL                        ,VCS,9.0,27,G,3.0,5,Dark No street lights,189013,1,1,0,1,0,0,1,5,Not at intersection,3,100,189013.0,N,2309449.403,2599068.352,BULOKE,NORTHERN REGION,Country,-36.08806,142.88403,3482.0
32004016537,14/05/2004,18.05.00,3,Struck animal,6,Friday,167,STRUCK ANIMAL                        ,MEL,40.0,677,G,3.0,3,Dark Street lights on,148913,1,2,2,0,0,0,1,5,Not at intersection,2,100,148913.0,N,2461436.419,2445824.505,MACEDON RANGES,NORTHERN REGION,Country,-37.48742,144.56391000000002,3437.0
32004016537,14/05/2004,18.05.00,3,Struck animal,6,Friday,167,STRUCK ANIMAL                        ,MEL,40.0,677,G,3.0,3,Dark Street lights on,148913,1,2,2,0,0,0,1,5,Not at intersection,2,100,148913.0,N,2461436.419,2445824.505,MACEDON RANGES,NORTHERN REGION,Other Towns,-37.48742,144.56391000000002,3437.0
32004016610,14/05/2004,15.10.00,3,Struck animal,6,Friday,167,STRUCK ANIMAL                        ,MEL,40.0,381,K,5.0,1,Day,49112,1,2,1,0,0,1,1,2,T intersection,2,50,49112.0,I,2474416.007,2435062.146,HUME,METROPOLITAN NORTH WEST REGION,Small Provincial Cities,-37.58484,144.71031000000002,3429.0
32004021296,12/06/2004,17.30.00,3,Struck animal,7,Saturday,167,STRUCK ANIMAL                        ,VCS,9.0,4,J,2.0,2,Dusk/Dawn,186468,1,1,1,0,0,0,1,5,Not at intersection,2,100,186468.0,N,2172931.912,2766845.427,MILDURA,WESTERN REGION,Country,-34.540240000000004,141.43887,3496.0
32004024357,22/06/2004,11.00.00,3,Struck animal,3,Tuesday,167,STRUCK ANIMAL                        ,MEL,40.0,30,D,7.0,1,Day,221496,4,4,0,4,0,0,2,5,Not at intersection,3,70,221496.0,N,2499262.701,2414739.549,DAREBIN,METROPOLITAN NORTH WEST REGION,Metropolitan Excluding CBD,-37.76831,144.99163000000001,3070.0
32004025179,30/07/2004,19.10.00,3,Struck animal,6,Friday,167,STRUCK ANIMAL                        ,VCS,9.0,32,B,9.0,5,Dark No street lights,187056,1,2,0,2,0,0,1,5,Not at intersection,3,100,187056.0,N,2502363.418,2561958.227,CAMPASPE,NORTHERN REGION,Country,-36.4416,145.02636,3623.0
32004026924,29/07/2004,19.10.00,3,Struck animal,5,Thursday,167,STRUCK ANIMAL                        ,VCS,9.0,59,F,5.0,5,Dark No street lights,187872,1,1,0,1,0,0,2,5,Not at intersection,3,100,187872.0,N,2434989.749,2475979.093,HEPBURN,WESTERN REGION,Country,-37.214220000000005,144.26747,3461.0
32004028053,7/08/2004,17.00.00,3,Struck animal,7,Saturday,167,STRUCK ANIMAL                        ,VCS,9.0,5,C,2.0,1,Day,187673,1,1,1,0,0,0,1,5,Not at intersection,2,100,187673.0,N,2193294.722,2767332.525,MILDURA,WESTERN REGION,Country,-34.54251,141.66058,3496.0
32004029284,3/09/2004,18.45.00,3,Struck animal,6,Friday,167,STRUCK ANIMAL                        ,VCS,9.0,60,A,3.0,5,Dark No street lights,187768,2,2,0,0,1,1,1,5,Not at intersection,1,100,187768.0,N,2456547.939,2492201.912,MOUNT ALEXANDER,NORTHERN REGION,Country,-37.06927,144.51131999999998,3444.0
32004031651,19/09/2004,16.30.00,3,Struck animal,1,Sunday,167,STRUCK ANIMAL                        ,VCS,9.0,45,E,6.0,1,Day,188520,1,1,0,1,0,0,2,5,Not at intersection,3,999,188520.0,N,2482209.283,2526039.773,STRATHBOGIE,NORTH EASTERN REGION,Country,-36.76515,144.80071,3523.0
32004031749,22/09/2004,05.20.00,3,Struck animal,4,Wednesday,167,STRUCK ANIMAL                        ,VCS,9.0,43,H,2.0,5,Dark No street lights,188451,1,1,0,1,0,0,1,5,Not at intersection,3,100,188451.0,N,2406313.398,2554696.639,LODDON,NORTHERN REGION,Country,-36.50241,143.95411000000001,3517.0
32004032966,1/10/2004,04.15.00,3,Struck animal,6,Friday,167,STRUCK ANIMAL                        ,VCS,9.0,634,A,9.0,4,Dark Street lights off,191575,1,1,0,1,0,0,1,5,Not at intersection,3,110,191575.0,N,2459533.965,2452915.2,MACEDON RANGES,NORTHERN REGION,Country,-37.42344,144.54278,3440.0
32004037308,11/11/2004,18.40.00,3,Struck animal,5,Thursday,167,STRUCK ANIMAL                        ,VCS,9.0,1,H,8.0,1,Day,193206,1,2,0,2,0,0,1,5,Not at intersection,3,100,193206.0,N,2169308.397,2782134.707,MILDURA,WESTERN REGION,Country,-34.4014,141.40573999999998,3496.0
32004040676,4/12/2004,00.30.00,3,Struck animal,7,Saturday,167,STRUCK ANIMAL                        ,MEL,40.0,385,K,12.0,5,Dark No street lights,194034,1,1,0,1,0,0,2,5,Not at intersection,3,80,194034.0,N,2489777.441,2432492.041,HUME,METROPOLITAN NORTH WEST REGION,Country,-37.6083,144.88421,3059.0
32004041177,5/06/2004,21.00.00,3,Struck animal,7,Saturday,167,STRUCK ANIMAL                        ,VCS,9.0,13,G,3.0,6,Dark Street lights unknown,194057,1,3,0,2,0,1,2,5,Not at intersection,3,100,194057.0,N,2348412.907,2709647.111,SWAN HILL,NORTHERN REGION,Country,-35.09874,143.33803999999998,3596.0
32005000614,23/12/2004,23.40.00,3,Struck animal,5,Thursday,167,STRUCK ANIMAL                        ,VCS,9.0,417,G,13.0,5,Dark No street lights,194454,1,1,0,1,0,0,1,5,Not at intersection,3,100,194454.0,N,2508542.268,2448494.751,WHITTLESEA,METROPOLITAN NORTH WEST REGION,Country,-37.46411,145.09656999999999,3757.0
32005002766,2/01/2005,12.00.00,3,Struck animal,1,Sunday,167,STRUCK ANIMAL                        ,VCS,9.0,30,G,9.0,1,Day,194837,1,1,1,0,0,0,2,5,Not at intersection,2,100,194837.0,N,2442639.109,2555523.517,BENDIGO,NORTHERN REGION,Country,-36.497859999999996,144.35969,3570.0
32005003628,23/01/2005,14.15.00,3,Struck animal,1,Sunday,167,STRUCK ANIMAL                        ,VCS,9.0,45,C,8.0,1,Day,194894,1,1,0,1,0,0,2,5,Not at intersection,3,100,194894.0,N,2472224.294,2511045.337,BENDIGO,NORTHERN REGION,Country,-36.90005,144.68831,3523.0
32005006707,10/02/2005,10.30.00,3,Struck animal,5,Thursday,167,STRUCK ANIMAL                        ,VCS,9.0,44,G,8.0,1,Day,195349,1,1,1,0,0,0,2,5,Not at intersection,2,100,195349.0,N,2443134.465,2508267.149,BENDIGO,NORTHERN REGION,Country,-36.92378,144.36168,3444.0
32005010192,5/03/2005,06.45.00,3,Struck animal,7,Saturday,167,STRUCK ANIMAL                        ,VCS,9.0,33,A,7.0,2,Dusk/Dawn,195950,1,1,0,1,0,0,1,5,Not at intersection,3,100,195950.0,N,2549223.572,2572265.561,SHEPPARTON,NORTH EASTERN REGION,Country,-36.347429999999996,145.5484,3631.0
32005010903,7/03/2005,08.30.00,3,Struck animal,2,Monday,167,STRUCK ANIMAL                        ,MEL,40.0,178,C,6.0,1,Day,196061,1,1,0,1,0,0,2,5,Not at intersection,3,100,196061.0,N,2487083.509,2429921.33,HUME,METROPOLITAN NORTH WEST REGION,Country,-37.63143,144.85366000000002,3059.0
32005011469,24/03/2005,09.40.00,3,Struck animal,5,Thursday,167,STRUCK ANIMAL                        ,VCS,9.0,22,C,9.0,1,Day,196194,1,1,0,1,0,0,2,5,Not at intersection,3,100,196194.0,N,2508854.652,2614207.613,MOIRA,NORTH EASTERN REGION,Country,-35.970659999999995,145.09816999999998,3639.0
32005012446,23/03/2005,01.45.00,3,Struck animal,4,Wednesday,167,STRUCK ANIMAL                        ,VCS,9.0,629,Q,9.0,5,Dark No street lights,196369,1,1,1,0,0,0,2,5,Not at intersection,2,100,196369.0,N,2434865.812,2490974.008,MOUNT ALEXANDER,NORTHERN REGION,Other Towns,-37.07908,144.26737,3451.0
32005013615,4/04/2005,19.00.00,3,Struck animal,2,Monday,167,STRUCK ANIMAL                        ,VCS,9.0,21,G,8.0,5,Dark No street lights,196519,1,1,0,1,0,0,1,5,Not at intersection,3,100,196519.0,N,2439604.889,2618802.593,GANNAWARRA,NORTHERN REGION,Country,-35.92738,144.33078,3567.0
32005014431,16/04/2005,00.30.00,3,Struck animal,7,Saturday,167,STRUCK ANIMAL                        ,VCS,9.0,32,F,7.0,5,Dark No street lights,196703,1,1,1,0,0,0,1,5,Not at intersection,2,100,196703.0,N,2526518.907,2570674.964,SHEPPARTON,NORTH EASTERN REGION,Country,-36.36267,145.29551,3629.0
32005014560,18/04/2005,06.40.00,3,Struck animal,2,Monday,167,STRUCK ANIMAL                        ,VCS,9.0,604,B,6.0,2,Dusk/Dawn,196888,1,1,0,1,0,0,2,5,Not at intersection,3,60,196888.0,N,2437588.012,2532182.043,BENDIGO,NORTHERN REGION,Large Provincial Cities,-36.7079,144.30139,3551.0
32005014583,3/04/2005,11.00.00,3,Struck animal,1,Sunday,167,STRUCK ANIMAL                        ,VCS,9.0,7,B,6.0,1,Day,196748,1,2,1,1,0,0,1,5,Not at intersection,2,100,196748.0,N,2280790.231,2741312.641,SWAN HILL,NORTHERN REGION,Country,-34.80053,142.60563,3549.0
32005016254,27/04/2005,12.45.00,3,Struck animal,4,Wednesday,167,STRUCK ANIMAL                        ,VCS,9.0,600,J,10.0,1,Day,197022,1,1,1,0,0,0,2,5,Not at intersection,2,80,197022.0,N,2441191.104,2536045.025,BENDIGO,NORTHERN REGION,Large Provincial Cities,-36.673320000000004,144.34202,3551.0
32005016281,1/05/2005,18.05.00,3,Struck animal,1,Sunday,167,STRUCK ANIMAL                        ,VCS,9.0,615,Q,2.0,2,Dusk/Dawn,197301,1,1,0,1,0,0,1,5,Not at intersection,3,80,197301.0,N,2444614.568,2522364.643,BENDIGO,NORTHERN REGION,Large Provincial Cities,-36.796820000000004,144.37933,3551.0
32005016618,28/04/2005,08.05.00,3,Struck animal,5,Thursday,167,STRUCK ANIMAL                        ,VCS,9.0,672,E,11.0,1,Day,197044,1,1,0,1,0,0,2,5,Not at intersection,3,50,197044.0,N,2531390.978,2567750.005,SHEPPARTON,NORTH EASTERN REGION,Small Provincial Cities,-36.38888,145.34992,3629.0
32005018010,5/05/2005,18.10.00,3,Struck animal,5,Thursday,167,STRUCK ANIMAL                        ,VCS,9.0,673,U,2.0,5,Dark No street lights,197465,3,3,2,1,0,0,1,5,Not at intersection,2,100,197465.0,N,2538972.253,2572305.901,SHEPPARTON,NORTH EASTERN REGION,Country,-36.34754,145.43419,3631.0
32005018942,25/05/2005,07.30.00,3,Struck animal,4,Wednesday,167,STRUCK ANIMAL                        ,VCS,9.0,6,G,2.0,2,Dusk/Dawn,197493,2,7,2,3,0,2,1,5,Not at intersection,2,100,197493.0,N,2255240.447,2768909.18,MILDURA,WESTERN REGION,Country,-34.5459,142.33513,3494.0
32005019074,18/05/2005,21.55.00,3,Struck animal,4,Wednesday,167,STRUCK ANIMAL                        ,VCS,9.0,33,A,2.0,5,Dark No street lights,197503,1,1,0,1,0,0,2,5,Not at intersection,3,100,197503.0,N,2549433.01,2608741.592,MOIRA,NORTH EASTERN REGION,Country,-36.018679999999996,145.54838999999998,3640.0
32005019650,17/05/2005,19.00.00,3,Struck animal,3,Tuesday,167,STRUCK ANIMAL                        ,VCS,9.0,626,H,10.0,2,Dusk/Dawn,197615,1,2,0,1,0,1,2,5,Not at intersection,3,100,197615.0,N,2475586.34,2506367.436,BENDIGO,NORTHERN REGION,Other Towns,-36.9423,144.72589,3523.0
32005020149,14/05/2005,06.40.00,3,Struck animal,7,Saturday,167,STRUCK ANIMAL                        ,VCS,9.0,45,D,9.0,2,Dusk/Dawn,197747,1,1,0,1,0,0,2,5,Not at intersection,3,100,197747.0,N,2474956.947,2503491.216,BENDIGO,NORTHERN REGION,Country,-36.9682,144.71873,3523.0
32005021226,21/05/2005,22.30.00,3,Struck animal,7,Saturday,167,STRUCK ANIMAL                        ,VCS,9.0,23,C,9.0,5,Dark No street lights,197889,1,3,0,2,0,1,1,5,Not at intersection,3,999,197889.0,N,2557426.395,2611053.37,MOIRA,NORTH EASTERN REGION,Country,-35.9974,145.6369,3644.0
32005023420,3/07/2005,17.45.00,3,Struck animal,1,Sunday,167,STRUCK ANIMAL                        ,VCS,9.0,21,C,6.0,2,Dusk/Dawn,198204,1,3,1,0,1,1,1,5,Not at intersection,1,100,198204.0,N,2420581.924,2633454.054,GANNAWARRA,NORTHERN REGION,Country,-35.79395,144.12151,3568.0
32005023729,23/06/2005,06.30.00,3,Struck animal,5,Thursday,167,STRUCK ANIMAL                        ,VCS,9.0,32,E,7.0,5,Dark No street lights,198314,1,1,0,1,0,0,2,5,Not at intersection,3,100,198314.0,N,2520994.936,2569608.922,SHEPPARTON,NORTH EASTERN REGION,Country,-36.37242,145.23398,3616.0
32005025045,14/07/2005,19.15.00,3,Struck animal,5,Thursday,167,STRUCK ANIMAL                        ,VCS,9.0,33,A,6.0,5,Dark No street lights,198532,1,1,0,1,0,0,1,5,Not at intersection,3,100,198532.0,N,2549594.556,2583060.475,SHEPPARTON,NORTH EASTERN REGION,Country,-36.25012,145.55184,3634.0
32005025209,24/06/2005,23.30.00,3,Struck animal,6,Friday,167,STRUCK ANIMAL                        ,VCS,9.0,31,B,5.0,6,Dark Street lights unknown,198466,1,1,1,0,0,0,2,5,Not at intersection,2,100,198466.0,N,2461574.895,2588795.637,CAMPASPE,NORTHERN REGION,Country,-36.19895,144.57273,3561.0
32005025213,14/07/2005,19.15.00,3,Struck animal,5,Thursday,167,STRUCK ANIMAL                        ,VCS,9.0,32,E,9.0,5,Dark No street lights,198469,1,1,0,1,0,0,1,5,Not at intersection,3,100,198469.0,N,2519965.662,2558343.146,SHEPPARTON,NORTH EASTERN REGION,Country,-36.47397,145.2228,3616.0
32005028340,19/07/2005,08.52.00,3,Struck animal,3,Tuesday,167,STRUCK ANIMAL                        ,VCS,9.0,59,E,2.0,1,Day,199112,1,1,1,0,0,0,2,5,Not at intersection,2,100,199112.0,N,2433267.888,2496207.025,MOUNT ALEXANDER,NORTHERN REGION,Country,-37.03181,144.24987,3451.0
32005028636,22/07/2005,17.45.00,3,Struck animal,6,Friday,167,STRUCK ANIMAL                        ,VCS,9.0,613,U,12.0,2,Dusk/Dawn,199046,1,1,0,1,0,0,2,5,Not at intersection,3,100,199046.0,N,2436721.41,2517381.952,BENDIGO,NORTHERN REGION,Country,-36.84122,144.29046,3551.0
32005030604,27/08/2005,18.40.00,3,Struck animal,7,Saturday,167,STRUCK ANIMAL                        ,MEL,40.0,246,C,3.0,5,Dark No street lights,199419,1,2,0,1,0,1,1,5,Not at intersection,3,100,199419.0,N,2509157.491,2445513.489,WHITTLESEA,METROPOLITAN NORTH WEST REGION,Country,-37.490970000000004,145.10356000000002,3757.0
32005031135,30/08/2005,19.00.00,3,Struck animal,3,Tuesday,167,STRUCK ANIMAL                        ,VCS,9.0,415,D,5.0,5,Dark No street lights,199366,1,1,0,1,0,0,1,5,Not at intersection,3,100,199366.0,N,2466257.786,2464818.439,MACEDON RANGES,NORTHERN REGION,Country,-37.31644,144.61928999999998,3442.0
32005034411,17/09/2005,17.00.00,3,Struck animal,7,Saturday,167,STRUCK ANIMAL                        ,VCS,9.0,5,C,8.0,2,Dusk/Dawn,199925,1,1,0,1,0,0,2,5,Not at intersection,3,100,199925.0,N,2194906.906,2727696.021,MILDURA,WESTERN REGION,Country,-34.89986,141.66299999999998,3496.0
32005036118,28/09/2005,21.00.00,3,Struck animal,4,Wednesday,167,STRUCK ANIMAL                        ,VCS,9.0,614,C,9.0,5,Dark No street lights,200326,1,2,2,0,0,0,1,5,Not at intersection,2,100,200326.0,N,2437776.39,2519104.084,BENDIGO,NORTHERN REGION,Country,-36.82577,144.30243000000002,3551.0
32005038301,29/10/2005,08.00.00,3,Struck animal,7,Saturday,167,STRUCK ANIMAL                        ,VCS,9.0,21,B,2.0,1,Day,200691,1,1,1,0,0,0,2,5,Not at intersection,2,100,200691.0,N,2410562.921,2659248.212,GANNAWARRA,NORTHERN REGION,Country,-35.560629999999996,144.01363999999998,3579.0
42000004508,25/01/2000,21.25.00,3,Struck animal,3,Tuesday,167,STRUCK ANIMAL                        ,VCS,9.0,35,H,5.0,5,Dark No street lights,162990,1,1,0,1,0,0,2,5,Not at intersection,3,100,162990.0,N,2675488.904,2584212.419,WODONGA,NORTH EASTERN REGION,Country,-36.22482,146.95215,3691.0
42000004972,27/01/2000,21.45.00,3,Struck animal,5,Thursday,167,STRUCK ANIMAL                        ,MEL,40.0,72,J,9.0,1,Day,127385,1,1,0,1,0,0,1,5,Not at intersection,3,80,127385.0,N,2520839.496,2399594.499,KNOX,METROPOLITAN SOUTH EAST REGION,Metropolitan Excluding CBD,-37.90453,145.23696,3179.0