ACCIDENT_NO,ACCIDENT_DATE,ACCIDENT_TIME,ACCIDENT_TYPE,ACCIDENT_TYPE_DESC,DAY_OF_WEEK,DAY_WEEK_DESC,DCA_CODE,DCA_DESC,DIRECTORY,EDITION,PAGE,GRID_REFERENCE_X,GRID_REFERENCE_Y,LIGHT_CONDITION,LIGHT_CONDITION_DESC,NODE_ID_x,NO_OF_VEHICLES,NO_PERSONS,NO_PERSONS_INJ_2,NO_PERSONS_INJ_3,NO_PERSONS_KILLED,NO_PERSONS_NOT_INJ,POLICE_ATTEND,ROAD_GEOMETRY,ROAD_GEOMETRY_DESC,SEVERITY,SPEED_ZONE,NODE_ID_y,NODE_TYPE,AMG_X,AMG_Y,LG_AREA_NAME,REGION_NAME,DEG_URBAN_NAME,LATITUDE,LONGITUDE,POSTCODE
42000006286,6/02/2000,23.20.00,3,Struck animal,1,Sunday,167,STRUCK ANIMAL                        ,VCS,9.0,62,D,6.0,5,Dark No street lights,163002,1,1,0,1,0,0,1,5,Not at intersection,3,100,163002.0,N,2562198.771,2465802.733,MURRINDINDI,NORTH EASTERN REGION,Country,-37.30612,145.7017,3714.0
42000006296,25/01/2000,20.15.00,3,Struck animal,3,Tuesday,167,STRUCK ANIMAL                        ,VCS,9.0,418,F,13.0,2,Dusk/Dawn,151901,1,1,0,1,0,0,2,5,Not at intersection,3,100,151901.0,N,2521480.535,2449440.895,MURRINDINDI,NORTH EASTERN REGION,Country,-37.45538,145.24281000000002,3757.0
42000014092,16/04/2000,15.30.00,3,Struck animal,1,Sunday,167,STRUCK ANIMAL                        ,MEL,40.0,48,G,5.0,1,Day,128553,1,1,0,1,0,0,1,5,Not at intersection,3,60,128553.0,N,2515835.395,2410997.196,MANNINGHAM,METROPOLITAN SOUTH EAST REGION,Metropolitan Excluding CBD,-37.8019,145.17982,3111.0
42000014256,19/04/2000,19.00.00,3,Struck animal,4,Wednesday,167,STRUCK ANIMAL                        ,MEL,40.0,280,D,1.0,5,Dark No street lights,128617,1,2,0,1,0,1,1,5,Not at intersection,3,100,128617.0,N,2530446.133,2422302.056,YARRA RANGES,METROPOLITAN SOUTH EAST REGION,Country,-37.699670000000005,145.34526,3770.0
42000014652,21/04/2000,22.15.00,3,Struck animal,6,Friday,167,STRUCK ANIMAL                        ,VCS,9.0,419,E,3.0,5,Dark No street lights,163061,1,2,0,1,0,1,2,5,Not at intersection,3,100,163061.0,N,2541270.132,2467605.665,MURRINDINDI,NORTH EASTERN REGION,Country,-37.29103,145.46549,3717.0
42000014784,30/01/2000,03.30.00,3,Struck animal,1,Sunday,167,STRUCK ANIMAL                        ,MEL,40.0,278,C,11.0,5,Dark No street lights,36104,1,3,0,1,0,2,2,1,Cross intersection,3,100,36104.0,I,2545784.246,2422953.218,YARRA RANGES,METROPOLITAN SOUTH EAST REGION,Country,-37.69318,145.51916,3777.0
42000015085,24/04/2000,19.00.00,3,Struck animal,2,Monday,167,STRUCK ANIMAL                        ,VCS,9.0,660,E,7.0,3,Dark Street lights on,163064,1,1,0,1,0,0,2,5,Not at intersection,3,100,163064.0,N,2655421.038,2546563.05,ALPINE,NORTH EASTERN REGION,Other Towns,-36.56758,146.7366,3740.0
42000017476,17/03/2000,19.35.00,3,Struck animal,6,Friday,167,STRUCK ANIMAL                        ,VCS,9.0,49,H,6.0,5,Dark No street lights,188069,1,1,0,1,0,0,2,5,Not at intersection,3,60,188069.0,N,2676974.195,2523785.945,ALPINE,NORTH EASTERN REGION,Small Towns,-36.769020000000005,146.98266,3744.0
42000020291,13/06/2000,06.35.00,3,Struck animal,3,Tuesday,167,STRUCK ANIMAL                        ,VCS,9.0,47,E,6.0,2,Dusk/Dawn,163104,1,2,0,1,0,1,2,5,Not at intersection,3,100,163104.0,N,2568368.176,2527277.115,STRATHBOGIE,NORTH EASTERN REGION,Country,-36.75169,145.76572,3669.0
42000024002,30/06/2000,17.40.00,3,Struck animal,6,Friday,167,STRUCK ANIMAL                        ,MEL,40.0,12,C,4.0,3,Dark Street lights on,129225,1,2,0,1,0,1,2,5,Not at intersection,3,60,129225.0,N,2514466.478,2426016.629,NILLUMBIK,METROPOLITAN NORTH WEST REGION,Country,-37.66659,145.16398,3089.0
42000024002,30/06/2000,17.40.00,3,Struck animal,6,Friday,167,STRUCK ANIMAL                        ,MEL,40.0,12,C,4.0,3,Dark Street lights on,129225,1,2,0,1,0,1,2,5,Not at intersection,3,60,129225.0,N,2514466.478,2426016.629,NILLUMBIK,METROPOLITAN NORTH WEST REGION,Metropolitan Excluding CBD,-37.66659,145.16398,3089.0
42000024561,14/07/2000,23.15.00,3,Struck animal,6,Friday,167,STRUCK ANIMAL                        ,VCS,9.0,50,D,4.0,5,Dark No street lights,163133,1,2,1,0,0,1,1,5,Not at intersection,2,80,163133.0,N,2690866.953,2533410.468,ALPINE,NORTH EASTERN REGION,Country,-36.679590000000005,147.13583,3697.0
42000024602,14/07/2000,18.45.00,3,Struck animal,6,Friday,167,STRUCK ANIMAL                        ,VCS,9.0,61,B,5.0,5,Dark No street lights,169935,1,2,0,2,0,0,1,5,Not at intersection,3,100,169935.0,N,2501827.529,2475359.153,MITCHELL,NORTHERN REGION,Country,-37.22206,145.02059,3658.0
42000024618,19/07/2000,19.10.00,3,Struck animal,4,Wednesday,167,STRUCK ANIMAL                        ,VCS,9.0,63,D,3.0,5,Dark No street lights,163134,1,23,5,1,0,17,1,5,Not at intersection,2,100,163134.0,N,2604761.678,2491637.772,MANSFIELD,NORTH EASTERN REGION,Country,-37.069520000000004,146.17821999999998,3722.0
42000026529,1/06/2000,05.40.00,3,Struck animal,5,Thursday,167,STRUCK ANIMAL                        ,MEL,40.0,72,D,9.0,3,Dark Street lights on,129644,1,1,0,1,0,0,1,5,Not at intersection,3,80,129644.0,N,2518629.634,2399549.755,KNOX,METROPOLITAN SOUTH EAST REGION,Metropolitan Excluding CBD,-37.90498,145.21184,3179.0
42000027691,12/08/2000,22.15.00,3,Struck animal,7,Saturday,167,STRUCK ANIMAL                        ,VCS,9.0,61,C,4.0,5,Dark No street lights,60197,1,1,0,1,0,0,1,1,Cross intersection,3,110,60197.0,I,2506330.523,2480257.615,MITCHELL,NORTHERN REGION,Country,-37.1779,145.0713,3658.0
42000031424,6/09/2000,08.50.00,3,Struck animal,4,Wednesday,167,STRUCK ANIMAL                        ,MEL,40.0,263,G,10.0,1,Day,130315,1,2,0,1,0,1,2,5,Not at intersection,3,80,130315.0,N,2519901.098,2428273.28,NILLUMBIK,METROPOLITAN NORTH WEST REGION,Country,-37.64615,145.22552,3759.0
42000031905,21/09/2000,17.15.00,3,Struck animal,5,Thursday,167,STRUCK ANIMAL                        ,MEL,40.0,74,K,9.0,1,Day,130408,1,1,1,0,0,0,1,5,Not at intersection,2,60,130408.0,N,2528981.59,2399354.129,YARRA RANGES,METROPOLITAN SOUTH EAST REGION,Metropolitan Excluding CBD,-37.90648,145.32956000000001,3158.0
42000033109,4/10/2000,17.20.00,3,Struck animal,4,Wednesday,167,STRUCK ANIMAL                        ,MEL,40.0,119,C,12.0,1,Day,130576,1,1,0,1,0,0,1,5,Not at intersection,3,100,130576.0,N,2537901.937,2412820.757,YARRA RANGES,METROPOLITAN SOUTH EAST REGION,Metropolitan Excluding CBD,-37.78483,145.4303,3139.0
42000033127,21/09/2000,16.00.00,3,Struck animal,5,Thursday,167,STRUCK ANIMAL                        ,MEL,40.0,60,D,11.0,1,Day,189039,1,1,0,1,0,0,2,5,Not at intersection,3,60,189039.0,N,2506990.586,2403683.872,BOROONDARA,METROPOLITAN SOUTH EAST REGION,Metropolitan Excluding CBD,-37.8679,145.07945,3147.0
42000037152,2/11/2000,22.35.00,3,Struck animal,5,Thursday,167,STRUCK ANIMAL                        ,VCS,9.0,665,L,1.0,5,Dark No street lights,163208,1,1,0,1,0,0,1,5,Not at intersection,3,100,163208.0,N,2615483.904,2568181.888,WANGARATTA,NORTH EASTERN REGION,Small Provincial Cities,-36.378479999999996,146.28716,3677.0
42000038599,14/11/2000,13.30.00,3,Struck animal,3,Tuesday,167,STRUCK ANIMAL                        ,MEL,40.0,49,A,5.0,1,Day,131199,1,1,1,0,0,0,2,5,Not at intersection,2,60,131199.0,N,2517467.915,2410914.789,MANNINGHAM,METROPOLITAN SOUTH EAST REGION,Metropolitan Excluding CBD,-37.802609999999994,145.19836,3111.0
42000039651,3/12/2000,16.15.00,3,Struck animal,1,Sunday,167,STRUCK ANIMAL                        ,VCS,9.0,428,K,6.0,1,Day,111442,1,1,1,0,0,0,1,5,Not at intersection,2,100,111442.0,N,2529251.74,2437826.313,NILLUMBIK,METROPOLITAN NORTH WEST REGION,Country,-37.55983,145.33111,3763.0
42000039961,9/11/2000,06.30.00,3,Struck animal,5,Thursday,167,STRUCK ANIMAL                        ,MEL,40.0,263,F,9.0,1,Day,131475,1,1,0,1,0,0,2,5,Not at intersection,3,80,131475.0,N,2519446.673,2428754.51,NILLUMBIK,METROPOLITAN NORTH WEST REGION,Country,-37.64183,145.22036,3759.0
42001000462,16/12/2000,04.35.00,3,Struck animal,7,Saturday,167,STRUCK ANIMAL                        ,VCS,9.0,645,P,4.0,5,Dark No street lights,161838,1,1,1,0,0,0,1,5,Not at intersection,2,100,161838.0,N,2675637.451,2589459.061,WODONGA,NORTH EASTERN REGION,Country,-36.17752,146.9526,3691.0
42001000545,17/12/2000,19.00.00,3,Struck animal,1,Sunday,167,STRUCK ANIMAL                        ,MEL,40.0,22,A,8.0,1,Day,131663,1,1,0,1,0,0,1,5,Not at intersection,3,60,131663.0,O,2513806.0124,2419380.6159,NILLUMBIK,METROPOLITAN NORTH WEST REGION,Metropolitan Excluding CBD,-37.72639,145.15662,3095.0
42001005756,4/02/2001,22.30.00,3,Struck animal,1,Sunday,167,STRUCK ANIMAL                        ,MEL,40.0,75,C,3.0,3,Dark Street lights on,132299,1,1,0,1,0,0,2,5,Not at intersection,3,60,132299.0,N,2530083.483,2401939.308,YARRA RANGES,METROPOLITAN SOUTH EAST REGION,Metropolitan Excluding CBD,-37.88315,145.34198,3786.0
42001005787,4/02/2001,23.00.00,3,Struck animal,1,Sunday,167,STRUCK ANIMAL                        ,VCS,9.0,36,B,6.0,5,Dark No street lights,163308,1,4,4,0,0,0,1,5,Not at intersection,2,100,163308.0,N,2682825.011,2575540.834,INDIGO,NORTH EASTERN REGION,Country,-36.30157,147.03579,3691.0
42001007671,22/02/2001,19.30.00,3,Struck animal,5,Thursday,167,STRUCK ANIMAL                        ,VCS,9.0,417,G,8.0,1,Day,151982,1,1,1,0,0,0,2,5,Not at intersection,2,60,151982.0,N,2508038.169,2458315.062,MITCHELL,NORTHERN REGION,Country,-37.37562,145.09076000000002,3658.0
42001008256,27/02/2001,23.25.00,3,Struck animal,3,Tuesday,167,STRUCK ANIMAL                        ,MEL,40.0,37,G,8.0,3,Dark Street lights on,132570,3,3,0,1,0,2,2,5,Not at intersection,3,70,132570.0,N,2527664.697,2414574.491,YARRA RANGES,METROPOLITAN SOUTH EAST REGION,Metropolitan Excluding CBD,-37.76939,145.31401,3138.0
42001009961,9/03/2001,15.30.00,3,Struck animal,6,Friday,167,STRUCK ANIMAL                        ,MEL,40.0,21,G,10.0,1,Day,46838,1,1,1,0,0,0,1,2,T intersection,2,60,46838.0,I,2512204.007,2418641.947,NILLUMBIK,METROPOLITAN NORTH WEST REGION,Metropolitan Excluding CBD,-37.73307,145.13846,3095.0
42001011381,29/03/2001,19.15.00,3,Struck animal,5,Thursday,167,STRUCK ANIMAL                        ,VCS,9.0,80,C,7.0,5,Dark No street lights,132856,1,1,0,1,0,0,1,5,Not at intersection,3,80,132856.0,N,2557702.967,2408298.275,YARRA RANGES,METROPOLITAN SOUTH EAST REGION,Country,-37.82456,145.65545,3797.0
42001011598,25/03/2001,10.00.00,3,Struck animal,1,Sunday,167,STRUCK ANIMAL                        ,VCS,9.0,682,H,4.0,1,Day,151993,1,1,1,0,0,0,2,5,Not at intersection,2,80,151993.0,N,2524392.723,2447429.583,MURRINDINDI,NORTH EASTERN REGION,Small Towns,-37.47343,145.27579,3757.0
42001014564,30/03/2001,23.15.00,3,Struck animal,6,Friday,167,STRUCK ANIMAL                        ,VCS,9.0,37,A,1.0,5,Dark No street lights,189049,1,1,1,0,0,0,2,5,Not at intersection,2,100,189049.0,N,2729428.852,2607909.375,TOWONG,NORTH EASTERN REGION,Country,-35.999829999999996,147.54488,3709.0
42001015645,1/04/2001,17.20.00,3,Struck animal,1,Sunday,167,STRUCK ANIMAL                        ,MEL,40.0,685,F,9.0,1,Day,152009,1,4,0,4,0,0,1,5,Not at intersection,3,110,152009.0,N,2496045.388,2444584.087,MITCHELL,NORTHERN REGION,Country,-37.49938,144.95526999999998,3753.0
42001015672,15/03/2001,09.00.00,3,Struck animal,5,Thursday,167,STRUCK ANIMAL                        ,MEL,40.0,665,K,4.0,1,Day,152010,2,2,0,1,0,1,2,5,Not at intersection,3,100,152010.0,N,2501517.295,2451822.32,MITCHELL,NORTHERN REGION,Country,-37.43417,145.01715,3756.0
42001016074,4/05/2001,17.45.00,3,Struck animal,6,Friday,167,STRUCK ANIMAL                        ,VCS,9.0,35,F,6.0,5,Dark No street lights,163381,1,1,0,1,0,0,1,5,Not at intersection,3,100,163381.0,N,2663568.457,2581229.509,INDIGO,NORTH EASTERN REGION,Country,-36.25383,146.82021,3688.0
42001016994,6/05/2001,09.10.00,3,Struck animal,1,Sunday,167,STRUCK ANIMAL                        ,VCS,9.0,47,G,6.0,1,Day,19040,1,1,0,1,0,0,2,5,Not at intersection,3,100,19040.0,N,2580825.782,2522622.558,BENALLA,NORTH EASTERN REGION,Country,-36.79265,145.90573,3669.0
42001018457,17/05/2001,18.05.00,3,Struck animal,5,Thursday,167,STRUCK ANIMAL                        ,VCS,9.0,48,H,6.0,5,Dark No street lights,221999,1,2,1,0,0,1,1,2,T intersection,2,100,221999.0,I,2626634.996,2521785.333,WANGARATTA,NORTH EASTERN REGION,Country,-36.795159999999996,146.41914,3678.0
42001019163,4/06/2001,06.15.00,3,Struck animal,2,Monday,167,STRUCK ANIMAL                        ,VCS,9.0,63,D,3.0,2,Dusk/Dawn,163400,1,1,0,1,0,0,1,5,Not at intersection,3,100,163400.0,N,2600420.369,2492307.579,MANSFIELD,NORTH EASTERN REGION,Country,-37.063959999999994,146.12931,3722.0
42001019664,20/05/2001,13.00.00,3,Struck animal,1,Sunday,167,STRUCK ANIMAL                        ,VCS,9.0,48,H,7.0,1,Day,163405,1,1,1,0,0,0,2,5,Not at intersection,2,100,163405.0,O,2623881.5274,2518658.0654,WANGARATTA,NORTH EASTERN REGION,Country,-36.8237,146.3888,3678.0
42001020169,11/06/2001,06.10.00,3,Struck animal,2,Monday,167,STRUCK ANIMAL                        ,VCS,9.0,62,B,3.0,5,Dark No street lights,163409,1,1,0,1,0,0,1,5,Not at intersection,3,100,163409.0,N,2555127.827,2489017.387,MURRINDINDI,NORTH EASTERN REGION,Country,-37.097359999999995,145.62022,3719.0
42001020493,11/06/2001,11.40.00,3,Struck animal,2,Monday,167,STRUCK ANIMAL                        ,VCS,9.0,47,G,6.0,1,Day,163415,1,1,0,1,0,0,2,5,Not at intersection,3,100,163415.0,N,2582455.164,2521038.983,BENALLA,NORTH EASTERN REGION,Country,-36.806779999999996,145.92416,3669.0
42001023481,2/05/2001,19.20.00,3,Struck animal,4,Wednesday,167,STRUCK ANIMAL                        ,VCS,9.0,35,F,9.0,5,Dark No street lights,163435,1,3,0,3,0,0,2,5,Not at intersection,3,100,163435.0,N,2665097.292,2554476.796,ALPINE,NORTH EASTERN REGION,Country,-36.49463,146.84298,3740.0
42001023807,14/07/2001,16.50.00,3,Struck animal,7,Saturday,167,STRUCK ANIMAL                        ,MEL,40.0,52,G,11.0,1,Day,134234,1,1,0,1,0,0,2,5,Not at intersection,3,60,134234.0,N,2531794.318,2408558.125,YARRA RANGES,METROPOLITAN SOUTH EAST REGION,Metropolitan Excluding CBD,-37.82346,145.36113999999998,3767.0
42001024491,20/07/2001,04.15.00,3,Struck animal,6,Friday,167,STRUCK ANIMAL                        ,VCS,9.0,47,B,9.0,5,Dark No street lights,163443,1,1,0,1,0,0,1,5,Not at intersection,3,100,163443.0,N,2552079.885,2501754.252,MURRINDINDI,NORTH EASTERN REGION,Country,-36.98275,145.58505,3719.0
42001025112,1/02/2001,19.00.00,3,Struck animal,5,Thursday,167,STRUCK ANIMAL                        ,MEL,40.0,185,J,8.0,5,Dark No street lights,134264,1,1,1,0,0,0,2,5,Not at intersection,2,60,134264.0,N,2516802.827,2429331.926,NILLUMBIK,METROPOLITAN NORTH WEST REGION,Metropolitan Excluding CBD,-37.63668,145.19038999999998,3099.0
42001025516,30/07/2001,18.30.00,3,Struck animal,2,Monday,167,STRUCK ANIMAL                        ,VCS,9.0,46,H,3.0,5,Dark No street lights,163451,1,2,0,1,0,1,1,5,Not at intersection,3,100,163451.0,N,2535052.55,2543172.533,STRATHBOGIE,NORTH EASTERN REGION,Country,-36.61026,145.39186,3631.0
42001028580,4/09/2001,19.10.00,3,Struck animal,3,Tuesday,167,STRUCK ANIMAL                        ,VCS,9.0,33,G,9.0,5,Dark No street lights,163482,1,1,1,0,0,0,1,5,Not at intersection,2,100,163482.0,N,2584062.909,2558645.935,BENALLA,NORTH EASTERN REGION,Country,-36.46772,145.93802,3725.0
42001029831,12/09/2001,05.45.00,3,Struck animal,4,Wednesday,167,STRUCK ANIMAL                        ,MEL,40.0,24,D,11.0,4,Dark Street lights off,110098,1,1,0,1,0,0,2,5,Not at intersection,3,80,110098.0,N,2522449.196,2418064.036,MANNINGHAM,METROPOLITAN SOUTH EAST REGION,Country,-37.73809,145.25471000000002,3115.0
42001030333,5/09/2001,20.00.00,3,Struck animal,4,Wednesday,167,STRUCK ANIMAL                        ,VCS,9.0,47,D,6.0,5,Dark No street lights,163492,1,2,0,1,0,1,2,5,Not at intersection,3,100,163492.0,N,2565673.381,2523358.447,STRATHBOGIE,NORTH EASTERN REGION,Country,-36.7872,145.73587,3669.0
42001034989,4/11/2001,20.30.00,3,Struck animal,1,Sunday,167,STRUCK ANIMAL                        ,VCS,9.0,60,E,2.0,5,Dark No street lights,169920,1,2,1,1,0,0,1,5,Not at intersection,2,100,169920.0,N,2480950.197,2497633.655,MITCHELL,NORTHERN REGION,Country,-37.02113,144.78589,3522.0
42001038823,1/12/2001,10.25.00,3,Struck animal,7,Saturday,167,STRUCK ANIMAL                        ,VCS,9.0,60,H,5.0,1,Day,168355,1,1,0,1,0,0,1,5,Not at intersection,3,100,168355.0,N,2499790.75,2473858.429,MITCHELL,NORTHERN REGION,Country,-37.23559,144.99764,3764.0
42002006698,9/02/2002,12.10.00,3,Struck animal,7,Saturday,167,STRUCK ANIMAL                        ,VCS,9.0,653,L,9.0,1,Day,50917,1,1,0,1,0,0,1,2,T intersection,3,60,50917.0,I,2669125.634,2594063.539,WODONGA,NORTH EASTERN REGION,Small Provincial Cities,-36.137209999999996,146.87922,3690.0
42002007186,13/02/2002,08.00.00,3,Struck animal,4,Wednesday,167,STRUCK ANIMAL                        ,VCS,9.0,47,B,6.0,1,Day,163625,1,1,0,1,0,0,2,5,Not at intersection,3,100,163625.0,N,2553304.344,2525210.624,STRATHBOGIE,NORTH EASTERN REGION,Country,-36.77129,145.59715,3666.0
42002008446,4/03/2002,21.15.00,3,Struck animal,2,Monday,167,STRUCK ANIMAL                        ,MEL,40.0,278,J,8.0,5,Dark No street lights,137452,1,4,1,1,0,2,1,5,Not at intersection,2,100,137452.0,N,2548144.346,2424095.69,YARRA RANGES,METROPOLITAN SOUTH EAST REGION,Other Towns,-37.682759999999995,145.54584,3777.0
42002009778,6/03/2002,07.00.00,3,Struck animal,4,Wednesday,167,STRUCK ANIMAL                        ,VCS,9.0,46,C,6.0,1,Day,163644,1,1,0,1,0,0,2,5,Not at intersection,3,100,163644.0,N,2506412.504,2523299.536,STRATHBOGIE,NORTH EASTERN REGION,Country,-36.79,145.07185,3608.0
42002010671,7/03/2002,20.20.00,3,Struck animal,5,Thursday,167,STRUCK ANIMAL                        ,VCS,9.0,418,B,1.0,5,Dark No street lights,163648,1,1,0,1,0,0,2,5,Not at intersection,3,100,163648.0,N,2515237.132,2472599.114,MURRINDINDI,NORTH EASTERN REGION,Country,-37.246809999999996,145.17176,3658.0
42002011342,29/03/2002,23.30.00,3,Struck animal,6,Friday,167,STRUCK ANIMAL                        ,VCS,9.0,639,R,2.0,3,Dark Street lights on,152074,1,1,1,0,0,0,1,5,Not at intersection,2,60,152074.0,N,2502363.948,2460839.655,MITCHELL,NORTHERN REGION,Country,-37.3529,145.02669,3758.0
42002011342,29/03/2002,23.30.00,3,Struck animal,6,Friday,167,STRUCK ANIMAL                        ,VCS,9.0,639,R,2.0,3,Dark Street lights on,152074,1,1,1,0,0,0,1,5,Not at intersection,2,60,152074.0,N,2502363.948,2460839.655,MITCHELL,NORTHERN REGION,Other Towns,-37.3529,145.02669,3758.0
42002011972,2/04/2002,00.05.00,3,Struck animal,3,Tuesday,167,STRUCK ANIMAL                        ,VCS,9.0,61,G,4.0,3,Dark Street lights on,18147,1,1,1,0,0,0,1,5,Not at intersection,2,100,18147.0,N,2529414.336,2479163.218,MURRINDINDI,NORTH EASTERN REGION,Country,-37.18732,145.33132,3717.0
42002015564,5/05/2002,08.00.00,3,Struck animal,1,Sunday,167,STRUCK ANIMAL                        ,VCS,9.0,35,D,6.0,1,Day,163678,1,1,0,1,0,0,2,5,Not at intersection,3,100,163678.0,N,2655955.356,2577434.52,INDIGO,NORTH EASTERN REGION,Country,-36.2893,146.73628,3747.0
42002017822,16/05/2002,07.20.00,3,Struck animal,5,Thursday,167,STRUCK ANIMAL                        ,VCS,9.0,48,G,5.0,1,Day,163703,1,1,0,1,0,0,2,5,Not at intersection,3,100,163703.0,N,2619404.461,2531174.828,WANGARATTA,NORTH EASTERN REGION,Country,-36.711490000000005,146.33664,3732.0
42002018357,25/05/2002,16.10.00,3,Struck animal,7,Saturday,167,STRUCK ANIMAL                        ,VCS,9.0,80,F,5.0,2,Dusk/Dawn,152090,1,1,0,1,0,0,1,5,Not at intersection,3,80,152090.0,N,2573223.125,2421838.518,YARRA RANGES,METROPOLITAN SOUTH EAST REGION,Country,-37.70147,145.83039,3799.0
42002019242,1/06/2002,07.11.00,3,Struck animal,7,Saturday,167,STRUCK ANIMAL                        ,MEL,40.0,23,G,11.0,2,Dusk/Dawn,4808,1,1,0,1,0,0,1,5,Not at intersection,3,60,4808.0,N,2519807.532,2418225.23,MANNINGHAM,METROPOLITAN SOUTH EAST REGION,Metropolitan Excluding CBD,-37.73669,145.22473,3113.0
42002019866,4/05/2002,17.00.00,3,Struck animal,7,Saturday,167,STRUCK ANIMAL                        ,MEL,40.0,60,K,8.0,1,Day,47656,1,1,0,1,0,0,2,2,T intersection,3,50,47656.0,I,2509493.281,2404905.05,MONASH,METROPOLITAN SOUTH EAST REGION,Metropolitan Excluding CBD,-37.85687,145.10788,3125.0
42002020478,8/06/2002,10.15.00,3,Struck animal,7,Saturday,167,STRUCK ANIMAL                        ,VCS,9.0,60,F,3.0,1,Day,170034,2,4,1,0,0,3,1,5,Not at intersection,2,100,170034.0,N,2483985.512,2492098.533,MITCHELL,NORTHERN REGION,Country,-37.07107,144.81989,3522.0
42002024393,13/07/2002,18.55.00,3,Struck animal,7,Saturday,167,STRUCK ANIMAL                        ,VCS,9.0,63,B,2.0,5,Dark No street lights,163744,1,2,0,1,0,1,1,5,Not at intersection,3,100,163744.0,N,2591859.711,2494828.213,MANSFIELD,NORTH EASTERN REGION,Country,-37.042120000000004,146.03274,3722.0
42002028667,13/08/2002,16.30.00,3,Struck animal,3,Tuesday,167,STRUCK ANIMAL                        ,VCS,9.0,658,E,2.0,1,Day,163770,1,1,0,1,0,0,2,5,Not at intersection,3,60,163770.0,N,2644537.26,2593518.618,INDIGO,NORTH EASTERN REGION,Country,-36.14617,146.60616000000002,3683.0
42002028667,13/08/2002,16.30.00,3,Struck animal,3,Tuesday,167,STRUCK ANIMAL                        ,VCS,9.0,658,E,2.0,1,Day,163770,1,1,0,1,0,0,2,5,Not at intersection,3,60,163770.0,N,2644537.26,2593518.618,INDIGO,NORTH EASTERN REGION,Small Towns,-36.14617,146.60616000000002,3683.0
42002029637,19/08/2002,20.00.00,3,Struck animal,2,Monday,167,STRUCK ANIMAL                        ,MEL,40.0,79,B,1.0,3,Dark Street lights on,140457,1,1,0,1,0,0,2,5,Not at intersection,3,50,140457.0,N,2510240.524,2397790.69,MONASH,METROPOLITAN SOUTH EAST REGION,Metropolitan Excluding CBD,-37.92096,145.11647,3168.0
42002029915,1/09/2002,16.45.00,3,Struck animal,1,Sunday,167,STRUCK ANIMAL                        ,VCS,9.0,47,D,7.0,1,Day,19082,1,2,0,1,0,1,2,5,Not at intersection,3,100,19082.0,N,2563914.316,2517488.32,STRATHBOGIE,NORTH EASTERN REGION,Country,-36.84022,145.71666000000002,3666.0
42002032657,7/09/2002,00.05.00,3,Struck animal,7,Saturday,167,STRUCK ANIMAL                        ,VCS,9.0,49,G,2.0,5,Dark No street lights,18154,1,1,1,0,0,0,2,5,Not at intersection,2,100,18154.0,N,2670298.168,2550028.327,ALPINE,NORTH EASTERN REGION,Country,-36.53379,146.90202,3740.0
42002034909,19/10/2002,22.15.00,3,Struck animal,7,Saturday,167,STRUCK ANIMAL                        ,MEL,40.0,84,E,10.0,5,Dark No street lights,141237,1,2,1,1,0,0,1,5,Not at intersection,2,80,141237.0,N,2530635.422,2394269.696,YARRA RANGES,METROPOLITAN SOUTH EAST REGION,Metropolitan Excluding CBD,-37.95224,145.34857,3160.0
42002035056,21/10/2002,21.00.00,3,Struck animal,2,Monday,167,STRUCK ANIMAL                        ,VCS,9.0,33,H,9.0,5,Dark No street lights,161922,1,1,0,1,0,0,1,5,Not at intersection,3,100,161922.0,N,2585737.441,2559157.645,BENALLA,NORTH EASTERN REGION,Country,-36.462959999999995,145.95665,3725.0
42002035097,17/10/2002,08.30.00,3,Struck animal,5,Thursday,167,STRUCK ANIMAL                        ,MEL,40.0,74,K,1.0,1,Day,141429,1,1,0,1,0,0,2,5,Not at intersection,3,50,141429.0,N,2528856.154,2402781.096,YARRA RANGES,METROPOLITAN SOUTH EAST REGION,Metropolitan Excluding CBD,-37.875609999999995,145.328,3786.0
42002036117,21/10/2002,14.00.00,3,Struck animal,2,Monday,167,STRUCK ANIMAL                        ,VCS,9.0,63,C,6.0,1,Day,163816,1,1,1,0,0,0,2,5,Not at intersection,2,100,163816.0,N,2599588.973,2467437.068,MANSFIELD,NORTH EASTERN REGION,Country,-37.28816,146.12327,3723.0