ACCIDENT_NO,ACCIDENT_DATE,ACCIDENT_TIME,ACCIDENT_TYPE,ACCIDENT_TYPE_DESC,DAY_OF_WEEK,DAY_WEEK_DESC,DCA_CODE,DCA_DESC,DIRECTORY,EDITION,PAGE,GRID_REFERENCE_X,GRID_REFERENCE_Y,LIGHT_CONDITION,LIGHT_CONDITION_DESC,NODE_ID_x,NO_OF_VEHICLES,NO_PERSONS,NO_PERSONS_INJ_2,NO_PERSONS_INJ_3,NO_PERSONS_KILLED,NO_PERSONS_NOT_INJ,POLICE_ATTEND,ROAD_GEOMETRY,ROAD_GEOMETRY_DESC,SEVERITY,SPEED_ZONE,NODE_ID_y,NODE_TYPE,AMG_X,AMG_Y,LG_AREA_NAME,REGION_NAME,DEG_URBAN_NAME,LATITUDE,LONGITUDE,POSTCODE
52002013423,16/03/2002,06.45.00,3,Struck animal,7,Saturday,167,STRUCK ANIMAL                        ,VCS,9.0,98,B,5.0,2,Dusk/Dawn,186881,1,1,0,1,0,0,2,5,Not at intersection,3,100,186881.0,O,2639463.8188,2360135.3039,LATROBE,EASTERN REGION,Country,-38.24974,146.5932,3844.0
52002013467,14/04/2002,18.00.00,3,Struck animal,1,Sunday,167,STRUCK ANIMAL                        ,VCS,9.0,98,A,3.0,2,Dusk/Dawn,175827,1,1,1,0,0,0,2,5,Not at intersection,2,100,175827.0,N,2635139.062,2374410.442,LATROBE,EASTERN REGION,Country,-38.1218,146.54116000000002,3854.0
52002017706,19/05/2002,21.15.00,3,Struck animal,1,Sunday,167,STRUCK ANIMAL                        ,MEL,40.0,132,K,4.0,5,Dark No street lights,138586,1,1,0,1,0,0,1,5,Not at intersection,3,80,138586.0,N,2521150.099,2377018.449,CASEY,METROPOLITAN SOUTH EAST REGION,Metropolitan Excluding CBD,-38.10792,145.24115,3977.0
52002017759,4/04/2002,09.00.00,3,Struck animal,5,Thursday,167,STRUCK ANIMAL                        ,VCS,9.0,84,C,8.0,1,Day,51991,1,1,0,1,0,0,2,2,T intersection,3,100,51991.0,I,2734257.205,2395220.631,EAST GIPPSLAND,EASTERN REGION,Country,-37.914640000000006,147.66442,3878.0
52002018405,25/05/2002,16.15.00,3,Struck animal,7,Saturday,167,STRUCK ANIMAL                        ,VCS,9.0,81,H,8.0,2,Dusk/Dawn,21120,1,1,0,1,0,0,2,5,Not at intersection,3,100,21120.0,O,2622244.7691,2395258.0731,BAW BAW,EASTERN REGION,Country,-37.935790000000004,146.39066,3825.0
52002021915,20/06/2002,23.30.00,3,Struck animal,5,Thursday,167,STRUCK ANIMAL                        ,VCS,9.0,98,E,2.0,6,Dark Street lights unknown,175898,1,1,0,1,0,0,1,5,Not at intersection,3,100,175898.0,N,2658133.18,2384063.665,WELLINGTON,EASTERN REGION,Country,-38.031209999999994,146.80125,3858.0
52002023501,7/07/2002,10.30.00,3,Struck animal,1,Sunday,167,STRUCK ANIMAL                        ,VCS,9.0,98,B,5.0,1,Day,174098,1,1,0,1,0,0,2,5,Not at intersection,3,100,174098.0,O,2638476.6439,2361431.6469,LATROBE,EASTERN REGION,Country,-38.238209999999995,146.58167,3844.0
52002024602,15/07/2002,05.50.00,3,Struck animal,2,Monday,167,STRUCK ANIMAL                        ,MEL,40.0,94,H,11.0,5,Dark No street lights,114785,1,1,0,1,0,0,2,5,Not at intersection,3,90,114785.0,N,2516312.291,2383965.826,DANDENONG,METROPOLITAN SOUTH EAST REGION,Metropolitan Excluding CBD,-38.045429999999996,145.18583,3175.0
52002024845,21/07/2002,17.50.00,3,Struck animal,1,Sunday,167,STRUCK ANIMAL                        ,VCS,9.0,103,B,5.0,5,Dark No street lights,22384,1,1,0,1,0,0,2,5,Not at intersection,3,100,22384.0,N,2597395.605,2306918.755,SOUTH GIPPSLAND,EASTERN REGION,Country,-38.7344,146.11982,3959.0
52002025039,24/07/2002,06.00.00,3,Struck animal,4,Wednesday,167,STRUCK ANIMAL                        ,VCS,9.0,102,G,3.0,5,Dark No street lights,175926,1,1,0,1,0,0,2,5,Not at intersection,3,100,175926.0,O,2576093.1609,2320430.4633,SOUTH GIPPSLAND,EASTERN REGION,Country,-38.61473,145.87349,3953.0
52002026488,3/08/2002,11.00.00,3,Struck animal,7,Saturday,167,STRUCK ANIMAL                        ,VCS,9.0,98,D,8.0,1,Day,175939,1,1,0,1,0,0,2,5,Not at intersection,3,100,175939.0,O,2650263.7522,2341411.7138,WELLINGTON,EASTERN REGION,Country,-38.41668,146.72041000000002,3844.0
52002027459,10/08/2002,21.10.00,3,Struck animal,7,Saturday,167,STRUCK ANIMAL                        ,MEL,40.0,193,J,1.0,1,Day,139693,1,2,0,1,0,1,1,5,Not at intersection,3,90,139693.0,N,2512735.837,2349269.23,MORNINGTON PENINSULA,METROPOLITAN SOUTH EAST REGION,Country,-38.35804,145.14569,3926.0
52002031207,15/09/2002,00.25.00,3,Struck animal,1,Sunday,167,STRUCK ANIMAL                        ,VCS,9.0,688,E,6.0,3,Dark Street lights on,51939,1,1,1,0,0,0,1,2,T intersection,2,50,51939.0,I,2729334.487,2405645.164,EAST GIPPSLAND,EASTERN REGION,Small Provincial Cities,-37.821979999999996,147.60521,3875.0
52002031682,20/09/2002,02.12.00,3,Struck animal,6,Friday,167,STRUCK ANIMAL                        ,MEL,40.0,135,D,12.0,5,Dark No street lights,140767,1,1,0,1,0,0,1,5,Not at intersection,3,100,140767.0,N,2530565.953,2373815.511,CASEY,METROPOLITAN SOUTH EAST REGION,Small Towns,-38.136509999999994,145.34864,3978.0
52002032407,23/09/2002,21.30.00,3,Struck animal,2,Monday,167,STRUCK ANIMAL                        ,VCS,9.0,97,G,6.0,5,Dark No street lights,175984,1,1,1,0,0,0,1,5,Not at intersection,2,100,175984.0,N,2615303.154,2356500.406,LATROBE,EASTERN REGION,Country,-38.28581,146.3178,3840.0
52002033017,30/09/2002,18.30.00,3,Struck animal,2,Monday,167,STRUCK ANIMAL                        ,VCS,9.0,99,C,7.0,5,Dark No street lights,21384,1,1,1,0,0,0,1,5,Not at intersection,2,100,21384.0,N,2682861.818,2347142.857,WELLINGTON,EASTERN REGION,Country,-38.359190000000005,147.09208,3851.0
52002033584,3/10/2002,07.30.00,3,Struck animal,5,Thursday,167,STRUCK ANIMAL                        ,VCS,9.0,84,D,7.0,1,Day,175997,1,1,1,0,0,0,1,5,Not at intersection,2,100,175997.0,N,2738778.004,2404873.956,EAST GIPPSLAND,EASTERN REGION,Country,-37.82655,147.71268,3882.0
52002034941,9/10/2002,19.30.00,3,Struck animal,4,Wednesday,167,STRUCK ANIMAL                        ,VCS,9.0,97,F,7.0,1,Day,176011,1,1,0,1,0,0,2,5,Not at intersection,3,100,176011.0,N,2610792.326,2353506.616,LATROBE,EASTERN REGION,Country,-38.313320000000004,146.26671000000002,3871.0
52002036079,25/10/2002,21.45.00,3,Struck animal,6,Friday,167,STRUCK ANIMAL                        ,VCS,9.0,96,G,9.0,5,Dark No street lights,176019,1,1,1,0,0,0,1,5,Not at intersection,2,100,176019.0,N,2580731.547,2333670.973,SOUTH GIPPSLAND,EASTERN REGION,Country,-38.495090000000005,145.92525,3953.0
52002038172,17/11/2002,22.40.00,3,Struck animal,1,Sunday,167,STRUCK ANIMAL                        ,VCS,9.0,96,G,4.0,5,Dark No street lights,174119,1,1,1,0,0,0,1,5,Not at intersection,2,100,174119.0,N,2577376.964,2368048.144,BAW BAW,EASTERN REGION,Country,-38.18574,145.88315,3821.0
52002039205,18/11/2002,21.30.00,3,Struck animal,2,Monday,167,STRUCK ANIMAL                        ,MEL,40.0,136,J,9.0,5,Dark No street lights,138628,1,1,0,1,0,0,1,5,Not at intersection,3,80,138628.0,N,2520626.602,2370068.97,CASEY,METROPOLITAN SOUTH EAST REGION,Country,-38.17054,145.23537,3977.0
52002042010,15/12/2002,03.00.00,3,Struck animal,1,Sunday,167,STRUCK ANIMAL                        ,VCS,9.0,99,B,6.0,5,Dark No street lights,176097,1,1,0,1,0,0,2,5,Not at intersection,3,100,176097.0,N,2678258.615,2358149.592,WELLINGTON,EASTERN REGION,Country,-38.26096,147.03673999999998,3851.0
52003000179,6/12/2002,21.35.00,3,Struck animal,6,Friday,167,STRUCK ANIMAL                        ,VCS,9.0,98,A,6.0,5,Dark No street lights,176108,1,1,1,0,0,0,1,5,Not at intersection,2,100,176108.0,N,2634891.825,2356049.081,LATROBE,EASTERN REGION,Country,-38.28722,146.54173,3844.0
52003000988,24/12/2002,14.50.00,3,Struck animal,3,Tuesday,167,STRUCK ANIMAL                        ,VCS,9.0,85,D,5.0,1,Day,22114,1,1,0,1,0,0,2,5,Not at intersection,3,100,22114.0,N,2777828.663,2412495.371,EAST GIPPSLAND,EASTERN REGION,Country,-37.74707,148.15316,3888.0
52003002083,10/01/2003,19.10.00,3,Struck animal,6,Friday,167,STRUCK ANIMAL                        ,VCS,9.0,85,D,5.0,2,Dusk/Dawn,176134,1,1,0,1,0,0,1,5,Not at intersection,3,100,176134.0,N,2779145.828,2412793.989,EAST GIPPSLAND,EASTERN REGION,Country,-37.743990000000004,148.16798,3888.0
52003002347,11/01/2003,06.45.00,3,Struck animal,7,Saturday,167,STRUCK ANIMAL                        ,VCS,9.0,97,H,5.0,2,Dusk/Dawn,174132,1,1,1,0,0,0,1,5,Not at intersection,2,100,174132.0,N,2622846.139,2366150.088,LATROBE,EASTERN REGION,Country,-38.19792,146.40238,3840.0
52003002856,19/01/2003,11.00.00,3,Struck animal,1,Sunday,167,STRUCK ANIMAL                        ,VCS,9.0,83,F,8.0,1,Day,176143,1,1,0,1,0,0,1,5,Not at intersection,3,100,176143.0,N,2698137.44,2398612.841,WELLINGTON,EASTERN REGION,Country,-37.89249,147.25285,3862.0
52003002908,8/01/2003,14.00.00,3,Struck animal,4,Wednesday,167,STRUCK ANIMAL                        ,MEL,40.0,100,E,3.0,1,Day,142474,1,1,1,0,0,0,2,5,Not at intersection,2,60,142474.0,N,2515104.17,2377579.996,FRANKSTON,METROPOLITAN SOUTH EAST REGION,Metropolitan Excluding CBD,-38.10298,145.1722,3201.0
52003002909,15/01/2003,06.30.00,3,Struck animal,4,Wednesday,167,STRUCK ANIMAL                        ,VCS,9.0,98,E,5.0,2,Dusk/Dawn,174134,1,1,0,1,0,0,1,5,Not at intersection,3,100,174134.0,N,2656368.732,2364198.404,WELLINGTON,EASTERN REGION,Country,-38.210440000000006,146.7854,3847.0
52003002977,17/01/2003,23.45.00,3,Struck animal,6,Friday,167,STRUCK ANIMAL                        ,VCS,9.0,469,G,7.0,5,Dark No street lights,50378,3,12,4,1,2,5,1,2,T intersection,1,100,50378.0,I,2542161.103,2339654.562,BASS COAST,EASTERN REGION,Country,-38.44377,145.48286000000002,3984.0
52003003398,10/01/2003,13.15.00,3,Struck animal,6,Friday,167,STRUCK ANIMAL                        ,VCS,9.0,80,H,9.0,1,Day,74320,1,1,1,0,0,0,2,5,Not at intersection,2,100,74320.0,O,2586007.0425,2394761.2078,BAW BAW,EASTERN REGION,Country,-37.94433,145.97851,3831.0
52003003522,20/01/2003,04.10.00,3,Struck animal,2,Monday,167,STRUCK ANIMAL                        ,MEL,40.0,89,B,12.0,3,Dark Street lights on,142513,1,2,0,2,0,0,1,5,Not at intersection,3,80,142513.0,N,2514098.763,2388329.735,DANDENONG,METROPOLITAN SOUTH EAST REGION,Metropolitan Excluding CBD,-38.00615,145.16053,3173.0
52003004054,22/01/2003,22.20.00,3,Struck animal,4,Wednesday,167,STRUCK ANIMAL                        ,VCS,9.0,104,G,2.0,5,Dark No street lights,176165,1,1,0,1,0,0,1,5,Not at intersection,3,100,176165.0,N,2659610.071,2326876.226,WELLINGTON,EASTERN REGION,Country,-38.546,146.83059,3874.0
52003006413,8/07/2002,12.10.00,3,Struck animal,2,Monday,167,STRUCK ANIMAL                        ,VCS,9.0,683,S,6.0,1,Day,174140,1,1,0,1,0,0,2,5,Not at intersection,3,60,174140.0,N,2920178.834,2427590.301,EAST GIPPSLAND,EASTERN REGION,Small Towns,-37.55789,149.75794,3892.0
52003007143,9/02/2003,05.15.00,3,Struck animal,1,Sunday,167,STRUCK ANIMAL                        ,VCS,9.0,96,D,7.0,5,Dark No street lights,152440,1,1,0,1,0,0,2,5,Not at intersection,3,100,152440.0,N,2562376.504,2352074.46,SOUTH GIPPSLAND,EASTERN REGION,Country,-38.33076,145.71331,3988.0
52003008139,8/03/2003,03.12.00,3,Struck animal,7,Saturday,167,STRUCK ANIMAL                        ,MEL,40.0,159,K,7.0,5,Dark No street lights,143104,1,1,1,0,0,0,1,5,Not at intersection,2,100,143104.0,N,2497755.993,2351681.985,MORNINGTON PENINSULA,METROPOLITAN SOUTH EAST REGION,Metropolitan Excluding CBD,-38.3364,144.97433999999998,3936.0
52003010054,9/03/2003,13.30.00,3,Struck animal,1,Sunday,167,STRUCK ANIMAL                        ,VCS,9.0,84,G,5.0,1,Day,22118,1,1,0,1,0,0,2,5,Not at intersection,3,100,22118.0,N,2755982.21,2414116.038,EAST GIPPSLAND,EASTERN REGION,Country,-37.73874,147.90482,3885.0
52003010590,26/03/2003,05.30.00,3,Struck animal,4,Wednesday,167,STRUCK ANIMAL                        ,VCS,9.0,714,B,6.0,5,Dark No street lights,152446,1,1,1,0,0,0,1,5,Not at intersection,2,100,152446.0,N,2545947.906,2342983.095,BASS COAST,EASTERN REGION,Country,-38.41361,145.52602,3984.0
52003011310,2/02/2003,10.30.00,3,Struck animal,1,Sunday,167,STRUCK ANIMAL                        ,VCS,9.0,97,G,2.0,1,Day,22120,1,1,0,1,0,0,2,5,Not at intersection,3,80,22120.0,N,2620232.97,2386122.526,BAW BAW,EASTERN REGION,Country,-38.01835,146.36927,3825.0
52003012969,18/04/2003,13.40.00,3,Struck animal,6,Friday,167,STRUCK ANIMAL                        ,VCS,9.0,96,G,3.0,1,Day,176257,1,1,0,1,0,0,1,5,Not at intersection,3,100,176257.0,N,2581188.653,2375806.318,BAW BAW,EASTERN REGION,Country,-38.115520000000004,145.92578999999998,3820.0
52003013302,19/04/2003,06.15.00,3,Struck animal,7,Saturday,167,STRUCK ANIMAL                        ,VCS,9.0,459,D,3.0,1,Day,143727,1,1,0,1,0,0,1,5,Not at intersection,3,80,143727.0,N,2537191.308,2372726.023,CARDINIA,METROPOLITAN SOUTH EAST REGION,Country,-38.14608,145.42426,3978.0
52003014492,30/04/2003,07.50.00,3,Struck animal,4,Wednesday,167,STRUCK ANIMAL                        ,VCS,9.0,83,H,8.0,1,Day,176275,3,3,2,0,0,1,1,5,Not at intersection,2,100,176275.0,N,2709778.189,2398518.531,EAST GIPPSLAND,EASTERN REGION,Country,-37.89078,147.38518,3864.0
52003018689,30/05/2003,17.30.00,3,Struck animal,6,Friday,167,STRUCK ANIMAL                        ,VCS,9.0,99,B,7.0,2,Dusk/Dawn,176312,1,1,0,1,0,0,2,5,Not at intersection,3,100,176312.0,N,2676353.185,2350206.754,WELLINGTON,EASTERN REGION,Country,-38.33286,147.0169,3851.0
52003018711,2/06/2003,04.00.00,3,Struck animal,2,Monday,167,STRUCK ANIMAL                        ,MEL,40.0,317,F,12.0,5,Dark No street lights,144368,1,1,0,1,0,0,1,5,Not at intersection,3,100,144368.0,N,2543010.744,2378715.297,CARDINIA,METROPOLITAN SOUTH EAST REGION,Country,-38.091879999999996,145.49029,3810.0
52003021063,18/06/2003,05.25.00,3,Struck animal,4,Wednesday,167,STRUCK ANIMAL                        ,VCS,9.0,469,F,6.0,5,Dark No street lights,152460,1,1,0,1,0,0,1,5,Not at intersection,3,100,152460.0,N,2540185.152,2341625.663,BASS COAST,EASTERN REGION,Country,-38.426109999999994,145.46013,3984.0
52003022452,4/07/2003,16.30.00,3,Struck animal,6,Friday,167,STRUCK ANIMAL                        ,MEL,40.0,312,B,1.0,1,Day,144748,1,1,0,1,0,0,2,5,Not at intersection,3,100,144748.0,N,2545277.077,2397903.475,CARDINIA,METROPOLITAN SOUTH EAST REGION,Country,-37.9189,145.51494,3781.0
52003022758,5/07/2003,15.40.00,3,Struck animal,7,Saturday,167,STRUCK ANIMAL                        ,MEL,40.0,167,J,6.0,1,Day,44114,1,1,1,0,0,0,1,2,T intersection,2,80,44114.0,I,2481538.543,2346874.92,MORNINGTON PENINSULA,METROPOLITAN SOUTH EAST REGION,Metropolitan Excluding CBD,-38.379509999999996,144.78875,3941.0
52003023331,22/06/2003,11.30.00,3,Struck animal,1,Sunday,167,STRUCK ANIMAL                        ,VCS,9.0,81,E,8.0,1,Day,185913,1,1,0,1,0,0,2,5,Not at intersection,3,60,185913.0,N,2609135.463,2399572.061,BAW BAW,EASTERN REGION,Country,-37.898559999999996,146.24091,3825.0
52003023335,30/06/2003,23.00.00,3,Struck animal,2,Monday,167,STRUCK ANIMAL                        ,MEL,40.0,132,G,12.0,5,Dark No street lights,144729,1,1,1,0,0,0,1,5,Not at intersection,2,100,144729.0,N,2519841.146,2374038.115,FRANKSTON,METROPOLITAN SOUTH EAST REGION,Metropolitan Excluding CBD,-38.1348,145.2263,3910.0
52003023502,10/07/2003,06.45.00,3,Struck animal,5,Thursday,167,STRUCK ANIMAL                        ,VCS,9.0,709,T,1.0,5,Dark No street lights,152462,1,1,0,1,0,0,1,5,Not at intersection,3,80,152462.0,N,2558680.001,2352640.192,SOUTH GIPPSLAND,EASTERN REGION,Country,-38.3259,145.671,3987.0
52003023502,10/07/2003,06.45.00,3,Struck animal,5,Thursday,167,STRUCK ANIMAL                        ,VCS,9.0,709,T,1.0,5,Dark No street lights,152462,1,1,0,1,0,0,1,5,Not at intersection,3,80,152462.0,N,2558680.001,2352640.192,SOUTH GIPPSLAND,EASTERN REGION,Small Towns,-38.3259,145.671,3987.0
52003024992,15/07/2003,23.55.00,3,Struck animal,3,Tuesday,167,STRUCK ANIMAL                        ,VCS,9.0,697,M,4.0,5,Dark No street lights,185882,1,1,1,0,0,0,2,5,Not at intersection,2,80,185882.0,N,2636780.605,2367106.402,LATROBE,EASTERN REGION,Small Provincial Cities,-38.18735,146.56124,3844.0
52003026354,26/07/2003,23.30.00,3,Struck animal,7,Saturday,167,STRUCK ANIMAL                        ,VCS,9.0,80,G,8.0,5,Dark No street lights,185892,1,3,0,1,0,2,2,5,Not at intersection,3,60,185892.0,N,2581395.847,2400463.265,BAW BAW,EASTERN REGION,Country,-37.89338,145.92542,3833.0
52003026743,7/08/2003,05.10.00,3,Struck animal,5,Thursday,167,STRUCK ANIMAL                        ,VCS,9.0,686,N,7.0,5,Dark No street lights,186871,1,1,0,1,0,0,1,5,Not at intersection,3,100,186871.0,N,2737434.612,2396244.052,EAST GIPPSLAND,EASTERN REGION,Small Towns,-37.90461,147.70021,3880.0
52003030044,6/09/2003,01.00.00,3,Struck animal,7,Saturday,167,STRUCK ANIMAL                        ,VCS,9.0,98,B,7.0,5,Dark No street lights,148340,1,1,1,0,0,0,2,5,Not at intersection,2,100,148340.0,N,2637483.448,2350721.695,LATROBE,EASTERN REGION,Country,-38.33482,146.57235,3844.0
52003032888,3/10/2003,22.40.00,3,Struck animal,6,Friday,167,STRUCK ANIMAL                        ,MEL,40.0,253,A,5.0,5,Dark No street lights,145898,1,1,1,0,0,0,1,5,Not at intersection,2,100,145898.0,N,2490142.679,2342544.591,MORNINGTON PENINSULA,METROPOLITAN SOUTH EAST REGION,Country,-38.41865,144.88714,3939.0
52003032975,30/09/2003,21.00.00,3,Struck animal,3,Tuesday,167,STRUCK ANIMAL                        ,VCS,9.0,103,D,4.0,5,Dark No street lights,149248,1,1,0,1,0,0,1,5,Not at intersection,3,100,149248.0,N,2603914.825,2313541.239,SOUTH GIPPSLAND,EASTERN REGION,Country,-38.67405,146.19382,3960.0
52003034460,10/10/2003,16.30.00,3,Struck animal,6,Friday,167,STRUCK ANIMAL                        ,VCS,9.0,99,H,4.0,1,Day,149269,1,5,1,4,0,0,2,5,Not at intersection,2,100,149269.0,N,2709558.893,2368810.003,WELLINGTON,EASTERN REGION,Country,-38.1584,147.39117,3851.0
52003034940,18/10/2003,21.50.00,3,Struck animal,7,Saturday,167,STRUCK ANIMAL                        ,MEL,40.0,132,J,3.0,5,Dark No street lights,145929,1,2,0,2,0,0,1,5,Not at intersection,3,100,145929.0,N,2520602.331,2377734.629,CASEY,METROPOLITAN SOUTH EAST REGION,Metropolitan Excluding CBD,-38.10148,145.23488,3977.0
52003035627,18/10/2003,10.55.00,3,Struck animal,7,Saturday,167,STRUCK ANIMAL                        ,MEL,40.0,731,G,5.0,1,Day,152489,1,1,1,0,0,0,1,5,Not at intersection,2,100,152489.0,N,2517572.142,2334484.693,BASS COAST,EASTERN REGION,Country,-38.49113,145.20138,3922.0
52003036933,23/10/2003,19.00.00,3,Struck animal,5,Thursday,167,STRUCK ANIMAL                        ,VCS,9.0,65,H,3.0,2,Dusk/Dawn,149299,1,1,0,1,0,0,2,5,Not at intersection,3,100,149299.0,N,2714330.36,2486684.013,EAST GIPPSLAND,EASTERN REGION,Country,-37.09554,147.41153,3898.0
52003040206,27/11/2003,18.30.00,3,Struck animal,5,Thursday,167,STRUCK ANIMAL                        ,VCS,9.0,469,H,6.0,1,Day,152500,1,2,0,1,0,1,2,5,Not at intersection,3,100,152500.0,N,2543794.406,2341107.352,BASS COAST,EASTERN REGION,Country,-38.430609999999994,145.50148000000002,3990.0
52003040525,8/12/2003,06.50.00,3,Struck animal,2,Monday,167,STRUCK ANIMAL                        ,VCS,9.0,96,C,3.0,2,Dusk/Dawn,48586,1,1,0,1,0,0,1,2,T intersection,3,110,48586.0,N,2557369.352,2380789.126,CARDINIA,METROPOLITAN SOUTH EAST REGION,Country,-38.07242,145.6538,3814.0
52003041329,6/12/2003,00.10.00,3,Struck animal,7,Saturday,167,STRUCK ANIMAL                        ,VCS,9.0,96,H,2.0,3,Dark Street lights on,149340,1,1,1,0,0,0,2,5,Not at intersection,2,80,149340.0,N,2583876.259,2385536.055,BAW BAW,EASTERN REGION,Country,-38.02763,145.95532,3831.0
52004000636,24/12/2003,14.30.00,3,Struck animal,4,Wednesday,167,STRUCK ANIMAL                        ,VCS,9.0,69,E,5.0,1,Day,149352,1,1,0,1,0,0,2,5,Not at intersection,3,100,149352.0,N,2871546.301,2443241.127,EAST GIPPSLAND,EASTERN REGION,Country,-37.43762,149.20019,3890.0
52004003724,25/01/2004,17.25.00,3,Struck animal,1,Sunday,167,STRUCK ANIMAL                        ,MEL,40.0,150,E,12.0,1,Day,147078,1,2,0,2,0,0,1,5,Not at intersection,3,50,147078.0,N,2499580.334,2354467.981,MORNINGTON PENINSULA,METROPOLITAN SOUTH EAST REGION,Metropolitan Excluding CBD,-38.3113,144.9952,3936.0
52004005287,11/02/2004,18.15.00,3,Struck animal,4,Wednesday,167,STRUCK ANIMAL                        ,VCS,9.0,85,G,4.0,1,Day,189309,1,1,1,0,0,0,1,5,Not at intersection,2,100,189309.0,N,2796536.742,2419083.993,EAST GIPPSLAND,EASTERN REGION,Country,-37.68197,148.36267,3888.0
52004008202,29/02/2004,11.30.00,3,Struck animal,1,Sunday,167,STRUCK ANIMAL                        ,VCS,9.0,80,B,9.0,1,Day,147657,1,1,1,0,0,0,2,5,Not at intersection,2,999,147657.0,O,2552388.2178,2391762.4747,CARDINIA,METROPOLITAN SOUTH EAST REGION,Country,-37.97385,145.59625,3783.0
52004011415,24/02/2004,11.00.00,3,Struck animal,3,Tuesday,167,STRUCK ANIMAL                        ,VCS,9.0,82,G,7.0,1,Day,147705,1,1,0,1,0,0,2,5,Not at intersection,3,100,147705.0,N,2667318.842,2402075.036,WELLINGTON,EASTERN REGION,Country,-37.86736,146.90176,3859.0
52004012027,7/04/2004,05.42.00,3,Struck animal,4,Wednesday,167,STRUCK ANIMAL                        ,MEL,40.0,96,B,4.0,2,Dusk/Dawn,148209,1,4,0,1,0,3,1,5,Not at intersection,3,100,148209.0,N,2521845.637,2387017.13,DANDENONG,METROPOLITAN SOUTH EAST REGION,Metropolitan Excluding CBD,-38.01783,145.24878,3175.0
52004014791,2/05/2004,18.00.00,3,Struck animal,1,Sunday,167,STRUCK ANIMAL                        ,VCS,9.0,703,M,9.0,5,Dark No street lights,148740,1,2,0,1,0,1,1,5,Not at intersection,3,110,148740.0,N,2592735.756,2365956.724,BAW BAW,EASTERN REGION,Country,-38.20317,146.0587,3823.0
52004015976,6/05/2004,23.10.00,3,Struck animal,5,Thursday,167,STRUCK ANIMAL                        ,VCS,9.0,82,E,8.0,5,Dark No street lights,188222,2,2,1,1,0,0,2,5,Not at intersection,2,100,188222.0,N,2658840.102,2398530.409,WELLINGTON,EASTERN REGION,Country,-37.90078,146.80617,3859.0
52004016427,17/05/2004,04.15.00,3,Struck animal,2,Monday,167,STRUCK ANIMAL                        ,MEL,40.0,214,D,3.0,5,Dark No street lights,3932,2,2,0,1,0,1,1,5,Not at intersection,3,80,3932.0,N,2534468.544,2382619.901,CARDINIA,METROPOLITAN SOUTH EAST REGION,Small Towns,-38.05706,145.39273,3809.0
52004017318,15/05/2004,12.30.00,3,Struck animal,7,Saturday,167,STRUCK ANIMAL                        ,VCS,9.0,81,E,7.0,1,Day,148989,1,1,1,0,0,0,2,5,Not at intersection,2,100,148989.0,N,2608150.032,2404058.67,BAW BAW,EASTERN REGION,Country,-37.858259999999994,146.22904,3825.0
52004018179,1/06/2004,01.55.00,3,Struck animal,3,Tuesday,167,STRUCK ANIMAL                        ,VCS,9.0,97,J,5.0,5,Dark No street lights,218027,1,1,1,0,0,0,1,5,Not at intersection,2,100,218027.0,N,2630936.574,2364802.498,LATROBE,EASTERN REGION,Country,-38.20895,146.49496000000002,3844.0
52004018179,1/06/2004,01.55.00,3,Struck animal,3,Tuesday,167,STRUCK ANIMAL                        ,VCS,9.0,97,J,5.0,5,Dark No street lights,218027,1,1,1,0,0,0,1,5,Not at intersection,2,100,218027.0,N,2630936.574,2364802.498,LATROBE,EASTERN REGION,Small Provincial Cities,-38.20895,146.49496000000002,3844.0
52004027438,21/08/2004,19.30.00,3,Struck animal,7,Saturday,167,STRUCK ANIMAL                        ,MEL,40.0,315,F,7.0,3,Dark Street lights on,187646,1,1,1,0,0,0,2,5,Not at intersection,2,80,187646.0,N,2543107.033,2385541.273,CARDINIA,METROPOLITAN SOUTH EAST REGION,Country,-38.03038,145.49098999999998,3810.0
52004027568,21/08/2004,15.30.00,3,Struck animal,7,Saturday,167,STRUCK ANIMAL                        ,MEL,40.0,299,J,7.0,1,Day,187629,1,1,0,1,0,0,2,5,Not at intersection,3,80,187629.0,N,2552034.851,2395586.935,CARDINIA,METROPOLITAN SOUTH EAST REGION,Country,-37.93942,145.59196,3783.0
52004028768,22/08/2004,05.25.00,3,Struck animal,1,Sunday,167,STRUCK ANIMAL                        ,MEL,40.0,132,E,3.0,5,Dark No street lights,187797,1,1,0,1,0,0,1,5,Not at intersection,3,100,187797.0,N,2518959.312,2377365.616,FRANKSTON,METROPOLITAN SOUTH EAST REGION,Metropolitan Excluding CBD,-38.10484,145.21616,3977.0