ACCIDENT_NO,ACCIDENT_DATE,ACCIDENT_TIME,ACCIDENT_TYPE,ACCIDENT_TYPE_DESC,DAY_OF_WEEK,DAY_WEEK_DESC,DCA_CODE,DCA_DESC,DIRECTORY,EDITION,PAGE,GRID_REFERENCE_X,GRID_REFERENCE_Y,LIGHT_CONDITION,LIGHT_CONDITION_DESC,NODE_ID_x,NO_OF_VEHICLES,NO_PERSONS,NO_PERSONS_INJ_2,NO_PERSONS_INJ_3,NO_PERSONS_KILLED,NO_PERSONS_NOT_INJ,POLICE_ATTEND,ROAD_GEOMETRY,ROAD_GEOMETRY_DESC,SEVERITY,SPEED_ZONE,NODE_ID_y,NODE_TYPE,AMG_X,AMG_Y,LG_AREA_NAME,REGION_NAME,DEG_URBAN_NAME,LATITUDE,LONGITUDE,POSTCODE
52004032612,25/09/2004,01.18.00,3,Struck animal,7,Saturday,167,STRUCK ANIMAL                        ,VCS,9.0,706,C,2.0,5,Dark No street lights,188561,1,1,0,1,0,0,1,5,Not at intersection,3,100,188561.0,N,2573719.789,2376103.076,BAW BAW,EASTERN REGION,Other Towns,-38.11347,145.8406,3818.0
52004034344,19/10/2004,22.45.00,3,Struck animal,3,Tuesday,167,STRUCK ANIMAL                        ,MEL,40.0,134,G,7.0,5,Dark No street lights,191966,1,1,0,1,0,0,1,5,Not at intersection,3,100,191966.0,N,2527892.752,2375924.956,CASEY,METROPOLITAN SOUTH EAST REGION,Metropolitan Excluding CBD,-38.11759,145.31806,3978.0
52004036843,14/10/2004,14.30.00,3,Struck animal,5,Thursday,167,STRUCK ANIMAL                        ,MEL,40.0,106,J,4.0,1,Day,193130,1,1,0,1,0,0,2,5,Not at intersection,3,60,193130.0,N,2513080.307,2367513.022,FRANKSTON,METROPOLITAN SOUTH EAST REGION,Metropolitan Excluding CBD,-38.1937,145.14931,3199.0
52004036888,22/10/2004,13.10.00,3,Struck animal,6,Friday,167,STRUCK ANIMAL                        ,VCS,9.0,98,G,2.0,1,Day,193138,1,3,0,1,0,2,1,5,Not at intersection,3,100,193138.0,N,2664949.474,2384528.082,WELLINGTON,EASTERN REGION,Country,-38.02584,146.87877,3858.0
52004038376,14/11/2004,09.20.00,3,Struck animal,1,Sunday,167,STRUCK ANIMAL                        ,MEL,40.0,99,H,2.0,1,Day,24864,1,1,0,1,0,0,2,5,Not at intersection,3,100,24864.0,N,2512528.302,2377905.417,FRANKSTON,METROPOLITAN SOUTH EAST REGION,Metropolitan Excluding CBD,-38.10009,145.14283,3198.0
52005001725,2/01/2005,17.55.00,3,Struck animal,1,Sunday,167,STRUCK ANIMAL                        ,VCS,9.0,99,D,3.0,1,Day,194649,1,1,0,1,0,0,1,5,Not at intersection,3,100,194649.0,N,2687079.361,2376490.654,WELLINGTON,EASTERN REGION,Country,-38.09404,147.1328,3851.0
52005001753,22/12/2004,01.00.00,3,Struck animal,4,Wednesday,167,STRUCK ANIMAL                        ,VCS,9.0,85,B,5.0,5,Dark No street lights,194460,1,2,0,2,0,0,2,1,Cross intersection,3,100,194460.0,N,2767155.269,2419193.139,EAST GIPPSLAND,EASTERN REGION,Country,-37.68988,148.02969,3887.0
52005005139,29/01/2005,23.00.00,3,Struck animal,7,Saturday,167,STRUCK ANIMAL                        ,MEL,40.0,314,F,6.0,5,Dark No street lights,195064,1,2,0,2,0,0,2,5,Not at intersection,3,80,195064.0,N,2546985.189,2390807.53,CARDINIA,METROPOLITAN SOUTH EAST REGION,Country,-37.98274,145.53482,3810.0
52005005143,22/01/2005,10.00.00,3,Struck animal,7,Saturday,167,STRUCK ANIMAL                        ,VCS,9.0,82,C,5.0,1,Day,195066,1,1,0,1,0,0,2,5,Not at intersection,3,100,195066.0,N,2645457.755,2421415.877,WELLINGTON,EASTERN REGION,Country,-37.6968,146.64953,3858.0
52005006760,11/02/2005,03.40.00,3,Struck animal,6,Friday,167,STRUCK ANIMAL                        ,MEL,40.0,102,A,9.0,3,Dark Street lights on,195368,1,1,1,0,0,0,1,5,Not at intersection,2,80,195368.0,N,2509759.911,2370081.623,FRANKSTON,METROPOLITAN SOUTH EAST REGION,Metropolitan Excluding CBD,-38.1706,145.11137,3199.0
52005010044,26/02/2005,03.00.00,3,Struck animal,7,Saturday,167,STRUCK ANIMAL                        ,VCS,9.0,69,D,6.0,5,Dark No street lights,197306,1,1,0,1,0,0,1,5,Not at intersection,3,100,197306.0,N,2866997.259,2430153.849,EAST GIPPSLAND,EASTERN REGION,Country,-37.55724,149.15528999999998,3890.0
52005010049,20/03/2005,03.48.00,3,Struck animal,1,Sunday,167,STRUCK ANIMAL                        ,MEL,40.0,147,J,7.0,5,Dark No street lights,135872,1,3,2,0,1,0,1,5,Not at intersection,1,90,135872.0,N,2512916.788,2361200.041,MORNINGTON PENINSULA,METROPOLITAN SOUTH EAST REGION,Country,-38.25057,145.14755,3913.0
52005010849,17/03/2005,10.50.00,3,Struck animal,5,Thursday,167,STRUCK ANIMAL                        ,MEL,40.0,136,A,12.0,1,Day,196141,1,1,0,1,0,0,2,5,Not at intersection,3,60,196141.0,N,2517622.429,2368921.36,FRANKSTON,METROPOLITAN SOUTH EAST REGION,Metropolitan Excluding CBD,-38.18094,145.20112,3910.0
52005012341,25/03/2005,19.00.00,3,Struck animal,6,Friday,167,STRUCK ANIMAL                        ,VCS,9.0,85,D,2.0,2,Dusk/Dawn,196390,1,1,1,0,0,0,1,5,Not at intersection,2,100,196390.0,O,2779441.8857,2437891.0391,EAST GIPPSLAND,EASTERN REGION,Country,-37.51788,148.16188,3885.0
52005013378,5/04/2005,17.00.00,3,Struck animal,3,Tuesday,167,STRUCK ANIMAL                        ,VCS,9.0,97,G,7.0,2,Dusk/Dawn,196595,1,2,0,2,0,0,2,5,Not at intersection,3,100,196595.0,N,2616122.035,2349082.215,LATROBE,EASTERN REGION,Country,-38.35252,146.32835,3869.0
52005014101,27/03/2005,15.00.00,3,Struck animal,1,Sunday,167,STRUCK ANIMAL                        ,VCS,9.0,68,D,8.0,1,Day,196682,1,1,1,0,0,0,2,5,Not at intersection,2,100,196682.0,N,2830016.258,2445020.368,EAST GIPPSLAND,EASTERN REGION,Country,-37.43719,148.73043,3889.0
52005014360,16/03/2005,14.15.00,3,Struck animal,4,Wednesday,167,STRUCK ANIMAL                        ,VCS,9.0,97,F,5.0,1,Day,196690,1,1,0,1,0,0,2,5,Not at intersection,3,100,196690.0,N,2613413.938,2363997.205,LATROBE,EASTERN REGION,Country,-38.218509999999995,146.29505,3825.0
52005014948,15/04/2005,01.00.00,3,Struck animal,6,Friday,167,STRUCK ANIMAL                        ,VCS,9.0,97,D,9.0,5,Dark No street lights,54640,1,2,0,2,0,0,2,1,Cross intersection,3,100,54640.0,I,2598615.284,2338863.125,SOUTH GIPPSLAND,EASTERN REGION,Country,-38.44659,146.12949,3871.0
52005015320,22/04/2005,06.00.00,3,Struck animal,6,Friday,167,STRUCK ANIMAL                        ,MEL,40.0,139,A,3.0,5,Dark No street lights,196850,1,1,0,1,0,0,1,5,Not at intersection,3,60,196850.0,N,2529459.295,2372578.901,CASEY,METROPOLITAN SOUTH EAST REGION,Small Towns,-38.147690000000004,145.33606,3978.0
52005018863,3/05/2005,21.45.00,3,Struck animal,3,Tuesday,167,STRUCK ANIMAL                        ,VCS,9.0,82,E,8.0,4,Dark Street lights off,197697,1,1,0,1,0,0,2,5,Not at intersection,3,100,197697.0,N,2655466.105,2394957.787,WELLINGTON,EASTERN REGION,Country,-37.93353,146.76856999999998,3858.0
52005021138,9/06/2005,17.40.00,3,Struck animal,5,Thursday,167,STRUCK ANIMAL                        ,MEL,40.0,149,J,3.0,2,Dusk/Dawn,197904,1,1,1,0,0,0,1,5,Not at intersection,2,90,197904.0,N,2520540.268,2362992.125,MORNINGTON PENINSULA,METROPOLITAN SOUTH EAST REGION,Country,-38.23429,145.23459,3912.0
52005021192,16/05/2005,18.30.00,3,Struck animal,2,Monday,167,STRUCK ANIMAL                        ,VCS,9.0,96,F,3.0,5,Dark No street lights,197912,1,2,0,2,0,0,2,5,Not at intersection,3,100,197912.0,N,2574115.314,2378001.468,BAW BAW,EASTERN REGION,Country,-38.096340000000005,145.84492,3818.0
52005021195,4/12/2004,17.00.00,3,Struck animal,7,Saturday,167,STRUCK ANIMAL                        ,VCS,9.0,96,B,4.0,1,Day,197913,1,1,0,1,0,0,2,5,Not at intersection,3,100,197913.0,N,2553012.605,2372719.963,CARDINIA,METROPOLITAN SOUTH EAST REGION,Country,-38.14537,145.60474,3814.0
52005021527,8/06/2005,14.00.00,3,Struck animal,4,Wednesday,167,STRUCK ANIMAL                        ,VCS,9.0,103,A,6.0,1,Day,197991,1,1,0,1,0,0,2,5,Not at intersection,3,100,197991.0,N,2590713.87,2301681.797,SOUTH GIPPSLAND,EASTERN REGION,Country,-38.78224,146.04367,3959.0
52005023792,29/06/2005,07.05.00,3,Struck animal,4,Wednesday,167,STRUCK ANIMAL                        ,VCS,9.0,96,F,9.0,2,Dusk/Dawn,198277,2,2,0,1,0,1,1,5,Not at intersection,3,100,198277.0,N,2574166.039,2335157.036,SOUTH GIPPSLAND,EASTERN REGION,Country,-38.48226,145.84986,3950.0
52005024353,7/07/2005,04.50.00,3,Struck animal,5,Thursday,167,STRUCK ANIMAL                        ,VCS,9.0,99,B,4.0,5,Dark No street lights,198923,1,1,0,1,0,0,1,5,Not at intersection,3,100,198923.0,N,2676206.288,2368019.486,WELLINGTON,EASTERN REGION,Country,-38.17246,147.01092,3851.0
52005026027,18/07/2005,05.30.00,3,Struck animal,2,Monday,167,STRUCK ANIMAL                        ,MEL,40.0,126,C,11.0,5,Dark No street lights,198688,1,1,0,1,0,0,2,5,Not at intersection,3,100,198688.0,N,2533774.059,2394006.842,CARDINIA,METROPOLITAN SOUTH EAST REGION,Country,-37.9545,145.3843,3804.0
52005026722,19/07/2005,17.45.00,3,Struck animal,3,Tuesday,167,STRUCK ANIMAL                        ,VCS,9.0,96,F,8.0,5,Dark No street lights,198720,1,1,1,0,0,0,1,5,Not at intersection,2,100,198720.0,N,2574813.127,2343597.051,SOUTH GIPPSLAND,EASTERN REGION,Country,-38.40619,145.8564,3951.0
52005029976,19/08/2005,19.15.00,3,Struck animal,6,Friday,167,STRUCK ANIMAL                        ,VCS,9.0,103,B,5.0,5,Dark No street lights,199291,1,1,0,1,0,0,2,5,Not at intersection,3,100,199291.0,N,2597673.888,2307270.484,SOUTH GIPPSLAND,EASTERN REGION,Country,-38.73121,146.12298,3959.0
52005032347,31/08/2005,07.10.00,3,Struck animal,4,Wednesday,167,STRUCK ANIMAL                        ,VCS,9.0,104,E,2.0,2,Dusk/Dawn,199658,1,1,1,0,0,0,2,5,Not at intersection,2,100,199658.0,N,2647871.417,2328645.181,WELLINGTON,EASTERN REGION,Country,-38.53203,146.69563,3971.0
52005033521,18/09/2005,20.00.00,3,Struck animal,1,Sunday,167,STRUCK ANIMAL                        ,VCS,9.0,103,D,4.0,5,Dark No street lights,199763,2,6,1,1,0,4,1,5,Not at intersection,2,100,199763.0,N,2608079.538,2316707.261,SOUTH GIPPSLAND,EASTERN REGION,Country,-38.64506,146.24118,3960.0
52005034459,5/10/2005,19.15.00,3,Struck animal,4,Wednesday,167,STRUCK ANIMAL                        ,VCS,9.0,99,E,4.0,5,Dark No street lights,199979,1,3,0,2,0,1,2,5,Not at intersection,3,100,199979.0,N,2695479.447,2366803.335,WELLINGTON,EASTERN REGION,Country,-38.17955,147.23112,3851.0
52005035634,3/10/2005,16.30.00,3,Struck animal,2,Monday,167,STRUCK ANIMAL                        ,MEL,40.0,150,H,3.0,1,Day,200178,1,1,0,1,0,0,2,5,Not at intersection,3,50,200178.0,N,2500769.555,2357953.377,MORNINGTON PENINSULA,METROPOLITAN SOUTH EAST REGION,Metropolitan Excluding CBD,-38.27991,145.00879,3934.0
52005038118,29/10/2005,03.40.00,3,Struck animal,7,Saturday,167,STRUCK ANIMAL                        ,MEL,40.0,128,B,2.0,5,Dark No street lights,200509,1,1,0,1,0,0,1,5,Not at intersection,3,100,200509.0,N,2518151.009,2382658.424,DANDENONG,METROPOLITAN SOUTH EAST REGION,Metropolitan Excluding CBD,-38.05717,145.20681000000002,3175.0
52005039265,4/11/2005,05.32.00,3,Struck animal,6,Friday,167,STRUCK ANIMAL                        ,VCS,9.0,703,R,9.0,2,Dusk/Dawn,200729,1,1,1,0,0,0,1,5,Not at intersection,2,110,200729.0,N,2601037.617,2365318.928,BAW BAW,EASTERN REGION,Other Towns,-38.208040000000004,146.15356,3824.0
52005039567,10/11/2005,20.50.00,3,Struck animal,5,Thursday,167,STRUCK ANIMAL                        ,VCS,9.0,98,A,4.0,5,Dark No street lights,200853,1,1,0,1,0,0,1,5,Not at intersection,3,100,200853.0,N,2636171.127,2370387.893,LATROBE,EASTERN REGION,Country,-38.15788,146.55368,3844.0
52005040160,4/11/2005,21.55.00,3,Struck animal,6,Friday,167,STRUCK ANIMAL                        ,VCS,9.0,97,J,5.0,3,Dark Street lights on,200959,1,2,0,1,0,1,1,5,Not at intersection,3,100,200959.0,N,2626859.589,2365523.388,LATROBE,EASTERN REGION,Country,-38.20302,146.4483,3840.0
52005040699,18/11/2005,16.25.00,3,Struck animal,6,Friday,167,STRUCK ANIMAL                        ,VCS,9.0,693,R,6.0,1,Day,201068,1,1,0,1,0,0,2,5,Not at intersection,3,60,201068.0,N,2682396.036,2375351.235,WELLINGTON,EASTERN REGION,Small Provincial Cities,-38.10523,147.07971,3850.0
T20060000108,10/12/2005,23.15.00,3,Struck animal,7,Saturday,167,STRUCK ANIMAL                        ,VCS,9.0,62,D,6.0,5,Dark No street lights,60304,1,4,0,3,0,1,1,2,T intersection,3,100,60304.0,I,2562534.455,2471065.016,MURRINDINDI,NORTH EASTERN REGION,Country,-37.25867,145.70504,3714.0
T20060001279,16/12/2005,21.15.00,3,Struck animal,6,Friday,167,STRUCK ANIMAL                        ,VCS,9.0,61,G,4.0,5,Dark No street lights,201671,1,1,1,0,0,0,1,5,Not at intersection,2,100,201671.0,N,2528011.217,2480216.156,MURRINDINDI,NORTH EASTERN REGION,Country,-37.17787,145.31547,3717.0
T20060001314,7/12/2005,03.00.00,3,Struck animal,4,Wednesday,167,STRUCK ANIMAL                        ,VCS,9.0,44,E,8.0,5,Dark No street lights,201786,1,1,0,1,0,0,2,5,Not at intersection,3,100,201786.0,N,2430543.507,2510015.395,BENDIGO,NORTHERN REGION,Country,-36.90718,144.22051000000002,3453.0
T20060001452,26/12/2005,00.30.00,3,Struck animal,2,Monday,167,STRUCK ANIMAL                        ,VCS,9.0,34,D,2.0,5,Dark No street lights,201687,1,1,0,1,0,0,1,5,Not at intersection,3,100,201687.0,N,2605309.39,2604868.093,MOIRA,NORTH EASTERN REGION,Country,-36.04905,146.16875,3730.0
T20060002157,29/12/2005,05.20.00,3,Struck animal,5,Thursday,167,STRUCK ANIMAL                        ,VCS,9.0,102,E,3.0,2,Dusk/Dawn,201881,1,1,0,1,0,0,1,5,Not at intersection,3,100,201881.0,N,2562597.031,2325012.766,BASS COAST,EASTERN REGION,Country,-38.57448,145.71817,3995.0
T20060005330,27/11/2005,13.00.00,3,Struck animal,1,Sunday,167,STRUCK ANIMAL                        ,VCS,9.0,414,B,12.0,1,Day,202099,1,1,0,1,0,0,2,5,Not at intersection,3,100,202099.0,N,2442538.457,2452444.307,HEPBURN,WESTERN REGION,Country,-37.4268,144.35072,3458.0
T20060007154,30/12/2005,17.00.00,3,Struck animal,6,Friday,167,STRUCK ANIMAL                        ,VCS,9.0,103,E,3.0,1,Day,201969,1,1,0,1,0,0,2,5,Not at intersection,3,100,201969.0,N,2613393.496,2324116.228,SOUTH GIPPSLAND,EASTERN REGION,Country,-38.5777,146.30104,3960.0
T20060007502,27/12/2005,10.00.00,3,Struck animal,3,Tuesday,167,STRUCK ANIMAL                        ,VCS,9.0,80,B,8.0,1,Day,201963,1,1,0,1,0,0,2,5,Not at intersection,3,100,201963.0,N,2552582.8,2401435.619,YARRA RANGES,METROPOLITAN SOUTH EAST REGION,Country,-37.88669,145.59778,3139.0
T20060008734,22/12/2005,15.30.00,3,Struck animal,5,Thursday,167,STRUCK ANIMAL                        ,VCS,9.0,99,B,6.0,1,Day,202042,1,1,0,1,0,0,2,5,Not at intersection,3,100,202042.0,N,2677950.232,2354638.241,WELLINGTON,EASTERN REGION,Country,-38.292640000000006,147.03408000000002,3851.0
T20060000733,25/1/06,10.00.00,3,Struck animal,4,Wednesday,167,STRUCK ANIMAL                        ,VCS,9.0,99,E,2.0,1,Day,202802,1,1,0,1,0,0,2,5,Not at intersection,3,100,202802.0,N,2692399.979,2386475.13,WELLINGTON,EASTERN REGION,RURAL_VICTORIA,-38.00302,147.19082,3862.0
T20060000963,18/1/06,23.20.00,3,Struck animal,4,Wednesday,167,STRUCK ANIMAL                        ,VCS,9.0,21,D,6.0,5,Dark No street lights,201562,1,6,3,2,1,0,1,5,Not at intersection,1,100,201562.0,N,2425161.802,2633412.417,GANNAWARRA,NORTHERN REGION,RURAL_VICTORIA,-35.7947,144.17216000000002,3568.0
T20060001180,5/2/06,22.50.00,3,Struck animal,1,Sunday,167,STRUCK ANIMAL                        ,MEL,40.0,259,G,6.0,5,Dark No street lights,205280,1,2,2,0,0,0,1,5,Not at intersection,2,100,205280.0,N,2492577.011,2337270.343,MORNINGTON PENINSULA,METROPOLITAN SOUTH EAST REGION,RURAL_VICTORIA,-38.46618,144.91496,3939.0
T20060001339,7/2/06,11.00.00,3,Struck animal,3,Tuesday,167,STRUCK ANIMAL                        ,VCS,9.0,58,D,2.0,1,Day,202826,1,2,0,1,0,1,2,5,Not at intersection,3,100,202826.0,N,2385671.723,2493516.425,CENTRAL GOLDFIELDS,WESTERN REGION,RURAL_VICTORIA,-37.05147,143.71448,3465.0
T20060001721,28/1/06,09.00.00,3,Struck animal,7,Saturday,167,STRUCK ANIMAL                        ,VCS,9.0,82,C,7.0,1,Day,202819,1,1,0,1,0,0,2,5,Not at intersection,3,100,202819.0,N,2647831.654,2406195.766,WELLINGTON,EASTERN REGION,RURAL_VICTORIA,-37.83354,146.67949,3858.0
T20060002768,17/2/06,21.00.00,3,Struck animal,6,Friday,167,STRUCK ANIMAL                        ,VCS,9.0,58,H,8.0,5,Dark No street lights,205403,1,3,2,0,0,1,1,5,Not at intersection,2,100,205403.0,N,2409953.264,2453815.957,HEPBURN,WESTERN REGION,RURAL_VICTORIA,-37.41187,143.98271,3364.0
T20060002993,16/2/06,22.40.00,3,Struck animal,5,Thursday,167,STRUCK ANIMAL                        ,MEL,40.0,124,E,7.0,9,Unknown,203078,1,1,0,1,0,0,2,5,Not at intersection,3,60,203078.0,N,2534917.517,2400417.11,YARRA RANGES,METROPOLITAN SOUTH EAST REGION,MELB_URBAN,-37.8967,145.39700000000002,3792.0
T20060003013,4/1/06,18.45.00,3,Struck animal,4,Wednesday,167,STRUCK ANIMAL                        ,VCS,9.0,31,A,5.0,1,Day,202303,1,1,1,0,0,0,1,5,Not at intersection,2,100,202303.0,N,2458655.844,2588775.496,CAMPASPE,NORTHERN REGION,RURAL_VICTORIA,-36.199009999999994,144.54027,3565.0
T20060003032,10/1/06,12.50.00,3,Struck animal,3,Tuesday,167,STRUCK ANIMAL                        ,VCS,9.0,6,G,2.0,1,Day,202304,1,1,1,0,0,0,2,5,Not at intersection,2,100,202304.0,N,2255630.881,2772807.606,MILDURA,WESTERN REGION,RURAL_VICTORIA,-34.5109,142.34056999999999,3494.0
T20060003681,20/2/06,20.30.00,3,Struck animal,1,Monday,167,STRUCK ANIMAL                        ,,,,,,5,Dark No street lights,-1,1,1,0,1,0,0,2,5,Not at intersection,3,100,,,,,,,,,,
T20060003798,20/2/06,20.30.00,3,Struck animal,2,Monday,167,STRUCK ANIMAL                        ,VCS,9.0,98,C,4.0,2,Dusk/Dawn,203190,1,1,1,0,0,0,2,5,Not at intersection,2,100,203190.0,N,2645504.994,2368487.519,LATROBE,EASTERN REGION,RURAL_VICTORIA,-38.17358,146.66053,3844.0
T20060005360,6/1/06,15.30.00,3,Struck animal,6,Friday,167,STRUCK ANIMAL                        ,VCS,9.0,88,C,5.0,1,Day,202331,1,1,1,0,0,0,1,5,Not at intersection,2,100,202331.0,N,2205535.261,2360921.437,GLENELG,SOUTH WESTERN REGION,RURAL_VICTORIA,-38.20632,141.63752,3305.0
T20060005376,7/2/06,20.30.00,3,Struck animal,3,Tuesday,167,STRUCK ANIMAL                        ,VCS,9.0,88,D,5.0,2,Dusk/Dawn,202681,1,1,1,0,0,0,2,5,Not at intersection,2,100,202681.0,N,2213738.18,2361494.83,GLENELG,SOUTH WESTERN REGION,RURAL_VICTORIA,-38.20373,141.73134,3285.0
T20060005555,2/1/06,09.40.00,3,Struck animal,2,Monday,167,STRUCK ANIMAL                        ,VCS,9.0,47,F,6.0,1,Day,202216,1,1,0,1,0,0,2,5,Not at intersection,3,100,202216.0,N,2573446.612,2524697.129,BENALLA,NORTH EASTERN REGION,RURAL_VICTORIA,-36.77456,145.82283999999999,3669.0
T20060006338,10/3/06,21.15.00,3,Struck animal,6,Friday,167,STRUCK ANIMAL                        ,VCS,9.0,417,D,13.0,2,Dusk/Dawn,289,1,1,0,1,0,0,1,2,T intersection,3,100,289.0,I,2502784.554,2449048.777,WHITTLESEA,METROPOLITAN NORTH WEST REGION,RURAL_VICTORIA,-37.45916,145.03148000000002,3753.0
T20060006403,11/3/06,23.05.00,3,Struck animal,7,Saturday,167,STRUCK ANIMAL                        ,VCS,9.0,35,B,4.0,5,Dark No street lights,215481,1,1,1,0,0,0,1,5,Not at intersection,2,100,215481.0,N,2645149.447,2589521.615,INDIGO,NORTH EASTERN REGION,RURAL_VICTORIA,-36.1821,146.61372,3683.0
T20060006544,13/3/06,08.55.00,3,Struck animal,2,Monday,167,STRUCK ANIMAL                        ,VCS,9.0,586,E,5.0,1,Day,51353,1,1,1,0,0,0,1,2,T intersection,2,50,51353.0,I,2367568.784,2682716.876,SWAN HILL,NORTHERN REGION,TOWNS,-35.344190000000005,143.5435,3585.0
T20060006807,16/1/06,08.20.00,3,Struck animal,2,Monday,167,STRUCK ANIMAL                        ,VCS,9.0,32,J,8.0,1,Day,202400,1,2,0,1,0,1,1,5,Not at intersection,3,100,202400.0,N,2540067.674,2566478.121,SHEPPARTON,NORTH EASTERN REGION,SMALL_CITIES,-36.40002,145.4467,3631.0
T20060006971,14/3/06,22.10.00,3,Struck animal,3,Tuesday,167,STRUCK ANIMAL                        ,VCS,9.0,32,B,5.0,5,Dark No street lights,203456,2,3,0,1,0,2,1,5,Not at intersection,3,100,203456.0,N,2502718.63,2588859.247,CAMPASPE,NORTHERN REGION,RURAL_VICTORIA,-36.19915,145.03023000000002,3620.0
T20060006991,4/1/06,07.50.00,3,Struck animal,4,Wednesday,167,STRUCK ANIMAL                        ,VCS,9.0,459,G,3.0,1,Day,202351,1,1,1,0,0,0,1,5,Not at intersection,2,100,202351.0,N,2542592.076,2372055.679,CARDINIA,METROPOLITAN SOUTH EAST REGION,RURAL_VICTORIA,-38.15189,145.48591000000002,3810.0
T20060007240,4/1/06,04.20.00,3,Struck animal,4,Wednesday,167,STRUCK ANIMAL                        ,MEL,40.0,64,H,6.0,2,Dusk/Dawn,202924,1,1,0,1,0,0,2,5,Not at intersection,3,50,202924.0,N,2524369.932,2405442.631,KNOX,METROPOLITAN SOUTH EAST REGION,MELB_URBAN,-37.85176,145.27691000000002,3153.0
T20060007407,17/3/06,01.30.00,3,Struck animal,6,Friday,167,STRUCK ANIMAL                        ,VCS,9.0,34,H,5.0,5,Dark No street lights,17592,1,2,0,2,0,0,1,1,Cross intersection,3,100,17592.0,I,2623883.619,2585076.16,WANGARATTA,NORTH EASTERN REGION,RURAL_VICTORIA,-36.22517,146.37804,3682.0
T20060007570,17/3/06,13.15.00,3,Struck animal,6,Friday,167,STRUCK ANIMAL                        ,MEL,40.0,118,D,3.0,1,Day,202180,1,1,0,1,0,0,2,5,Not at intersection,3,80,202180.0,N,2534514.357,2416463.296,YARRA RANGES,METROPOLITAN SOUTH EAST REGION,MELB_URBAN,-37.752140000000004,145.39167,3140.0
T20060007606,15/1/06,21.10.00,3,Struck animal,1,Sunday,167,STRUCK ANIMAL                        ,VCS,9.0,81,E,3.0,5,Dark No street lights,202536,1,1,0,1,0,0,2,5,Not at intersection,3,100,202536.0,N,2606421.424,2432791.492,BAW BAW,NORTH EASTERN REGION,RURAL_VICTORIA,-37.599579999999996,146.20526999999998,3825.0
T20060007803,19/3/06,07.00.00,3,Struck animal,1,Sunday,167,STRUCK ANIMAL                        ,VCS,9.0,598,G,11.0,1,Day,205695,1,1,1,0,0,0,1,5,Not at intersection,2,90,205695.0,I,2502825.28,2545452.461,CAMPASPE,NORTHERN REGION,RURAL_VICTORIA,-36.59036,145.03158,3612.0
T20060007856,17/3/06,22.00.00,3,Struck animal,6,Friday,167,STRUCK ANIMAL                        ,VCS,9.0,415,C,5.0,9,Unknown,205698,1,1,0,1,0,0,2,5,Not at intersection,3,80,205698.0,N,2464005.033,2466122.402,MACEDON RANGES,NORTHERN REGION,RURAL_VICTORIA,-37.30461,144.59393,3442.0
T20060008128,19/3/06,06.45.00,3,Struck animal,1,Sunday,167,STRUCK ANIMAL                        ,VCS,9.0,3,E,5.0,1,Day,205701,1,1,0,1,0,0,2,5,Not at intersection,3,80,205701.0,N,2242418.002,2801668.917,MILDURA,WESTERN REGION,RURAL_VICTORIA,-34.24765,142.20606999999998,3498.0
T20060008701,7/1/06,16.30.00,3,Struck animal,7,Saturday,167,STRUCK ANIMAL                        ,VCS,9.0,84,H,4.0,1,Day,202465,1,1,1,0,0,0,1,5,Not at intersection,2,100,202465.0,N,2761162.19,2424606.848,EAST GIPPSLAND,EASTERN REGION,RURAL_VICTORIA,-37.64282,147.95986000000002,3887.0
T20060008947,23/3/06,19.05.00,3,Struck animal,5,Thursday,167,STRUCK ANIMAL                        ,VCS,9.0,82,F,9.0,2,Dusk/Dawn,203634,1,1,1,0,0,0,1,5,Not at intersection,2,100,203634.0,N,2664120.418,2393606.558,WELLINGTON,EASTERN REGION,RURAL_VICTORIA,-37.94421,146.8673,3859.0
T20060008969,24/3/06,00.30.00,3,Struck animal,6,Friday,167,STRUCK ANIMAL                        ,VCS,9.0,72,H,4.0,5,Dark No street lights,203643,1,1,0,1,0,0,1,5,Not at intersection,3,100,203643.0,N,2230856.811,2424885.368,SOUTHERN GRAMPIANS,SOUTH WESTERN REGION,RURAL_VICTORIA,-37.638040000000004,141.94985,3314.0
T20060009261,24/3/06,11.30.00,3,Struck animal,6,Friday,167,STRUCK ANIMAL                        ,VCS,9.0,81,H,8.0,1,Day,203594,1,2,0,2,0,0,2,5,Not at intersection,3,100,203594.0,N,2621306.497,2401622.414,BAW BAW,EASTERN REGION,RURAL_VICTORIA,-37.87858,146.37894,3833.0
T20060009587,27/3/06,12.20.00,3,Struck animal,2,Monday,167,STRUCK ANIMAL                        ,VCS,9.0,73,E,3.0,1,Day,205752,1,1,1,0,0,0,2,5,Not at intersection,2,100,205752.0,N,2255694.134,2428138.514,SOUTHERN GRAMPIANS,SOUTH WESTERN REGION,RURAL_VICTORIA,-37.61558,142.23223000000002,3294.0