ACCIDENT_NO,ACCIDENT_DATE,ACCIDENT_TIME,ACCIDENT_TYPE,ACCIDENT_TYPE_DESC,DAY_OF_WEEK,DAY_WEEK_DESC,DCA_CODE,DCA_DESC,DIRECTORY,EDITION,PAGE,GRID_REFERENCE_X,GRID_REFERENCE_Y,LIGHT_CONDITION,LIGHT_CONDITION_DESC,NODE_ID_x,NO_OF_VEHICLES,NO_PERSONS,NO_PERSONS_INJ_2,NO_PERSONS_INJ_3,NO_PERSONS_KILLED,NO_PERSONS_NOT_INJ,POLICE_ATTEND,ROAD_GEOMETRY,ROAD_GEOMETRY_DESC,SEVERITY,SPEED_ZONE,NODE_ID_y,NODE_TYPE,AMG_X,AMG_Y,LG_AREA_NAME,REGION_NAME,DEG_URBAN_NAME,LATITUDE,LONGITUDE,POSTCODE
T20060009588,5/1/06,21.45.00,3,Struck animal,5,Thursday,167,STRUCK ANIMAL                        ,VCS,9.0,72,A,2.0,5,Dark No street lights,202417,1,2,0,2,0,0,1,5,Not at intersection,3,100,202417.0,N,2191021.087,2432356.363,GLENELG,SOUTH WESTERN REGION,RURAL_VICTORIA,-37.55842,141.50189,3312.0
T20060010273,17/2/06,17.00.00,3,Struck animal,6,Friday,167,STRUCK ANIMAL                        ,VCS,9.0,76,B,7.0,1,Day,202986,1,1,0,1,0,0,2,5,Not at intersection,3,100,202986.0,N,2378054.69,2407605.422,GOLDEN PLAINS,SOUTH WESTERN REGION,RURAL_VICTORIA,-37.8246,143.61479,3351.0
T20060010352,4/2/06,10.15.00,3,Struck animal,7,Saturday,167,STRUCK ANIMAL                        ,VCS,9.0,419,K,10.0,1,Day,202757,1,1,0,1,0,0,2,5,Not at intersection,3,100,202757.0,N,2549985.683,2453735.351,MURRINDINDI,NORTH EASTERN REGION,RURAL_VICTORIA,-37.41559,145.56473,3717.0
T20060010786,4/3/06,05.15.00,3,Struck animal,7,Saturday,167,STRUCK ANIMAL                        ,MEL,40.0,23,A,3.0,5,Dark No street lights,203730,1,1,0,1,0,0,1,5,Not at intersection,3,60,203730.0,N,2517704.174,2421381.202,NILLUMBIK,METROPOLITAN NORTH WEST REGION,RURAL_VICTORIA,-37.7083,145.20078999999998,3095.0
T20060011231,2/4/06,19.00.00,3,Struck animal,1,Sunday,167,STRUCK ANIMAL                        ,VCS,9.0,35,H,5.0,5,Dark No street lights,205857,1,4,0,4,0,0,1,5,Not at intersection,3,100,205857.0,N,2677848.809,2585389.811,WODONGA,NORTH EASTERN REGION,RURAL_VICTORIA,-36.213770000000004,146.97812,3691.0
T20060013771,13/4/06,19.20.00,3,Struck animal,5,Thursday,167,STRUCK ANIMAL                        ,VCS,9.0,32,J,2.0,5,Dark No street lights,203860,1,1,0,1,0,0,1,5,Not at intersection,3,100,203860.0,N,2541496.42,2608674.211,MOIRA,NORTH EASTERN REGION,RURAL_VICTORIA,-36.01967,145.46035,3640.0
T20060014235,17/4/06,19.15.00,3,Struck animal,2,Monday,167,STRUCK ANIMAL                        ,MEL,40.0,335,G,10.0,5,Dark No street lights,205980,1,2,0,2,0,0,1,5,Not at intersection,3,110,205980.0,N,2457576.748,2423579.903,MELTON,METROPOLITAN NORTH WEST REGION,SMALL_CITIES,-37.68769,144.51899,3337.0
T20060014239,17/4/06,20.10.00,3,Struck animal,2,Monday,167,STRUCK ANIMAL                        ,VCS,9.0,61,B,2.0,5,Dark No street lights,55656,1,1,1,0,0,0,1,2,T intersection,2,100,55656.0,N,2502813.832,2498902.313,MITCHELL,NORTHERN REGION,RURAL_VICTORIA,-37.009890000000006,145.03162,3660.0
T20060015361,21/4/06,23.00.00,3,Struck animal,6,Friday,167,STRUCK ANIMAL                        ,VCS,9.0,663,S,5.0,5,Dark No street lights,206035,2,4,1,0,0,3,1,5,Not at intersection,2,100,206035.0,N,2589533.813,2549749.325,BENALLA,NORTH EASTERN REGION,TOWNS,-36.5474,146.00011,3672.0
T20060015554,17/4/06,14.30.00,3,Struck animal,2,Monday,167,STRUCK ANIMAL                        ,VCS,9.0,60,F,2.0,1,Day,204168,1,1,0,1,0,0,2,5,Not at intersection,3,100,204168.0,N,2488409.53,2497569.057,MITCHELL,NORTHERN REGION,RURAL_VICTORIA,-37.021840000000005,144.86973,3662.0
T20060015725,24/4/06,19.50.00,3,Struck animal,2,Monday,167,STRUCK ANIMAL                        ,VCS,9.0,89,G,7.0,5,Dark No street lights,202622,1,5,4,0,1,0,1,5,Not at intersection,1,100,202622.0,N,2267297.376,2348190.822,MOYNE,SOUTH WESTERN REGION,RURAL_VICTORIA,-38.33854,142.3383,3283.0
T20060016571,12/4/06,21.30.00,3,Struck animal,4,Wednesday,167,STRUCK ANIMAL                        ,VCS,9.0,104,G,3.0,5,Dark No street lights,204296,1,1,0,1,0,0,2,5,Not at intersection,3,100,204296.0,N,2663448.885,2322704.109,WELLINGTON,EASTERN REGION,RURAL_VICTORIA,-38.5829,146.87555,3874.0
T20060018610,8/5/06,18.20.00,3,Struck animal,2,Monday,167,STRUCK ANIMAL                        ,VCS,9.0,32,D,4.0,5,Dark No street lights,204522,1,1,0,1,0,0,1,5,Not at intersection,3,100,204522.0,N,2513180.543,2594810.797,MOIRA,NORTH EASTERN REGION,RURAL_VICTORIA,-36.14543,145.14646000000002,3638.0
T20060019540,13/5/06,00.30.00,3,Struck animal,7,Saturday,167,STRUCK ANIMAL                        ,VCS,9.0,97,H,6.0,5,Dark No street lights,204417,1,1,1,0,0,0,1,5,Not at intersection,2,100,204417.0,N,2621320.495,2357507.173,LATROBE,EASTERN REGION,RURAL_VICTORIA,-38.27597,146.3864,3840.0
T20060020748,19/5/06,22.10.00,3,Struck animal,6,Friday,167,STRUCK ANIMAL                        ,MEL,40.0,333,C,4.0,5,Dark No street lights,209283,1,1,0,1,0,0,1,5,Not at intersection,3,110,209283.0,N,2448245.766,2426093.504,MOORABOOL,WESTERN REGION,RURAL_VICTORIA,-37.66457,144.41337,3340.0
T20060021470,25/5/06,18.30.00,3,Struck animal,5,Thursday,167,STRUCK ANIMAL                        ,VCS,9.0,46,H,2.0,5,Dark No street lights,207149,1,1,0,1,0,0,1,5,Not at intersection,3,100,207149.0,N,2538676.012,2553534.768,SHEPPARTON,NORTH EASTERN REGION,RURAL_VICTORIA,-36.516729999999995,145.43184,3631.0
T20060022123,31/5/06,07.00.00,3,Struck animal,4,Wednesday,167,STRUCK ANIMAL                        ,VCS,9.0,83,B,6.0,2,Dusk/Dawn,26296,1,1,0,1,0,0,2,5,Not at intersection,3,100,26296.0,N,2677453.125,2411093.806,WELLINGTON,EASTERN REGION,RURAL_VICTORIA,-37.784240000000004,147.01474,3860.0
T20060022842,5/6/06,06.15.00,3,Struck animal,2,Monday,167,STRUCK ANIMAL                        ,VCS,9.0,97,J,6.0,5,Dark No street lights,73150,1,1,0,1,0,0,1,2,T intersection,3,100,73150.0,I,2628311.917,2360018.313,LATROBE,EASTERN REGION,RURAL_VICTORIA,-38.25241,146.46584,3840.0
T20060023029,7/6/06,18.15.00,3,Struck animal,4,Wednesday,167,STRUCK ANIMAL                        ,VCS,9.0,419,G,6.0,2,Dusk/Dawn,204824,1,1,1,0,0,0,1,5,Not at intersection,2,100,204824.0,N,2544849.809,2461906.431,MURRINDINDI,NORTH EASTERN REGION,RURAL_VICTORIA,-37.342220000000005,145.50621,3717.0
T20060023138,6/6/06,17.10.00,3,Struck animal,3,Tuesday,167,STRUCK ANIMAL                        ,VCS,9.0,76,C,4.0,5,Dark No street lights,209820,1,1,0,1,0,0,2,5,Not at intersection,3,100,209820.0,N,2383130.361,2427039.194,GOLDEN PLAINS,SOUTH WESTERN REGION,SMALL_TOWNS,-37.65016,143.67551,3351.0
T20060023323,9/6/06,06.05.00,3,Struck animal,6,Friday,167,STRUCK ANIMAL                        ,VCS,9.0,97,G,8.0,2,Dusk/Dawn,204862,1,1,0,1,0,0,2,5,Not at intersection,3,100,204862.0,N,2617987.019,2340562.511,LATROBE,EASTERN REGION,RURAL_VICTORIA,-38.42901,146.35106000000002,3870.0
T20060023574,21/5/06,14.30.00,3,Struck animal,1,Sunday,167,STRUCK ANIMAL                        ,VCS,9.0,44,F,7.0,1,Day,204683,1,1,0,1,0,0,2,5,Not at intersection,3,100,204683.0,N,2436579.961,2517233.657,BENDIGO,NORTHERN REGION,RURAL_VICTORIA,-36.84255,144.28886,3551.0
T20060023786,12/6/06,08.30.00,3,Struck animal,2,Monday,167,STRUCK ANIMAL                        ,VCS,9.0,43,D,3.0,1,Day,204935,1,3,0,1,0,2,2,5,Not at intersection,3,100,204935.0,N,2385416.464,2541435.994,LODDON,NORTHERN REGION,RURAL_VICTORIA,-36.619609999999994,143.71886,3517.0
T20060023844,15/6/06,01.20.00,3,Struck animal,5,Thursday,167,STRUCK ANIMAL                        ,VCS,9.0,90,D,7.0,5,Dark No street lights,205360,1,1,1,0,0,0,1,5,Not at intersection,2,70,205360.0,N,2300645.076,2349031.097,MOYNE,SOUTH WESTERN REGION,RURAL_VICTORIA,-38.338770000000004,142.71981,3265.0
T20060023956,15/6/06,06.10.00,3,Struck animal,5,Thursday,167,STRUCK ANIMAL                        ,MEL,40.0,7,J,11.0,3,Dark Street lights on,204945,1,1,1,0,0,0,1,5,Not at intersection,2,80,204945.0,N,2497235.961,2423199.217,MORELAND,METROPOLITAN NORTH WEST REGION,MELB_URBAN,-37.69208,144.96866,3060.0
T20060024707,18/6/06,17.50.00,3,Struck animal,1,Sunday,167,STRUCK ANIMAL                        ,VCS,9.0,46,C,6.0,2,Dusk/Dawn,205023,1,4,0,1,0,3,2,5,Not at intersection,3,100,205023.0,N,2508986.63,2523991.062,STRATHBOGIE,NORTH EASTERN REGION,RURAL_VICTORIA,-36.78374,145.10069,3608.0
T20060025878,2/7/06,01.35.00,3,Struck animal,1,Sunday,167,STRUCK ANIMAL                        ,MEL,40.0,359,G,5.0,3,Dark Street lights on,112104,1,3,3,0,0,0,1,5,Not at intersection,2,100,112104.0,N,2473247.304,2410821.359,MELTON,METROPOLITAN NORTH WEST REGION,RURAL_VICTORIA,-37.80323,144.69621,3029.0
T20060026934,10/7/06,18.00.00,3,Struck animal,2,Monday,167,STRUCK ANIMAL                        ,MEL,40.0,329,E,2.0,5,Dark No street lights,205309,1,1,1,0,0,0,1,5,Not at intersection,2,100,205309.0,N,2456533.676,2431705.116,MOORABOOL,WESTERN REGION,RURAL_VICTORIA,-37.61443,144.50763999999998,3340.0
T20060027527,14/7/06,19.00.00,3,Struck animal,6,Friday,167,STRUCK ANIMAL                        ,VCS,9.0,88,C,6.0,5,Dark No street lights,205366,2,6,0,5,0,1,1,5,Not at intersection,3,100,205366.0,N,2207906.155,2354144.855,GLENELG,SOUTH WESTERN REGION,RURAL_VICTORIA,-38.26808,141.66186000000002,3305.0
T20060027876,1/6/06,19.00.00,3,Struck animal,5,Thursday,167,STRUCK ANIMAL                        ,VCS,9.0,76,E,3.0,2,Dusk/Dawn,205187,1,1,0,1,0,0,2,5,Not at intersection,3,999,205187.0,N,2392096.681,2430306.831,GOLDEN PLAINS,SOUTH WESTERN REGION,RURAL_VICTORIA,-37.6218,143.77759,3351.0
T20060028296,11/4/06,18.00.00,3,Struck animal,3,Tuesday,167,STRUCK ANIMAL                        ,VCS,9.0,82,E,9.0,2,Dusk/Dawn,204368,1,1,0,1,0,0,2,5,Not at intersection,3,100,204368.0,N,2658910.414,2392518.376,WELLINGTON,EASTERN REGION,RURAL_VICTORIA,-37.95492,146.80827,3858.0
T20060028363,21/7/06,17.45.00,3,Struck animal,6,Friday,167,STRUCK ANIMAL                        ,VCS,9.0,639,R,4.0,2,Dusk/Dawn,205481,1,2,0,1,0,1,1,5,Not at intersection,3,100,205481.0,N,2502142.467,2459572.978,MITCHELL,NORTHERN REGION,TOWNS,-37.36432,145.02419,3758.0
T20060029208,28/7/06,04.30.00,3,Struck animal,6,Friday,167,STRUCK ANIMAL                        ,MEL,40.0,146,F,3.0,5,Dark No street lights,205567,1,1,0,1,0,0,1,5,Not at intersection,3,100,205567.0,N,2507830.43,2363011.406,MORNINGTON PENINSULA,METROPOLITAN SOUTH EAST REGION,RURAL_VICTORIA,-38.23431,145.08943,3933.0
T20060029315,23/7/06,22.20.00,3,Struck animal,1,Sunday,167,STRUCK ANIMAL                        ,MEL,40.0,367,D,5.0,4,Dark Street lights off,210445,2,2,0,1,0,1,1,5,Not at intersection,3,110,210445.0,N,2495160.851,2439934.13,HUME,METROPOLITAN NORTH WEST REGION,RURAL_VICTORIA,-37.54128,144.94523999999998,3064.0
T20060029349,29/7/06,19.15.00,3,Struck animal,7,Saturday,167,STRUCK ANIMAL                        ,VCS,9.0,77,E,7.0,5,Dark No street lights,205625,1,4,0,3,0,1,2,5,Not at intersection,3,100,205625.0,N,2432525.374,2403917.445,GEELONG,SOUTH WESTERN REGION,RURAL_VICTORIA,-37.86337,144.23316,3340.0
T20060030642,12/6/06,20.00.00,3,Struck animal,2,Monday,167,STRUCK ANIMAL                        ,MEL,40.0,392,G,12.0,5,Dark No street lights,205191,1,1,1,0,0,0,2,5,Not at intersection,2,80,205191.0,N,2516194.024,2432526.625,NILLUMBIK,METROPOLITAN NORTH WEST REGION,RURAL_VICTORIA,-37.6079,145.18341999999998,3099.0
T20060031151,13/8/06,18.00.00,3,Struck animal,1,Sunday,167,STRUCK ANIMAL                        ,VCS,9.0,677,P,9.0,2,Dusk/Dawn,26469,1,1,0,1,0,0,2,5,Not at intersection,3,50,26469.0,N,2551904.609,2527431.506,STRATHBOGIE,NORTH EASTERN REGION,TOWNS,-36.75135,145.58132,3666.0
T20060031547,26/7/06,13.00.00,3,Struck animal,4,Wednesday,167,STRUCK ANIMAL                        ,VCS,9.0,614,B,5.0,1,Day,205645,1,1,0,1,0,0,2,5,Not at intersection,3,999,205645.0,N,2437234.591,2521314.883,BENDIGO,NORTHERN REGION,RURAL_VICTORIA,-36.80581,144.29654,3550.0
T20060031818,16/8/06,16.20.00,3,Struck animal,4,Wednesday,167,STRUCK ANIMAL                        ,VCS,9.0,60,G,4.0,1,Day,26496,1,2,0,1,0,1,1,5,Not at intersection,3,100,26496.0,N,2489905.512,2483790.235,MITCHELL,NORTHERN REGION,RURAL_VICTORIA,-37.146029999999996,144.88636,3521.0
T20060031988,20/8/06,10.50.00,3,Struck animal,1,Sunday,167,STRUCK ANIMAL                        ,MEL,40.0,125,A,6.0,1,Day,205927,1,2,2,0,0,0,1,5,Not at intersection,2,999,205927.0,N,2537189.293,2400672.917,YARRA RANGES,METROPOLITAN SOUTH EAST REGION,RURAL_VICTORIA,-37.89431,145.42282,3793.0
T20060032676,25/8/06,18.40.00,3,Struck animal,6,Friday,167,STRUCK ANIMAL                        ,VCS,9.0,417,A,6.0,5,Dark No street lights,197667,1,3,1,0,1,1,1,5,Not at intersection,1,100,197667.0,N,2496390.631,2462948.097,MITCHELL,NORTHERN REGION,RURAL_VICTORIA,-37.3339,144.95927,3764.0
T20060032693,26/8/06,09.40.00,3,Struck animal,7,Saturday,167,STRUCK ANIMAL                        ,VCS,9.0,602,J,7.0,1,Day,206008,1,1,0,1,0,0,1,5,Not at intersection,3,60,206008.0,N,2431212.33,2532086.683,BENDIGO,NORTHERN REGION,LARGE_PROVINCIAL_CITIES,-36.70832,144.23002,3556.0
T20060034583,31/8/06,18.40.00,3,Struck animal,5,Thursday,167,STRUCK ANIMAL                        ,VCS,9.0,35,C,7.0,1,Day,209971,1,1,0,1,0,0,2,5,Not at intersection,3,60,209971.0,N,2649316.452,2570925.063,INDIGO,NORTH EASTERN REGION,RURAL_VICTORIA,-36.34903,146.66365,3747.0
T20060034608,31/8/06,18.40.00,3,Struck animal,5,Thursday,167,STRUCK ANIMAL                        ,VCS,9.0,35,C,7.0,5,Dark No street lights,206150,1,1,0,1,0,0,2,5,Not at intersection,3,60,206150.0,N,2649258.256,2570935.81,INDIGO,NORTH EASTERN REGION,RURAL_VICTORIA,-36.34894,146.66299999999998,3747.0
T20060034800,13/9/06,11.20.00,3,Struck animal,4,Wednesday,167,STRUCK ANIMAL                        ,VCS,9.0,46,J,4.0,1,Day,206309,1,1,1,0,0,0,1,5,Not at intersection,2,100,206309.0,N,2544224.339,2534874.815,STRATHBOGIE,NORTH EASTERN REGION,RURAL_VICTORIA,-36.68466,145.49487,3666.0
T20060035448,19/9/06,00.05.00,3,Struck animal,3,Tuesday,167,STRUCK ANIMAL                        ,VCS,9.0,459,D,3.0,5,Dark No street lights,206573,2,1,1,0,0,0,1,5,Not at intersection,2,100,206573.0,N,2536148.924,2372895.041,CARDINIA,METROPOLITAN SOUTH EAST REGION,RURAL_VICTORIA,-38.1446,145.41236,3978.0
T20060036011,23/9/06,18.30.00,3,Struck animal,7,Saturday,167,STRUCK ANIMAL                        ,VCS,9.0,100,E,9.0,2,Dusk/Dawn,206558,1,2,0,1,0,1,1,5,Not at intersection,3,100,206558.0,N,2319263.672,2318408.725,CORANGAMITE,SOUTH WESTERN REGION,RURAL_VICTORIA,-38.61835,142.92506,3270.0
T20060036989,1/10/06,18.40.00,3,Struck animal,1,Sunday,167,STRUCK ANIMAL                        ,MEL,40.0,146,E,6.0,5,Dark No street lights,202839,1,1,1,0,0,0,1,5,Not at intersection,2,100,202839.0,N,2507312.07,2361754.093,MORNINGTON PENINSULA,METROPOLITAN SOUTH EAST REGION,MELB_URBAN,-38.24564,145.08352,3931.0
T20060037427,5/10/06,19.00.00,3,Struck animal,5,Thursday,167,STRUCK ANIMAL                        ,,,,,,5,Dark No street lights,-10,1,1,0,1,0,0,1,5,Not at intersection,3,100,,,,,,,,,,
T20060037623,5/10/06,17.00.00,3,Struck animal,5,Thursday,167,STRUCK ANIMAL                        ,MEL,40.0,83,E,5.0,2,Dusk/Dawn,203369,1,1,0,1,0,0,2,5,Not at intersection,3,90,203369.0,N,2526754.349,2396344.698,YARRA RANGES,METROPOLITAN SOUTH EAST REGION,RURAL_VICTORIA,-37.933659999999996,145.30434,3156.0
T20060037884,6/10/06,03.20.00,3,Struck animal,6,Friday,167,STRUCK ANIMAL                        ,VCS,9.0,443,J,5.0,5,Dark No street lights,238164,1,1,0,1,0,0,2,5,Not at intersection,3,100,238164.0,N,2440149.953,2394049.956,GEELONG,SOUTH WESTERN REGION,RURAL_VICTORIA,-37.95279,144.31901000000002,3213.0
T20060038460,13/10/06,19.10.00,3,Struck animal,6,Friday,167,STRUCK ANIMAL                        ,VCS,9.0,427,J,3.0,5,Dark No street lights,208048,1,1,1,0,0,0,1,5,Not at intersection,2,100,208048.0,N,2512117.3,2443804.19,WHITTLESEA,METROPOLITAN NORTH WEST REGION,RURAL_VICTORIA,-37.50634,145.13706000000002,3757.0
T20060039090,19/10/06,04.30.00,3,Struck animal,5,Thursday,167,STRUCK ANIMAL                        ,MEL,40.0,182,J,11.0,3,Dark Street lights on,238232,1,1,0,1,0,0,1,5,Not at intersection,3,60,238232.0,N,2505266.341,2428081.507,WHITTLESEA,METROPOLITAN NORTH WEST REGION,MELB_URBAN,-37.64808,145.05968000000001,3076.0
T20060039530,21/10/06,19.30.00,3,Struck animal,7,Saturday,167,STRUCK ANIMAL                        ,VCS,9.0,44,E,4.0,5,Dark No street lights,212556,1,2,0,1,0,1,2,5,Not at intersection,3,100,212556.0,N,2430007.058,2536910.729,BENDIGO,NORTHERN REGION,RURAL_VICTORIA,-36.66475,144.21698,3556.0
T20060039801,19/10/06,04.30.00,3,Struck animal,5,Thursday,167,STRUCK ANIMAL                        ,VCS,9.0,33,A,9.0,5,Dark No street lights,206872,1,1,0,1,0,0,2,5,Not at intersection,3,100,206872.0,N,2547679.504,2556672.575,SHEPPARTON,NORTH EASTERN REGION,RURAL_VICTORIA,-36.488040000000005,145.53217,3630.0
T20060040116,11/9/06,13.00.00,3,Struck animal,2,Monday,167,STRUCK ANIMAL                        ,MEL,40.0,38,F,3.0,1,Day,206639,1,1,0,1,0,0,2,5,Not at intersection,3,60,206639.0,N,2531389.382,2416466.697,YARRA RANGES,METROPOLITAN SOUTH EAST REGION,MELB_URBAN,-37.75222,145.35621,3140.0
T20060040178,17/9/06,12.00.00,3,Struck animal,1,Sunday,167,STRUCK ANIMAL                        ,,,,,,1,Day,-3,1,1,0,1,0,0,2,5,Not at intersection,3,60,,,,,,,,,,
T20060040843,24/9/06,11.15.00,3,Struck animal,1,Sunday,167,STRUCK ANIMAL                        ,MEL,40.0,514,F,5.0,1,Day,206661,1,1,0,1,0,0,2,5,Not at intersection,3,50,206661.0,N,2428915.245,2343929.433,SURF COAST,SOUTH WESTERN REGION,TOWNS,-38.403490000000005,144.18631000000002,3230.0
T20060041060,2/11/06,23.00.00,3,Struck animal,5,Thursday,167,STRUCK ANIMAL                        ,VCS,9.0,459,K,10.0,5,Dark No street lights,203962,3,3,0,1,0,2,1,5,Not at intersection,3,100,203962.0,N,2547879.946,2358222.841,CARDINIA,METROPOLITAN SOUTH EAST REGION,RURAL_VICTORIA,-38.27624,145.54713999999998,3984.0
T20060041098,31/10/06,16.30.00,3,Struck animal,3,Tuesday,167,STRUCK ANIMAL                        ,VCS,9.0,103,B,3.0,1,Day,206972,1,1,0,1,0,0,2,5,Not at intersection,3,100,206972.0,N,2597484.243,2324012.602,SOUTH GIPPSLAND,EASTERN REGION,RURAL_VICTORIA,-38.580459999999995,146.11853,3957.0
T20060041344,3/11/06,20.15.00,3,Struck animal,6,Friday,167,STRUCK ANIMAL                        ,VCS,9.0,46,B,3.0,2,Dusk/Dawn,207024,1,1,0,1,0,0,2,5,Not at intersection,3,100,207024.0,N,2501786.291,2547434.323,CAMPASPE,NORTHERN REGION,SMALL_TOWNS,-36.5725,145.01996,3612.0
T20060043620,18/10/06,23.10.00,3,Struck animal,4,Wednesday,167,STRUCK ANIMAL                        ,VCS,9.0,76,H,4.0,6,Dark Street lights unknown,206974,1,1,0,1,0,0,1,5,Not at intersection,3,100,206974.0,N,2409621.895,2428887.063,MOORABOOL,WESTERN REGION,RURAL_VICTORIA,-37.63646,143.97593999999998,3352.0
T20060043654,31/10/06,21.20.00,3,Struck animal,3,Tuesday,167,STRUCK ANIMAL                        ,VCS,9.0,443,B,7.0,5,Dark No street lights,210008,1,1,0,1,0,0,2,5,Not at intersection,3,100,210008.0,N,2424812.942,2391395.598,GOLDEN PLAINS,SOUTH WESTERN REGION,RURAL_VICTORIA,-37.975590000000004,144.14424,3332.0
T20060043900,25/11/06,21.55.00,3,Struck animal,7,Saturday,167,STRUCK ANIMAL                        ,VCS,9.0,97,D,6.0,5,Dark No street lights,207135,1,3,0,1,0,2,1,5,Not at intersection,3,100,207135.0,N,2599928.32,2355723.609,BAW BAW,EASTERN REGION,RURAL_VICTORIA,-38.29459,146.14221,3835.0
T20060044819,2/12/06,12.00.00,3,Struck animal,7,Saturday,167,STRUCK ANIMAL                        ,VCS,9.0,77,E,2.0,1,Day,208082,1,1,1,0,0,0,2,5,Not at intersection,2,999,208082.0,N,2431304.427,2442750.07,MOORABOOL,WESTERN REGION,RURAL_VICTORIA,-37.51339,144.22288999999998,3342.0
T20060045005,4/12/06,09.00.00,3,Struck animal,2,Monday,167,STRUCK ANIMAL                        ,VCS,9.0,47,C,8.0,1,Day,26305,1,1,0,1,0,0,1,2,T intersection,3,100,26305.0,I,2559177.675,2507299.429,MANSFIELD,NORTH EASTERN REGION,RURAL_VICTORIA,-36.93235,145.66435,3666.0
T20060045022,2/12/06,22.30.00,3,Struck animal,7,Saturday,167,STRUCK ANIMAL                        ,VCS,9.0,522,D,9.0,5,Dark No street lights,204711,1,1,1,0,0,0,2,5,Not at intersection,2,100,204711.0,N,2424376.016,2392631.656,GOLDEN PLAINS,SOUTH WESTERN REGION,SMALL_TOWNS,-37.964420000000004,144.13939,3332.0
T20060045358,6/12/06,20.25.00,3,Struck animal,4,Wednesday,167,STRUCK ANIMAL                        ,VCS,9.0,592,C,5.0,2,Dusk/Dawn,204754,1,1,0,1,0,0,1,5,Not at intersection,3,50,204754.0,N,2402427.201,2639510.658,GANNAWARRA,NORTHERN REGION,TOWNS,-35.73769,143.92146,3579.0
T20060046302,13/12/06,03.50.00,3,Struck animal,4,Wednesday,167,STRUCK ANIMAL                        ,VCS,9.0,32,D,7.0,5,Dark No street lights,208148,1,1,1,0,0,0,1,5,Not at intersection,2,80,208148.0,N,2514584.996,2576137.985,SHEPPARTON,NORTH EASTERN REGION,RURAL_VICTORIA,-36.31369,145.16242,3620.0
T20060047008,19/12/06,04.50.00,3,Struck animal,3,Tuesday,167,STRUCK ANIMAL                        ,MEL,40.0,318,D,5.0,5,Dark No street lights,26360,1,1,0,0,1,0,1,5,Not at intersection,1,100,26360.0,N,2545932.638,2381698.357,CARDINIA,METROPOLITAN SOUTH EAST REGION,RURAL_VICTORIA,-38.064859999999996,145.52341,3810.0
T20060047270,19/12/06,20.00.00,3,Struck animal,3,Tuesday,167,STRUCK ANIMAL                        ,MEL,40.0,263,F,9.0,2,Dusk/Dawn,210043,1,1,0,1,0,0,2,5,Not at intersection,3,80,210043.0,N,2519360.452,2428854.213,NILLUMBIK,METROPOLITAN NORTH WEST REGION,RURAL_VICTORIA,-37.64093,145.21938,3759.0
T20060047499,12/12/06,19.00.00,3,Struck animal,3,Tuesday,167,STRUCK ANIMAL                        ,MEL,40.0,79,C,3.0,1,Day,785,1,1,0,1,0,0,2,1,Cross intersection,3,60,785.0,I,2510467.237,2396946.685,KINGSTON,METROPOLITAN SOUTH EAST REGION,MELB_URBAN,-37.92856,145.11906000000002,3169.0
T20060048143,27/12/06,13.00.00,3,Struck animal,4,Wednesday,167,STRUCK ANIMAL                        ,VCS,9.0,48,F,8.0,1,Day,206439,1,1,0,1,0,0,2,5,Not at intersection,3,100,206439.0,N,2617075.049,2512344.415,WANGARATTA,NORTH EASTERN REGION,RURAL_VICTORIA,-36.88147,146.31348,3723.0
T20060048159,27/12/06,19.38.00,3,Struck animal,4,Wednesday,167,STRUCK ANIMAL                        ,MEL,40.0,90,B,4.0,1,Day,206440,1,2,2,0,0,0,1,5,Not at intersection,2,60,206440.0,N,2517770.919,2391640.243,DANDENONG,METROPOLITAN SOUTH EAST REGION,MELB_URBAN,-37.976259999999996,145.20226,3175.0
T20060048504,24/12/06,00.10.00,3,Struck animal,1,Sunday,167,STRUCK ANIMAL                        ,MEL,40.0,93,B,3.0,3,Dark Street lights on,210134,1,1,0,1,0,0,2,5,Not at intersection,3,60,210134.0,N,2510020.21,2387126.54,KINGSTON,METROPOLITAN SOUTH EAST REGION,MELB_URBAN,-38.01704,145.11411,3195.0
T20060048517,31/12/06,11.00.00,3,Struck animal,1,Sunday,167,STRUCK ANIMAL                        ,VCS,9.0,80,G,2.0,1,Day,206457,1,1,1,0,0,0,1,5,Not at intersection,2,100,206457.0,N,2578216.656,2437425.556,YARRA RANGES,METROPOLITAN SOUTH EAST REGION,RURAL_VICTORIA,-37.56062,145.88537,3779.0
T20070000115,1/1/07,20.50.00,3,Struck animal,2,Monday,167,STRUCK ANIMAL                        ,MEL,40.0,934,D,4.0,5,Dark No street lights,207216,1,5,1,4,0,0,1,5,Not at intersection,2,80,207216.0,N,2521154.275,2337527.508,BASS COAST,EASTERN REGION,RURAL_VICTORIA,-38.46365,145.24233999999998,3922.0
T20070000115,1/1/07,20.50.00,3,Struck animal,2,Monday,167,STRUCK ANIMAL                        ,MEL,40.0,934,D,4.0,5,Dark No street lights,207216,1,5,1,4,0,0,1,5,Not at intersection,2,80,207216.0,N,2521154.275,2337527.508,BASS COAST,EASTERN REGION,TOWNS,-38.46365,145.24233999999998,3922.0