ACCIDENT_NO,ACCIDENT_DATE,ACCIDENT_TIME,ACCIDENT_TYPE,ACCIDENT_TYPE_DESC,DAY_OF_WEEK,DAY_WEEK_DESC,DCA_CODE,DCA_DESC,DIRECTORY,EDITION,PAGE,GRID_REFERENCE_X,GRID_REFERENCE_Y,LIGHT_CONDITION,LIGHT_CONDITION_DESC,NODE_ID_x,NO_OF_VEHICLES,NO_PERSONS,NO_PERSONS_INJ_2,NO_PERSONS_INJ_3,NO_PERSONS_KILLED,NO_PERSONS_NOT_INJ,POLICE_ATTEND,ROAD_GEOMETRY,ROAD_GEOMETRY_DESC,SEVERITY,SPEED_ZONE,NODE_ID_y,NODE_TYPE,AMG_X,AMG_Y,LG_AREA_NAME,REGION_NAME,DEG_URBAN_NAME,LATITUDE,LONGITUDE,POSTCODE
T20070000827,27/12/06,08.35.00,3,Struck animal,4,Wednesday,167,STRUCK ANIMAL                        ,VCS,9.0,76,D,3.0,1,Day,210154,1,1,0,1,0,0,2,5,Not at intersection,3,100,210154.0,N,2389615.662,2433274.641,GOLDEN PLAINS,SOUTH WESTERN REGION,RURAL_VICTORIA,-37.594770000000004,143.74993,3351.0
T20070000853,14/12/06,10.00.00,3,Struck animal,5,Thursday,167,STRUCK ANIMAL                        ,VCS,9.0,29,B,8.0,1,Day,208198,1,1,0,1,0,0,2,5,Not at intersection,3,100,208198.0,N,2372433.233,2562918.42,LODDON,NORTHERN REGION,RURAL_VICTORIA,-36.42436,143.57731,3518.0
T20070001527,15/1/07,20.45.00,3,Struck animal,2,Monday,167,STRUCK ANIMAL                        ,VCS,9.0,40,G,9.0,2,Dusk/Dawn,210112,1,1,0,1,0,0,2,5,Not at intersection,3,100,210112.0,N,2261773.973,2500377.764,HORSHAM,WESTERN REGION,RURAL_VICTORIA,-36.96642,142.32407,3401.0
T20070002542,31/12/06,10.00.00,3,Struck animal,1,Sunday,167,STRUCK ANIMAL                        ,VCS,9.0,87,H,5.0,1,Day,210096,1,1,0,1,0,0,2,5,Not at intersection,3,999,210096.0,N,2187800.077,2359037.198,GLENELG,SOUTH WESTERN REGION,RURAL_VICTORIA,-38.21747,141.43438,3305.0
T20070002744,25/1/07,13.20.00,3,Struck animal,5,Thursday,167,STRUCK ANIMAL                        ,VCS,9.0,49,F,2.0,1,Day,210645,1,1,1,0,0,0,2,5,Not at intersection,2,777,210645.0,N,2662612.601,2550539.073,ALPINE,NORTH EASTERN REGION,RURAL_VICTORIA,-36.53054,146.81609,3737.0
T20070003727,2/2/07,04.00.00,3,Struck animal,6,Friday,167,STRUCK ANIMAL                        ,VCS,9.0,645,M,2.0,5,Dark No street lights,208896,1,1,1,0,0,0,1,5,Not at intersection,2,100,208896.0,N,2673703.448,2590373.792,WODONGA,NORTH EASTERN REGION,RURAL_VICTORIA,-36.16963,146.9309,3691.0
T20070003776,2/2/07,09.45.00,3,Struck animal,6,Friday,167,STRUCK ANIMAL                        ,VCS,9.0,6,G,2.0,1,Day,210287,1,1,1,0,0,0,1,5,Not at intersection,2,100,210287.0,N,2257810.445,2773497.21,MILDURA,WESTERN REGION,RURAL_VICTORIA,-34.50524,142.36448000000001,3494.0
T20070003777,25/1/07,21.45.00,3,Struck animal,5,Thursday,167,STRUCK ANIMAL                        ,VCS,9.0,57,H,8.0,5,Dark No street lights,207504,1,1,0,1,0,0,2,5,Not at intersection,3,100,207504.0,N,2359238.888,2450347.309,PYRENEES,WESTERN REGION,RURAL_VICTORIA,-37.436859999999996,143.40921,3373.0
T20070003883,3/2/07,03.00.00,3,Struck animal,7,Saturday,167,STRUCK ANIMAL                        ,VCS,9.0,443,E,2.0,5,Dark No street lights,207477,1,1,1,0,0,0,2,5,Not at intersection,2,80,207477.0,N,2430903.653,2400796.714,GOLDEN PLAINS,SOUTH WESTERN REGION,RURAL_VICTORIA,-37.89137,144.21444,3213.0
T20070004135,27/1/07,16.30.00,3,Struck animal,7,Saturday,167,STRUCK ANIMAL                        ,VCS,9.0,47,H,6.0,1,Day,207506,1,1,1,0,0,0,2,5,Not at intersection,2,888,207506.0,N,2586208.49,2523250.463,BENALLA,NORTH EASTERN REGION,RURAL_VICTORIA,-36.78652,145.96597,3673.0
T20070004477,6/2/07,08.05.00,3,Struck animal,3,Tuesday,167,STRUCK ANIMAL                        ,VCS,9.0,72,F,7.0,1,Day,207512,1,1,0,1,0,0,2,5,Not at intersection,3,100,207512.0,N,2224359.631,2403120.887,SOUTHERN GRAMPIANS,SOUTH WESTERN REGION,RURAL_VICTORIA,-37.83214,141.86816000000002,3302.0
T20070004565,8/2/07,19.30.00,3,Struck animal,5,Thursday,167,STRUCK ANIMAL                        ,MEL,40.0,2D,K,4.0,1,Day,210227,1,1,0,1,0,0,1,5,Not at intersection,3,50,210227.0,N,2501761.181,2411960.643,BOROONDARA,METROPOLITAN SOUTH EAST REGION,MELB_URBAN,-37.79335,145.02,3101.0
T20070005220,5/2/07,18.20.00,3,Struck animal,2,Monday,167,STRUCK ANIMAL                        ,VCS,9.0,103,D,6.0,1,Day,210295,2,2,0,1,0,1,1,5,Not at intersection,3,80,210295.0,N,2604442.038,2298459.765,SOUTH GIPPSLAND,EASTERN REGION,RURAL_VICTORIA,-38.8098,146.20206000000002,3960.0
T20070005403,18/12/06,04.30.00,3,Struck animal,2,Monday,167,STRUCK ANIMAL                        ,VCS,9.0,637,R,5.0,3,Dark Street lights on,49451,1,1,0,1,0,0,2,2,T intersection,3,70,49451.0,I,2477312.787,2460471.244,MACEDON RANGES,NORTHERN REGION,TOWNS,-37.35595,144.74389,3434.0
T20070006035,19/2/07,16.25.00,3,Struck animal,2,Monday,167,STRUCK ANIMAL                        ,VCS,9.0,81,H,9.0,1,Day,212422,1,2,2,0,0,0,1,5,Not at intersection,2,100,212422.0,N,2624594.764,2391178.832,BAW BAW,EASTERN REGION,RURAL_VICTORIA,-37.972229999999996,146.41808,3825.0
T20070006149,26/1/07,00.30.00,3,Struck animal,6,Friday,167,STRUCK ANIMAL                        ,VCS,9.0,80,B,7.0,5,Dark No street lights,210194,1,1,0,1,0,0,2,5,Not at intersection,3,80,210194.0,N,2551442.627,2407121.106,YARRA RANGES,METROPOLITAN SOUTH EAST REGION,RURAL_VICTORIA,-37.83553,145.58442,3139.0
T20070006341,22/2/07,05.40.00,3,Struck animal,5,Thursday,167,STRUCK ANIMAL                        ,VCS,9.0,708,H,3.0,5,Dark No street lights,208333,1,1,1,0,0,0,1,5,Not at intersection,2,100,208333.0,N,2561693.989,2347645.215,SOUTH GIPPSLAND,EASTERN REGION,RURAL_VICTORIA,-38.3707,145.70588999999998,3945.0
T20070006807,25/2/07,09.30.00,3,Struck animal,1,Sunday,167,STRUCK ANIMAL                        ,VCS,9.0,417,D,7.0,1,Day,207620,1,1,0,1,0,0,1,5,Not at intersection,3,100,207620.0,N,2502776.478,2461655.55,MITCHELL,NORTHERN REGION,RURAL_VICTORIA,-37.34555,145.03134,3758.0
T20070008052,2/3/07,06.40.00,3,Struck animal,6,Friday,167,STRUCK ANIMAL                        ,VCS,9.0,418,C,1.0,2,Dusk/Dawn,207756,1,1,0,1,0,0,2,5,Not at intersection,3,100,207756.0,N,2516847.787,2472561.212,MURRINDINDI,NORTH EASTERN REGION,RURAL_VICTORIA,-37.24713,145.18992,3658.0
T20070008212,3/3/07,23.30.00,3,Struck animal,7,Saturday,167,STRUCK ANIMAL                        ,VCS,9.0,43,C,6.0,5,Dark No street lights,211960,1,1,1,0,0,0,1,5,Not at intersection,2,100,211960.0,N,2381499.314,2525249.02,CENTRAL GOLDFIELDS,WESTERN REGION,RURAL_VICTORIA,-36.765,143.67255,3472.0
T20070009166,23/12/06,17.30.00,3,Struck animal,7,Saturday,167,STRUCK ANIMAL                        ,VCS,9.0,31,H,5.0,1,Day,208215,1,1,0,1,0,0,2,5,Not at intersection,3,999,208215.0,N,2499334.733,2585947.023,CAMPASPE,NORTHERN REGION,RURAL_VICTORIA,-36.2254,144.9926,3621.0
T20070009806,19/3/07,03.00.00,3,Struck animal,2,Monday,167,STRUCK ANIMAL                        ,MEL,40.0,82,E,11.0,5,Dark No street lights,212513,1,1,1,0,0,0,1,5,Not at intersection,2,70,212513.0,N,2523161.987,2393623.282,CASEY,METROPOLITAN SOUTH EAST REGION,MELB_URBAN,-37.95828,145.26356,3802.0
T20070011182,23/3/07,08.28.00,3,Struck animal,6,Friday,167,STRUCK ANIMAL                        ,VCS,9.0,615,S,3.0,1,Day,208628,1,1,0,1,0,0,2,5,Not at intersection,3,100,208628.0,N,2445393.657,2522101.9,BENDIGO,NORTHERN REGION,RURAL_VICTORIA,-36.79923,144.38804,3551.0
T20070011851,27/3/07,21.20.00,3,Struck animal,3,Tuesday,167,STRUCK ANIMAL                        ,VCS,9.0,673,Q,2.0,5,Dark No street lights,208720,1,1,0,1,0,0,2,5,Not at intersection,3,80,208720.0,N,2536942.725,2572311.901,SHEPPARTON,NORTH EASTERN REGION,SMALL_CITIES,-36.347570000000005,145.41158000000001,3630.0
T20070012466,29/3/07,10.30.00,3,Struck animal,5,Thursday,167,STRUCK ANIMAL                        ,VCS,9.0,69,D,6.0,1,Day,210432,1,2,0,1,0,1,2,5,Not at intersection,3,100,210432.0,N,2867513.975,2432373.859,EAST GIPPSLAND,EASTERN REGION,RURAL_VICTORIA,-37.53705,149.16003,3890.0
T20070012479,7/4/07,06.20.00,3,Struck animal,7,Saturday,167,STRUCK ANIMAL                        ,MEL,40.0,388,B,11.0,2,Dusk/Dawn,211235,1,1,1,0,0,0,1,5,Not at intersection,2,100,211235.0,N,2498420.438,2432995.017,WHITTLESEA,METROPOLITAN NORTH WEST REGION,RURAL_VICTORIA,-37.60382,144.98211,3750.0
T20070012505,7/4/07,12.58.00,3,Struck animal,7,Saturday,167,STRUCK ANIMAL                        ,MEL,40.0,93,A,6.0,1,Day,210681,1,1,0,1,0,0,1,5,Not at intersection,3,50,210681.0,N,2509857.875,2386174.499,KINGSTON,METROPOLITAN SOUTH EAST REGION,MELB_URBAN,-38.02562,145.11227,3195.0
T20070012773,9/4/07,23.00.00,3,Struck animal,2,Monday,167,STRUCK ANIMAL                        ,MEL,40.0,19,K,8.0,5,Dark No street lights,208501,1,1,1,0,0,0,1,5,Not at intersection,2,50,208501.0,N,2505584.539,2419609.965,BANYULE,METROPOLITAN NORTH WEST REGION,MELB_URBAN,-37.72441,145.06335,3085.0
T20070012801,9/4/07,23.50.00,3,Struck animal,2,Monday,167,STRUCK ANIMAL                        ,VCS,9.0,419,E,9.0,5,Dark No street lights,208407,1,1,1,0,0,0,1,5,Not at intersection,2,100,208407.0,N,2540618.285,2455242.484,MURRINDINDI,NORTH EASTERN REGION,RURAL_VICTORIA,-37.40246,145.45881,3717.0
T20070012804,10/4/07,06.30.00,3,Struck animal,3,Tuesday,167,STRUCK ANIMAL                        ,VCS,9.0,419,E,2.0,1,Day,208408,1,1,0,1,0,0,1,5,Not at intersection,3,100,208408.0,N,2540667.925,2470019.565,MURRINDINDI,NORTH EASTERN REGION,RURAL_VICTORIA,-37.2693,145.45857,3717.0
T20070012887,11/4/07,00.36.00,3,Struck animal,4,Wednesday,167,STRUCK ANIMAL                        ,VCS,9.0,35,C,9.0,5,Dark No street lights,208412,1,1,1,0,0,0,1,5,Not at intersection,2,100,208412.0,N,2650387.932,2558529.454,WANGARATTA,NORTH EASTERN REGION,RURAL_VICTORIA,-36.46056,146.67802,3747.0
T20070013674,17/4/07,01.15.00,3,Struck animal,3,Tuesday,167,STRUCK ANIMAL                        ,VCS,9.0,23,B,9.0,5,Dark No street lights,210679,1,1,1,0,0,0,1,5,Not at intersection,2,100,210679.0,N,2556205.908,2613429.403,MOIRA,NORTH EASTERN REGION,RURAL_VICTORIA,-35.97606,145.62319,3644.0
T20070013726,17/4/07,18.40.00,3,Struck animal,3,Tuesday,167,STRUCK ANIMAL                        ,VCS,9.0,33,H,2.0,5,Dark No street lights,209669,3,3,1,0,0,2,1,5,Not at intersection,2,100,209669.0,N,2587256.016,2608263.407,MOIRA,NORTH EASTERN REGION,TOWNS,-36.02028,145.96802,3730.0
T20070014314,21/4/07,06.35.00,3,Struck animal,7,Saturday,167,STRUCK ANIMAL                        ,VCS,9.0,91,F,6.0,2,Dusk/Dawn,212023,1,2,0,2,0,0,1,5,Not at intersection,3,100,212023.0,N,2351200.891,2356586.227,CORANGAMITE,SOUTH WESTERN REGION,RURAL_VICTORIA,-38.28025,143.29946,3260.0
T20070014407,22/4/07,08.30.00,3,Struck animal,1,Sunday,167,STRUCK ANIMAL                        ,VCS,9.0,89,D,4.0,1,Day,210736,1,1,0,1,0,0,2,5,Not at intersection,3,100,210736.0,N,2248956.685,2370320.78,MOYNE,SOUTH WESTERN REGION,RURAL_VICTORIA,-38.134479999999996,142.13625,3287.0
T20070016141,5/5/07,06.25.00,3,Struck animal,7,Saturday,167,STRUCK ANIMAL                        ,MEL,40.0,140,D,12.0,2,Dusk/Dawn,209003,1,1,1,0,0,0,1,5,Not at intersection,2,100,209003.0,N,2518729.745,2364146.01,MORNINGTON PENINSULA,METROPOLITAN SOUTH EAST REGION,RURAL_VICTORIA,-38.223929999999996,145.21388000000002,3912.0
T20070016623,8/5/07,21.40.00,3,Struck animal,3,Tuesday,167,STRUCK ANIMAL                        ,VCS,9.0,22,J,9.0,5,Dark No street lights,208761,2,2,0,2,0,0,1,5,Not at intersection,3,100,208761.0,N,2543644.041,2610943.42,MOIRA,NORTH EASTERN REGION,RURAL_VICTORIA,-35.99912,145.48405,3640.0
T20070017349,14/5/07,06.10.00,3,Struck animal,2,Monday,167,STRUCK ANIMAL                        ,MEL,40.0,328,F,4.0,5,Dark No street lights,208867,1,1,0,1,0,0,1,5,Not at intersection,3,100,208867.0,N,2453028.095,2430588.637,MOORABOOL,WESTERN REGION,RURAL_VICTORIA,-37.624320000000004,144.46786,3340.0
T20070017384,15/5/07,05.40.00,3,Struck animal,3,Tuesday,167,STRUCK ANIMAL                        ,MEL,40.0,177,G,5.0,5,Dark No street lights,209029,1,1,1,0,0,0,1,5,Not at intersection,2,100,209029.0,N,2484794.492,2430224.237,HUME,METROPOLITAN NORTH WEST REGION,RURAL_VICTORIA,-37.628659999999996,144.82773,3428.0
T20070018353,25/4/07,16.30.00,3,Struck animal,4,Wednesday,167,STRUCK ANIMAL                        ,VCS,9.0,97,G,9.0,1,Day,209756,1,1,0,1,0,0,2,5,Not at intersection,3,100,209756.0,N,2615155.724,2337993.475,LATROBE,EASTERN REGION,RURAL_VICTORIA,-38.45251,146.31905,3870.0
T20070018536,22/5/07,22.15.00,3,Struck animal,3,Tuesday,167,STRUCK ANIMAL                        ,VCS,9.0,414,F,4.0,5,Dark No street lights,209130,1,1,0,1,0,0,1,5,Not at intersection,3,100,209130.0,N,2450735.583,2467950.677,MACEDON RANGES,NORTHERN REGION,RURAL_VICTORIA,-37.28753,144.44436000000002,3444.0
T20070018964,26/5/07,19.00.00,3,Struck animal,7,Saturday,167,STRUCK ANIMAL                        ,VCS,9.0,81,G,9.0,2,Dusk/Dawn,212865,1,1,1,0,0,0,1,5,Not at intersection,2,100,212865.0,N,2620555.304,2391538.541,BAW BAW,EASTERN REGION,RURAL_VICTORIA,-37.96952,146.37205,3825.0
T20070019000,26/5/07,18.50.00,3,Struck animal,7,Saturday,167,STRUCK ANIMAL                        ,MEL,40.0,356,B,6.0,5,Dark No street lights,209057,1,2,0,2,0,0,1,5,Not at intersection,3,100,209057.0,N,2474900.141,2420139.556,MELTON,METROPOLITAN NORTH WEST REGION,RURAL_VICTORIA,-37.71932,144.71528999999998,3335.0
T20070019232,28/5/07,03.30.00,3,Struck animal,2,Monday,167,STRUCK ANIMAL                        ,MEL,40.0,203,F,3.0,5,Dark No street lights,209113,1,1,1,0,0,0,1,5,Not at intersection,2,70,209113.0,N,2476495.788,2406943.263,WYNDHAM,METROPOLITAN NORTH WEST REGION,RURAL_VICTORIA,-37.83826,144.73297,3029.0
T20070019331,25/5/07,21.00.00,3,Struck animal,6,Friday,167,STRUCK ANIMAL                        ,VCS,9.0,97,J,5.0,5,Dark No street lights,209148,1,2,0,1,0,1,2,5,Not at intersection,3,100,209148.0,N,2630649.159,2366988.174,LATROBE,EASTERN REGION,RURAL_VICTORIA,-38.1893,146.49129,3844.0
T20070020105,3/6/07,19.40.00,3,Struck animal,1,Sunday,167,STRUCK ANIMAL                        ,VCS,9.0,91,E,4.0,5,Dark No street lights,209196,2,2,0,1,0,1,1,5,Not at intersection,3,100,209196.0,N,2344581.883,2371351.902,CORANGAMITE,SOUTH WESTERN REGION,RURAL_VICTORIA,-38.14617,143.22697,3260.0
T20070020199,3/6/07,13.15.00,3,Struck animal,1,Sunday,167,STRUCK ANIMAL                        ,VCS,9.0,61,E,4.0,1,Day,210916,1,1,1,0,0,0,2,5,Not at intersection,2,100,210916.0,N,2519571.197,2480562.534,MITCHELL,NORTHERN REGION,RURAL_VICTORIA,-37.17497,145.22041000000002,3659.0
T20070020902,9/6/07,16.00.00,3,Struck animal,7,Saturday,167,STRUCK ANIMAL                        ,MEL,40.0,91,E,12.0,1,Day,210931,1,1,0,1,0,0,2,5,Not at intersection,3,80,210931.0,N,2522928.146,2388467.104,CASEY,METROPOLITAN SOUTH EAST REGION,MELB_URBAN,-38.004740000000005,145.26106000000001,3803.0
T20070021236,13/6/07,06.44.00,3,Struck animal,4,Wednesday,167,STRUCK ANIMAL                        ,VCS,9.0,97,J,5.0,5,Dark No street lights,209780,1,1,1,0,0,0,1,5,Not at intersection,2,100,209780.0,N,2630583.546,2366995.722,LATROBE,EASTERN REGION,RURAL_VICTORIA,-38.189240000000005,146.49053999999998,3844.0
T20070021333,10/6/07,21.00.00,3,Struck animal,1,Sunday,167,STRUCK ANIMAL                        ,MEL,40.0,82,B,10.0,5,Dark No street lights,209290,1,1,1,0,0,0,1,5,Not at intersection,2,80,209290.0,N,2522020.187,2394162.019,CASEY,METROPOLITAN SOUTH EAST REGION,MELB_URBAN,-37.95345,145.25055,3802.0
T20070021455,14/6/07,16.20.00,3,Struck animal,5,Thursday,167,STRUCK ANIMAL                        ,VCS,9.0,566,C,6.0,1,Day,209309,1,1,0,1,0,0,1,5,Not at intersection,3,60,209309.0,N,2398415.693,2438301.187,BALLARAT,WESTERN REGION,LARGE_PROVINCIAL_CITIES,-37.55048,143.85026000000002,3350.0
T20070021976,18/6/07,18.25.00,3,Struck animal,2,Monday,167,STRUCK ANIMAL                        ,VCS,9.0,459,K,2.0,5,Dark No street lights,212897,1,2,0,2,0,0,1,5,Not at intersection,3,100,212897.0,N,2549119.972,2374564.025,CARDINIA,METROPOLITAN SOUTH EAST REGION,RURAL_VICTORIA,-38.12897,145.56021,3812.0
T20070023272,28/6/07,11.20.00,3,Struck animal,5,Thursday,167,STRUCK ANIMAL                        ,MEL,40.0,49,D,10.0,1,Day,39587,1,1,1,0,0,0,1,2,T intersection,2,60,39587.0,I,2518783.773,2408739.412,WHITEHORSE,METROPOLITAN SOUTH EAST REGION,MELB_URBAN,-37.822179999999996,145.21336000000002,3134.0
T20070023279,28/6/07,06.40.00,3,Struck animal,5,Thursday,167,STRUCK ANIMAL                        ,VCS,9.0,46,E,2.0,5,Dark No street lights,209878,1,1,0,1,0,0,2,5,Not at intersection,3,100,209878.0,N,2519957.793,2555211.321,SHEPPARTON,NORTH EASTERN REGION,RURAL_VICTORIA,-36.5022,145.2228,3610.0
T20070023743,1/7/07,17.45.00,3,Struck animal,1,Sunday,167,STRUCK ANIMAL                        ,VCS,9.0,91,C,5.0,5,Dark No street lights,209928,1,1,0,1,0,0,1,5,Not at intersection,3,100,209928.0,N,2335004.184,2363703.77,CORANGAMITE,SOUTH WESTERN REGION,RURAL_VICTORIA,-38.2134,143.11601000000002,3260.0
T20070024130,4/7/07,18.40.00,3,Struck animal,4,Wednesday,167,STRUCK ANIMAL                        ,VCS,9.0,20,H,6.0,5,Dark No street lights,210005,1,3,3,0,0,0,1,5,Not at intersection,2,100,210005.0,N,2405164.771,2636928.99,GANNAWARRA,NORTHERN REGION,RURAL_VICTORIA,-35.76123,143.9514,3579.0
T20070024613,8/7/07,06.00.00,3,Struck animal,1,Sunday,167,STRUCK ANIMAL                        ,VCS,9.0,33,B,5.0,2,Dusk/Dawn,209857,1,1,0,1,0,0,1,5,Not at intersection,3,100,209857.0,N,2551336.257,2588709.946,MOIRA,NORTH EASTERN REGION,RURAL_VICTORIA,-36.19911,145.57084,3636.0
T20070024708,8/7/07,17.40.00,3,Struck animal,1,Sunday,167,STRUCK ANIMAL                        ,VCS,9.0,103,E,4.0,5,Dark No street lights,212875,3,6,0,3,0,3,1,5,Not at intersection,3,100,212875.0,N,2613850.103,2315851.018,SOUTH GIPPSLAND,EASTERN REGION,RURAL_VICTORIA,-38.65208,146.30758,3962.0
T20070024769,7/7/07,11.00.00,3,Struck animal,7,Saturday,167,STRUCK ANIMAL                        ,VCS,9.0,80,B,9.0,1,Day,212876,1,1,0,1,0,0,2,5,Not at intersection,3,100,212876.0,N,2554782.988,2394289.013,CARDINIA,METROPOLITAN SOUTH EAST REGION,RURAL_VICTORIA,-37.95095,145.62332,3783.0
T20070025126,11/7/07,17.50.00,3,Struck animal,4,Wednesday,167,STRUCK ANIMAL                        ,MEL,40.0,143,C,1.0,5,Dark No street lights,209888,2,2,0,2,0,0,1,5,Not at intersection,3,100,209888.0,N,2530000.042,2368512.562,CASEY,METROPOLITAN SOUTH EAST REGION,RURAL_VICTORIA,-38.1843,145.3424,3977.0
T20070025211,11/7/07,18.00.00,3,Struck animal,4,Wednesday,167,STRUCK ANIMAL                        ,VCS,9.0,60,E,2.0,5,Dark No street lights,212904,1,2,0,2,0,0,1,5,Not at intersection,3,100,212904.0,N,2481763.047,2496404.065,MITCHELL,NORTHERN REGION,RURAL_VICTORIA,-37.03223,144.795,3522.0
T20070026781,21/7/07,00.15.00,3,Struck animal,7,Saturday,167,STRUCK ANIMAL                        ,VCS,9.0,63,E,3.0,5,Dark No street lights,211469,1,1,0,1,0,0,2,5,Not at intersection,3,100,211469.0,N,2610644.26,2487810.656,MANSFIELD,NORTH EASTERN REGION,RURAL_VICTORIA,-37.10333,146.24493999999999,3723.0
T20070027600,22/7/07,16.30.00,3,Struck animal,1,Sunday,167,STRUCK ANIMAL                        ,MEL,40.0,277,K,1.0,1,Day,44534,1,1,0,1,0,0,2,2,T intersection,3,60,44534.0,I,2544570.404,2427216.214,YARRA RANGES,METROPOLITAN SOUTH EAST REGION,TOWNS,-37.65483,145.50513999999998,3777.0
T20070027959,2/6/07,19.00.00,3,Struck animal,7,Saturday,167,STRUCK ANIMAL                        ,MEL,40.0,91,A,1.0,5,Dark No street lights,211301,1,1,0,1,0,0,2,5,Not at intersection,3,80,211301.0,N,2521469.165,2392910.452,CASEY,METROPOLITAN SOUTH EAST REGION,MELB_URBAN,-37.96474,145.24432,3802.0
T20070029177,11/8/07,14.45.00,3,Struck animal,7,Saturday,167,STRUCK ANIMAL                        ,VCS,9.0,56,C,5.0,1,Day,27370,1,1,1,0,0,0,2,5,Not at intersection,2,100,27370.0,N,2290030.802,2469812.106,ARARAT,WESTERN REGION,RURAL_VICTORIA,-37.24853,142.6328,3381.0
T20070029619,13/8/07,04.15.00,3,Struck animal,2,Monday,167,STRUCK ANIMAL                        ,VCS,9.0,612,C,6.0,5,Dark No street lights,216795,1,4,1,3,0,0,1,5,Not at intersection,2,100,216795.0,N,2428120.276,2520868.872,BENDIGO,NORTHERN REGION,RURAL_VICTORIA,-36.80918,144.19435,3551.0
T20070029801,30/6/07,15.00.00,3,Struck animal,7,Saturday,167,STRUCK ANIMAL                        ,VCS,9.0,673,R,2.0,1,Day,210812,1,2,0,2,0,0,2,5,Not at intersection,3,100,210812.0,N,2537320.414,2572335.773,SHEPPARTON,NORTH EASTERN REGION,RURAL_VICTORIA,-36.34734,145.41579,3631.0
T20070031088,24/8/07,19.50.00,3,Struck animal,6,Friday,167,STRUCK ANIMAL                        ,VCS,9.0,66,B,3.0,5,Dark No street lights,213025,1,1,0,1,0,0,1,5,Not at intersection,3,100,213025.0,N,2732557.0,2483769.992,EAST GIPPSLAND,EASTERN REGION,RURAL_VICTORIA,-37.11745,147.61741,3898.0
T20070031478,29/8/07,22.50.00,3,Struck animal,4,Wednesday,167,STRUCK ANIMAL                        ,MEL,40.0,360,F,11.0,5,Dark No street lights,211749,1,1,0,1,0,0,1,5,Not at intersection,3,80,211749.0,N,2476792.453,2408532.641,WYNDHAM,METROPOLITAN NORTH WEST REGION,RURAL_VICTORIA,-37.82395,144.73639,3029.0
T20070031716,23/8/07,14.30.00,3,Struck animal,5,Thursday,167,STRUCK ANIMAL                        ,VCS,9.0,35,E,7.0,1,Day,211666,1,1,1,0,0,0,2,5,Not at intersection,2,100,211666.0,N,2657879.554,2571294.837,INDIGO,NORTH EASTERN REGION,RURAL_VICTORIA,-36.34431,146.75896,3747.0
T20070032024,2/9/07,20.35.00,3,Struck animal,1,Sunday,167,STRUCK ANIMAL                        ,MEL,40.0,281,F,4.0,5,Dark No street lights,213067,1,1,0,1,0,0,2,5,Not at intersection,3,100,213067.0,N,2535117.655,2421181.652,YARRA RANGES,METROPOLITAN SOUTH EAST REGION,RURAL_VICTORIA,-37.7096,145.39829,3770.0
T20070032593,5/9/07,06.30.00,3,Struck animal,4,Wednesday,167,STRUCK ANIMAL                        ,MEL,40.0,47,H,1.0,2,Dusk/Dawn,211908,1,1,0,1,0,0,2,5,Not at intersection,3,60,211908.0,N,2512608.85,2412301.816,MANNINGHAM,METROPOLITAN SOUTH EAST REGION,MELB_URBAN,-37.79019,145.14316000000002,3108.0
T20070032608,8/9/07,14.10.00,3,Struck animal,7,Saturday,167,STRUCK ANIMAL                        ,VCS,9.0,101,A,2.0,1,Day,212016,1,1,1,0,0,0,1,5,Not at intersection,2,100,212016.0,N,2372086.417,2326833.877,COLAC OTWAY,SOUTH WESTERN REGION,RURAL_VICTORIA,-38.55133,143.53287,3239.0
T20070033046,26/8/07,07.15.00,3,Struck animal,1,Sunday,167,STRUCK ANIMAL                        ,VCS,9.0,35,B,8.0,1,Day,212638,1,1,0,1,0,0,2,5,Not at intersection,3,100,212638.0,N,2641265.414,2566762.806,WANGARATTA,NORTH EASTERN REGION,RURAL_VICTORIA,-36.38777,146.57473000000002,3678.0
T20070033330,12/9/07,17.30.00,3,Struck animal,4,Wednesday,167,STRUCK ANIMAL                        ,VCS,9.0,61,D,2.0,1,Day,212108,1,1,0,1,0,0,2,5,Not at intersection,3,100,212108.0,N,2516713.157,2495599.21,MITCHELL,NORTHERN REGION,RURAL_VICTORIA,-37.03951,145.18788999999998,3660.0
T20070033838,29/8/07,12.30.00,3,Struck animal,4,Wednesday,167,STRUCK ANIMAL                        ,MEL,40.0,67,F,3.0,1,Day,211884,1,1,0,1,0,0,2,5,Not at intersection,3,60,211884.0,N,2499902.455,2402077.086,GLEN EIRA,METROPOLITAN SOUTH EAST REGION,MELB_URBAN,-37.8824,144.99889,3185.0
T20070033858,6/9/07,07.50.00,3,Struck animal,5,Thursday,167,STRUCK ANIMAL                        ,VCS,9.0,83,D,6.0,1,Day,211994,1,1,0,1,0,0,2,5,Not at intersection,3,100,211994.0,N,2689410.56,2407957.991,WELLINGTON,EASTERN REGION,RURAL_VICTORIA,-37.81013,147.15126,3862.0
T20070033944,18/9/07,14.26.00,3,Struck animal,3,Tuesday,167,STRUCK ANIMAL                        ,MEL,40.0,452,F,12.0,1,Day,212212,1,1,1,0,0,0,1,5,Not at intersection,2,60,212212.0,N,2445449.04,2368894.749,GEELONG,SOUTH WESTERN REGION,LARGE_PROVINCIAL_CITIES,-38.17974,144.37743,3219.0