ACCIDENT_NO,ACCIDENT_DATE,ACCIDENT_TIME,ACCIDENT_TYPE,ACCIDENT_TYPE_DESC,DAY_OF_WEEK,DAY_WEEK_DESC,DCA_CODE,DCA_DESC,DIRECTORY,EDITION,PAGE,GRID_REFERENCE_X,GRID_REFERENCE_Y,LIGHT_CONDITION,LIGHT_CONDITION_DESC,NODE_ID_x,NO_OF_VEHICLES,NO_PERSONS,NO_PERSONS_INJ_2,NO_PERSONS_INJ_3,NO_PERSONS_KILLED,NO_PERSONS_NOT_INJ,POLICE_ATTEND,ROAD_GEOMETRY,ROAD_GEOMETRY_DESC,SEVERITY,SPEED_ZONE,NODE_ID_y,NODE_TYPE,AMG_X,AMG_Y,LG_AREA_NAME,REGION_NAME,DEG_URBAN_NAME,LATITUDE,LONGITUDE,POSTCODE
T20070033957,14/9/07,19.00.00,3,Struck animal,6,Friday,167,STRUCK ANIMAL                        ,VCS,9.0,46,E,3.0,5,Dark No street lights,212142,1,1,1,0,0,0,1,5,Not at intersection,2,100,212142.0,N,2519937.722,2547119.339,SHEPPARTON,NORTH EASTERN REGION,RURAL_VICTORIA,-36.57513,145.22278,3610.0
T20070034141,19/9/07,22.10.00,3,Struck animal,4,Wednesday,167,STRUCK ANIMAL                        ,VCS,9.0,31,H,9.0,5,Dark No street lights,213570,1,1,0,1,0,0,1,5,Not at intersection,3,100,213570.0,N,2497012.265,2561033.034,CAMPASPE,NORTHERN REGION,RURAL_VICTORIA,-36.449940000000005,144.96667,3623.0
T20070034261,14/9/07,23.45.00,3,Struck animal,6,Friday,167,STRUCK ANIMAL                        ,VCS,9.0,37,F,7.0,5,Dark No street lights,212195,1,2,0,1,0,1,2,5,Not at intersection,3,100,212195.0,N,2754845.339,2571992.934,TOWONG,NORTH EASTERN REGION,RURAL_VICTORIA,-36.31692,147.83852,3707.0
T20070034716,22/9/07,15.30.00,3,Struck animal,7,Saturday,167,STRUCK ANIMAL                        ,,,,,,1,Day,-3,1,1,0,1,0,0,2,5,Not at intersection,3,999,,,,,,,,,,
T20070034798,21/9/07,17.20.00,3,Struck animal,6,Friday,167,STRUCK ANIMAL                        ,MEL,40.0,160,E,9.0,1,Day,212159,1,1,0,1,0,0,1,5,Not at intersection,3,100,212159.0,N,2499590.89,2350577.701,MORNINGTON PENINSULA,METROPOLITAN SOUTH EAST REGION,RURAL_VICTORIA,-38.34635,144.99532,3936.0
T20070034936,26/9/07,18.00.00,3,Struck animal,4,Wednesday,167,STRUCK ANIMAL                        ,VCS,9.0,93,F,7.0,2,Dusk/Dawn,50354,1,1,0,1,0,0,1,2,T intersection,3,100,50354.0,I,2435204.635,2350037.724,SURF COAST,SOUTH WESTERN REGION,RURAL_VICTORIA,-38.34894,144.25884,3228.0
T20070035624,28/9/07,14.00.00,3,Struck animal,6,Friday,167,STRUCK ANIMAL                        ,VCS,9.0,57,G,6.0,1,Day,212320,1,1,1,0,0,0,2,5,Not at intersection,2,100,212320.0,N,2352432.654,2467695.666,PYRENEES,WESTERN REGION,RURAL_VICTORIA,-37.2795,143.33573,3468.0
T20070035817,3/10/07,22.50.00,3,Struck animal,4,Wednesday,167,STRUCK ANIMAL                        ,MEL,40.0,51,H,11.0,5,Dark No street lights,212356,2,2,0,2,0,0,1,5,Not at intersection,3,80,212356.0,N,2527972.637,2408427.746,MAROONDAH,METROPOLITAN SOUTH EAST REGION,MELB_URBAN,-37.82476,145.31774,3137.0
T20070035860,30/9/07,16.00.00,3,Struck animal,1,Sunday,167,STRUCK ANIMAL                        ,VCS,9.0,46,B,4.0,1,Day,56543,1,1,1,0,0,0,2,5,Not at intersection,2,100,56543.0,I,2501765.212,2538349.666,CAMPASPE,NORTHERN REGION,RURAL_VICTORIA,-36.654379999999996,145.01973999999998,3612.0
T20070036174,6/10/07,19.00.00,3,Struck animal,7,Saturday,167,STRUCK ANIMAL                        ,VCS,9.0,62,F,3.0,5,Dark No street lights,212329,1,1,1,0,0,0,2,5,Not at intersection,2,80,212329.0,N,2576000.015,2492333.17,MANSFIELD,NORTH EASTERN REGION,RURAL_VICTORIA,-37.06602,145.8547,3720.0
T20070036330,7/10/07,19.15.00,3,Struck animal,1,Sunday,167,STRUCK ANIMAL                        ,VCS,9.0,100,D,9.0,5,Dark No street lights,213154,1,1,0,1,0,0,1,5,Not at intersection,3,100,213154.0,N,2311755.961,2321822.815,MOYNE,SOUTH WESTERN REGION,RURAL_VICTORIA,-38.5861,142.83979,3270.0
T20070037315,14/10/07,21.18.00,3,Struck animal,1,Sunday,167,STRUCK ANIMAL                        ,MEL,40.0,645,B,5.0,5,Dark No street lights,27672,1,2,1,1,0,0,1,5,Not at intersection,2,100,27672.0,N,2494586.829,2456189.507,MITCHELL,NORTHERN REGION,RURAL_VICTORIA,-37.3948,144.93886,3756.0
T20070037675,24/8/07,02.00.00,3,Struck animal,6,Friday,167,STRUCK ANIMAL                        ,MEL,40.0,178,C,6.0,5,Dark No street lights,213212,1,2,0,1,0,1,2,5,Not at intersection,3,100,213212.0,N,2487022.754,2429929.323,HUME,METROPOLITAN NORTH WEST REGION,RURAL_VICTORIA,-37.63135,144.85297,3059.0
T20070038154,21/10/07,10.15.00,3,Struck animal,1,Sunday,167,STRUCK ANIMAL                        ,VCS,9.0,53,H,7.0,1,Day,211458,1,1,0,0,1,0,1,5,Not at intersection,1,100,211458.0,N,2180158.195,2456426.802,WEST WIMMERA,WESTERN REGION,RURAL_VICTORIA,-37.33801,141.38935,3312.0
T20070038169,19/10/07,19.00.00,3,Struck animal,6,Friday,167,STRUCK ANIMAL                        ,MEL,40.0,5,K,7.0,2,Dusk/Dawn,213575,1,1,0,1,0,0,2,5,Not at intersection,3,50,213575.0,N,2489893.226,2424628.311,HUME,METROPOLITAN NORTH WEST REGION,MELB_URBAN,-37.67915,144.88541999999998,3049.0
T20070039193,6/10/07,10.00.00,3,Struck animal,7,Saturday,167,STRUCK ANIMAL                        ,MEL,40.0,454,H,11.0,1,Day,213662,1,1,1,0,0,0,2,5,Not at intersection,2,80,213662.0,N,2453865.6,2369332.074,GEELONG,SOUTH WESTERN REGION,RURAL_VICTORIA,-38.17626,144.47351,3224.0
T20070039193,6/10/07,10.00.00,3,Struck animal,7,Saturday,167,STRUCK ANIMAL                        ,MEL,40.0,454,H,11.0,1,Day,213662,1,1,1,0,0,0,2,5,Not at intersection,2,80,213662.0,N,2453865.6,2369332.074,GEELONG,SOUTH WESTERN REGION,TOWNS,-38.17626,144.47351,3224.0
T20070040086,3/11/07,01.05.00,3,Struck animal,7,Saturday,167,STRUCK ANIMAL                        ,MEL,40.0,139,J,1.0,5,Dark No street lights,213727,1,2,1,0,0,1,1,5,Not at intersection,2,100,213727.0,N,2532454.548,2373505.612,CASEY,METROPOLITAN SOUTH EAST REGION,SMALL_TOWNS,-38.13924,145.37018999999998,3978.0
T20070040220,28/10/07,14.30.00,3,Struck animal,1,Sunday,167,STRUCK ANIMAL                        ,MEL,40.0,933,G,6.0,1,Day,213682,1,1,1,0,0,0,2,5,Not at intersection,2,80,213682.0,N,2511596.514,2332492.786,BASS COAST,EASTERN REGION,RURAL_VICTORIA,-38.509170000000005,145.13293000000002,3922.0
T20070040959,10/11/07,18.20.00,3,Struck animal,7,Saturday,167,STRUCK ANIMAL                        ,VCS,9.0,56,A,7.0,1,Day,213780,1,1,1,0,0,0,1,5,Not at intersection,2,100,213780.0,N,2279318.661,2456778.225,ARARAT,WESTERN REGION,RURAL_VICTORIA,-37.363479999999996,142.50824,3379.0
T20070042226,19/11/07,20.30.00,3,Struck animal,2,Monday,167,STRUCK ANIMAL                        ,VCS,9.0,98,H,3.0,3,Dark Street lights on,216800,1,2,2,0,0,0,1,5,Not at intersection,2,100,216800.0,N,2672212.758,2376110.111,WELLINGTON,EASTERN REGION,RURAL_VICTORIA,-38.10034,146.96345,3851.0
T20070042317,24/10/07,19.15.00,3,Struck animal,4,Wednesday,167,STRUCK ANIMAL                        ,MEL,40.0,82,E,11.0,6,Dark Street lights unknown,213657,1,2,0,1,0,1,2,5,Not at intersection,3,60,213657.0,N,2522859.62,2393608.76,CASEY,METROPOLITAN SOUTH EAST REGION,MELB_URBAN,-37.95841,145.26012,3156.0
T20070043228,27/11/07,02.30.00,3,Struck animal,3,Tuesday,167,STRUCK ANIMAL                        ,MEL,40.0,4,B,12.0,5,Dark No street lights,214037,1,2,2,0,0,0,1,5,Not at intersection,2,100,214037.0,N,2482755.183,2422605.969,BRIMBANK,METROPOLITAN NORTH WEST REGION,MELB_URBAN,-37.69727,144.80445,3038.0
T20070045289,12/12/07,05.15.00,3,Struck animal,4,Wednesday,167,STRUCK ANIMAL                        ,MEL,40.0,311,J,11.0,2,Dusk/Dawn,214355,1,1,1,0,0,0,1,5,Not at intersection,2,80,214355.0,N,2544154.685,2393687.141,CARDINIA,METROPOLITAN SOUTH EAST REGION,RURAL_VICTORIA,-37.95694,145.50243,3781.0
T20070045464,12/12/07,21.30.00,3,Struck animal,4,Wednesday,167,STRUCK ANIMAL                        ,VCS,9.0,60,B,3.0,5,Dark No street lights,28140,1,1,0,1,0,0,2,5,Not at intersection,3,100,28140.0,N,2465354.315,2489587.445,MITCHELL,NORTHERN REGION,RURAL_VICTORIA,-37.0932,144.61024,3444.0
T20070046057,9/12/07,21.30.00,3,Struck animal,1,Sunday,167,STRUCK ANIMAL                        ,VCS,9.0,691,N,6.0,6,Dark Street lights unknown,214455,1,4,0,1,0,3,2,5,Not at intersection,3,60,214455.0,N,2726246.804,2380450.513,WELLINGTON,EASTERN REGION,SMALL_TOWNS,-38.049640000000004,147.5779,3851.0
T20070047382,26/12/07,09.30.00,3,Struck animal,4,Wednesday,167,STRUCK ANIMAL                        ,,,,,,1,Day,-3,1,2,0,1,0,1,2,5,Not at intersection,3,100,,,,,,,,,,
T20070047753,28/12/07,05.00.00,3,Struck animal,6,Friday,167,STRUCK ANIMAL                        ,MEL,40.0,697,G,7.0,5,Dark No street lights,217683,1,1,0,1,0,0,1,5,Not at intersection,3,110,217683.0,N,2469135.088,2439445.026,HUME,METROPOLITAN NORTH WEST REGION,RURAL_VICTORIA,-37.545190000000005,144.6507,3429.0
T20080000001,28/12/07,17.00.00,3,Struck animal,6,Friday,167,STRUCK ANIMAL                        ,VCS,9.0,49,A,3.0,1,Day,214597,1,1,1,0,0,0,2,5,Not at intersection,2,100,214597.0,N,2635285.964,2545755.572,WANGARATTA,NORTH EASTERN REGION,RURAL_VICTORIA,-36.57795,146.51181,3678.0
T20080000005,31/12/07,23.20.00,3,Struck animal,2,Monday,167,STRUCK ANIMAL                        ,VCS,9.0,84,C,8.0,5,Dark No street lights,216817,1,1,1,0,0,0,1,5,Not at intersection,2,100,216817.0,N,2735033.855,2397511.768,EAST GIPPSLAND,EASTERN REGION,SMALL_TOWNS,-37.893809999999995,147.67252,3878.0
T20080000439,4/1/08,19.50.00,3,Struck animal,6,Friday,167,STRUCK ANIMAL                        ,MEL,40.0,52,G,4.0,1,Day,214748,1,2,2,0,0,0,1,5,Not at intersection,2,80,214748.0,N,2531591.889,2411165.178,YARRA RANGES,METROPOLITAN SOUTH EAST REGION,MELB_URBAN,-37.79998,145.35873,3765.0
T20080000752,7/1/08,23.10.00,3,Struck animal,2,Monday,167,STRUCK ANIMAL                        ,VCS,9.0,91,J,8.0,5,Dark No street lights,214811,1,2,1,1,0,0,1,5,Not at intersection,2,100,214811.0,N,2367507.785,2340170.179,COLAC OTWAY,SOUTH WESTERN REGION,RURAL_VICTORIA,-38.43058,143.4828,3249.0
T20080001004,10/1/08,01.30.00,3,Struck animal,5,Thursday,167,STRUCK ANIMAL                        ,MEL,40.0,278,C,10.0,5,Dark No street lights,214875,1,1,1,0,0,0,1,5,Not at intersection,2,100,214875.0,N,2545767.855,2423400.365,YARRA RANGES,METROPOLITAN SOUTH EAST REGION,RURAL_VICTORIA,-37.68915,145.51894,3777.0
T20080001579,11/1/08,13.00.00,3,Struck animal,6,Friday,167,STRUCK ANIMAL                        ,MEL,40.0,193,D,5.0,1,Day,214828,1,1,0,1,0,0,2,5,Not at intersection,3,50,214828.0,N,2510788.844,2347336.203,MORNINGTON PENINSULA,METROPOLITAN SOUTH EAST REGION,TOWNS,-38.375479999999996,145.12345,3926.0
T20080002098,19/1/08,06.30.00,3,Struck animal,7,Saturday,167,STRUCK ANIMAL                        ,VCS,9.0,103,D,4.0,1,Day,214924,1,1,1,0,0,0,1,5,Not at intersection,2,100,214924.0,N,2606601.63,2316121.083,SOUTH GIPPSLAND,EASTERN REGION,RURAL_VICTORIA,-38.65052,146.2243,3960.0
T20080002644,22/1/08,18.00.00,3,Struck animal,3,Tuesday,167,STRUCK ANIMAL                        ,MEL,40.0,38,A,4.0,1,Day,56834,1,1,0,1,0,0,2,2,T intersection,3,50,56834.0,I,2529263.026,2415965.743,YARRA RANGES,METROPOLITAN SOUTH EAST REGION,MELB_URBAN,-37.7568,145.3321,3116.0
T20080002852,24/1/08,04.30.00,3,Struck animal,5,Thursday,167,STRUCK ANIMAL                        ,VCS,9.0,23,F,9.0,5,Dark No street lights,215050,1,1,1,0,0,0,2,5,Not at intersection,2,100,215050.0,N,2578356.96,2611136.499,MOIRA,NORTH EASTERN REGION,RURAL_VICTORIA,-35.99516,145.86901,3730.0
T20080003584,23/1/08,22.00.00,3,Struck animal,4,Wednesday,167,STRUCK ANIMAL                        ,MEL,40.0,308,D,5.0,5,Dark No street lights,188442,2,4,0,1,0,3,1,5,Not at intersection,3,100,188442.0,N,2546164.547,2406065.461,YARRA RANGES,METROPOLITAN SOUTH EAST REGION,RURAL_VICTORIA,-37.84532,145.52452,3139.0
T20080004293,4/2/08,08.30.00,3,Struck animal,2,Monday,167,STRUCK ANIMAL                        ,MEL,40.0,200,E,12.0,9,Unknown,215142,1,1,0,1,0,0,2,5,Not at intersection,3,999,215142.0,N,2456682.449,2389874.8,GEELONG,SOUTH WESTERN REGION,RURAL_VICTORIA,-37.99133,144.50687,3211.0
T20080004355,1/2/08,11.40.00,3,Struck animal,6,Friday,167,STRUCK ANIMAL                        ,VCS,9.0,58,A,5.0,1,Day,225296,1,1,0,1,0,0,2,5,Not at intersection,3,100,225296.0,N,2368217.051,2471674.795,PYRENEES,WESTERN REGION,RURAL_VICTORIA,-37.246,143.51442,3352.0
T20080004859,10/2/08,08.45.00,3,Struck animal,1,Sunday,167,STRUCK ANIMAL                        ,VCS,9.0,40,J,8.0,1,Day,215176,1,2,1,1,0,0,1,5,Not at intersection,2,100,215176.0,N,2273822.093,2509802.176,HORSHAM,WESTERN REGION,RURAL_VICTORIA,-36.88449,142.46216,3385.0
T20080004951,11/2/08,00.55.00,3,Struck animal,2,Monday,167,STRUCK ANIMAL                        ,VCS,9.0,48,E,9.0,5,Dark No street lights,215194,1,1,0,1,0,0,1,5,Not at intersection,3,100,215194.0,N,2607461.385,2504394.493,MANSFIELD,NORTH EASTERN REGION,RURAL_VICTORIA,-36.95426,146.20677,3723.0
T20080006492,21/2/08,21.10.00,3,Struck animal,5,Thursday,167,STRUCK ANIMAL                        ,MEL,40.0,82,H,12.0,4,Dark Street lights off,215416,1,1,1,0,0,0,2,5,Not at intersection,2,70,215416.0,N,2524322.293,2393444.065,CASEY,METROPOLITAN SOUTH EAST REGION,MELB_URBAN,-37.95986,145.27677,3802.0
T20080007189,26/2/08,23.25.00,3,Struck animal,3,Tuesday,167,STRUCK ANIMAL                        ,VCS,9.0,49,H,5.0,3,Dark Street lights on,56880,1,1,0,0,1,0,1,2,T intersection,1,100,56880.0,I,2678213.95,2527945.28,ALPINE,NORTH EASTERN REGION,RURAL_VICTORIA,-36.73131,146.99557,3741.0
T20080007189,26/2/08,23.25.00,3,Struck animal,3,Tuesday,167,STRUCK ANIMAL                        ,VCS,9.0,49,H,5.0,3,Dark Street lights on,56880,1,1,0,0,1,0,1,2,T intersection,1,100,56880.0,I,2678213.95,2527945.28,ALPINE,NORTH EASTERN REGION,TOWNS,-36.73131,146.99557,3741.0
T20080007410,29/2/08,03.45.00,3,Struck animal,6,Friday,167,STRUCK ANIMAL                        ,VCS,9.0,61,E,5.0,5,Dark No street lights,28362,1,1,0,1,0,0,1,5,Not at intersection,3,100,28362.0,N,2517673.189,2472716.409,MURRINDINDI,NORTH EASTERN REGION,RURAL_VICTORIA,-37.245709999999995,145.19922,3658.0
T20080009562,15/3/08,20.15.00,3,Struck animal,7,Saturday,167,STRUCK ANIMAL                        ,VCS,9.0,91,B,5.0,5,Dark No street lights,215789,1,5,0,1,0,4,1,5,Not at intersection,3,100,215789.0,N,2327557.887,2366084.672,CORANGAMITE,SOUTH WESTERN REGION,RURAL_VICTORIA,-38.1906,143.03157,3260.0
T20080009734,17/3/08,03.50.00,3,Struck animal,2,Monday,167,STRUCK ANIMAL                        ,VCS,9.0,598,B,9.0,5,Dark No street lights,215832,1,1,0,1,0,0,2,5,Not at intersection,3,80,215832.0,N,2500252.278,2546460.075,CAMPASPE,NORTHERN REGION,SMALL_TOWNS,-36.58128,145.00281999999999,3612.0
T20080009807,18/3/08,07.30.00,3,Struck animal,3,Tuesday,167,STRUCK ANIMAL                        ,VCS,9.0,103,A,6.0,1,Day,215953,1,1,1,0,0,0,2,5,Not at intersection,2,100,215953.0,N,2591010.143,2302215.434,SOUTH GIPPSLAND,EASTERN REGION,RURAL_VICTORIA,-38.777409999999996,146.04701,3959.0
T20080011234,28/3/08,14.16.00,3,Struck animal,6,Friday,167,STRUCK ANIMAL                        ,MEL,40.0,25,B,6.0,1,Day,56032,1,1,1,0,0,0,1,2,T intersection,2,80,56032.0,N,2478770.651,2415145.674,BRIMBANK,METROPOLITAN NORTH WEST REGION,MELB_URBAN,-37.76441,144.75905,3023.0
T20080013134,12/4/08,17.35.00,3,Struck animal,7,Saturday,167,STRUCK ANIMAL                        ,MEL,40.0,65,F,6.0,1,Day,220275,1,4,1,0,0,3,1,5,Not at intersection,2,70,220275.0,N,2527257.705,2405442.095,KNOX,METROPOLITAN SOUTH EAST REGION,MELB_URBAN,-37.85168,145.30973,3154.0
T20080013720,17/4/08,01.45.00,3,Struck animal,5,Thursday,167,STRUCK ANIMAL                        ,VCS,9.0,23,D,9.0,5,Dark No street lights,216252,1,1,0,1,0,0,1,5,Not at intersection,3,100,216252.0,N,2564830.964,2614088.926,MOIRA,NORTH EASTERN REGION,RURAL_VICTORIA,-35.969570000000004,145.71876,3644.0
T20080014041,12/4/08,16.30.00,3,Struck animal,7,Saturday,167,STRUCK ANIMAL                        ,MEL,40.0,315,E,9.0,1,Day,216227,1,1,0,1,0,0,2,5,Not at intersection,3,100,216227.0,N,2542617.097,2384946.203,CARDINIA,METROPOLITAN SOUTH EAST REGION,RURAL_VICTORIA,-38.035759999999996,145.48543999999998,3810.0
T20080014255,19/4/08,23.00.00,3,Struck animal,7,Saturday,167,STRUCK ANIMAL                        ,MEL,40.0,279,B,7.0,5,Dark No street lights,216284,1,2,0,1,0,1,1,5,Not at intersection,3,60,216284.0,N,2525893.545,2419678.472,YARRA RANGES,METROPOLITAN SOUTH EAST REGION,RURAL_VICTORIA,-37.72345,145.29373,3116.0
T20080014439,21/4/08,06.00.00,3,Struck animal,2,Monday,167,STRUCK ANIMAL                        ,VCS,9.0,73,C,5.0,2,Dusk/Dawn,56996,1,1,0,1,0,0,2,2,T intersection,3,100,56996.0,I,2244056.231,2417491.9,SOUTHERN GRAMPIANS,SOUTH WESTERN REGION,RURAL_VICTORIA,-37.70834,142.09679,3301.0
T20080015108,26/4/08,02.30.00,3,Struck animal,7,Saturday,167,STRUCK ANIMAL                        ,VCS,9.0,46,D,3.0,5,Dark No street lights,216785,1,1,1,0,0,0,1,5,Not at intersection,2,100,216785.0,N,2513328.08,2544089.148,SHEPPARTON,NORTH EASTERN REGION,RURAL_VICTORIA,-36.60256,145.14898,3610.0
T20080015319,28/4/08,08.00.00,3,Struck animal,2,Monday,167,STRUCK ANIMAL                        ,VCS,9.0,55,E,4.0,1,Day,216311,1,2,0,2,0,0,1,5,Not at intersection,3,100,216311.0,N,2253673.615,2477543.688,SOUTHERN GRAMPIANS,SOUTH WESTERN REGION,RURAL_VICTORIA,-37.17003,142.22566,3314.0
T20080015377,28/4/08,14.30.00,3,Struck animal,2,Monday,167,STRUCK ANIMAL                        ,VCS,9.0,33,C,8.0,1,Day,216373,1,1,0,1,0,0,2,5,Not at intersection,3,100,216373.0,N,2557031.531,2564313.356,SHEPPARTON,NORTH EASTERN REGION,RURAL_VICTORIA,-36.418659999999996,145.63598000000002,3631.0
T20080015719,1/5/08,09.55.00,3,Struck animal,5,Thursday,167,STRUCK ANIMAL                        ,MEL,40.0,105,E,5.0,1,Day,46451,1,2,1,0,0,1,1,2,T intersection,2,80,46451.0,I,2507263.947,2366816.868,MORNINGTON PENINSULA,METROPOLITAN SOUTH EAST REGION,MELB_URBAN,-38.20003,145.08292,3930.0
T20080016279,1/3/08,21.00.00,3,Struck animal,7,Saturday,167,STRUCK ANIMAL                        ,VCS,9.0,59,F,2.0,5,Dark No street lights,216074,1,1,0,1,0,0,2,5,Not at intersection,3,90,216074.0,N,2435617.975,2493874.845,MOUNT ALEXANDER,NORTHERN REGION,RURAL_VICTORIA,-37.05299,144.27608,3451.0
T20080016299,3/5/08,18.00.00,3,Struck animal,7,Saturday,167,STRUCK ANIMAL                        ,VCS,9.0,99,C,5.0,5,Dark No street lights,74421,1,1,0,1,0,0,2,5,Not at intersection,3,100,74421.0,N,2686112.16,2360753.932,WELLINGTON,EASTERN REGION,RURAL_VICTORIA,-38.23596,147.12578,3851.0
T20080016332,20/4/08,16.30.00,3,Struck animal,1,Sunday,167,STRUCK ANIMAL                        ,VCS,9.0,666,J,7.0,1,Day,74422,1,1,1,0,0,0,2,5,Not at intersection,2,999,74422.0,N,2611034.098,2560705.787,WANGARATTA,NORTH EASTERN REGION,RURAL_VICTORIA,-36.44638,146.23865,3678.0
T20080016586,7/5/08,18.05.00,3,Struck animal,4,Wednesday,167,STRUCK ANIMAL                        ,VCS,9.0,32,B,9.0,5,Dark No street lights,217551,1,2,2,0,0,0,1,5,Not at intersection,2,100,217551.0,N,2501245.8,2559333.286,CAMPASPE,NORTHERN REGION,RURAL_VICTORIA,-36.46526,145.0139,3623.0
T20080017588,15/5/08,11.39.00,3,Struck animal,5,Thursday,167,STRUCK ANIMAL                        ,VCS,9.0,565,Q,6.0,1,Day,217041,1,1,0,1,0,0,1,5,Not at intersection,3,70,217041.0,N,2395058.849,2437993.567,BALLARAT,WESTERN REGION,LARGE_PROVINCIAL_CITIES,-37.55288,143.81223,3350.0
T20080018123,18/5/08,20.40.00,3,Struck animal,1,Sunday,167,STRUCK ANIMAL                        ,MEL,40.0,135,D,12.0,5,Dark No street lights,216593,1,2,2,0,0,0,1,5,Not at intersection,2,80,216593.0,N,2530366.633,2373847.801,CASEY,METROPOLITAN SOUTH EAST REGION,SMALL_TOWNS,-38.13623,145.34636,3978.0
T20080019017,25/5/08,04.00.00,3,Struck animal,1,Sunday,167,STRUCK ANIMAL                        ,VCS,9.0,92,D,6.0,5,Dark No street lights,216705,2,3,0,1,0,2,1,5,Not at intersection,3,100,216705.0,N,2388305.203,2353697.551,COLAC OTWAY,SOUTH WESTERN REGION,RURAL_VICTORIA,-38.31149,143.72299999999998,3243.0
T20080019051,10/3/08,15.30.00,3,Struck animal,2,Monday,167,STRUCK ANIMAL                        ,MEL,40.0,422,A,9.0,1,Day,216646,1,1,0,1,0,0,2,5,Not at intersection,3,80,216646.0,N,2443530.913,2384706.925,GEELONG,SOUTH WESTERN REGION,RURAL_VICTORIA,-38.03718,144.35676,3212.0
T20080019083,26/5/08,05.45.00,3,Struck animal,2,Monday,167,STRUCK ANIMAL                        ,,,,,,2,Dusk/Dawn,-3,1,1,0,1,0,0,2,5,Not at intersection,3,60,,,,,,,,,,
T20080019444,29/5/08,02.35.00,3,Struck animal,5,Thursday,167,STRUCK ANIMAL                        ,VCS,9.0,76,G,3.0,5,Dark No street lights,28767,1,1,0,1,0,0,1,2,T intersection,3,80,28767.0,I,2406229.951,2431545.227,MOORABOOL,WESTERN REGION,RURAL_VICTORIA,-37.61217,143.93784,3352.0
T20080020795,7/6/08,17.35.00,3,Struck animal,7,Saturday,167,STRUCK ANIMAL                        ,VCS,9.0,63,B,4.0,2,Dusk/Dawn,217434,1,1,0,1,0,0,2,5,Not at intersection,3,100,217434.0,N,2593545.891,2480114.621,MANSFIELD,NORTH EASTERN REGION,RURAL_VICTORIA,-37.17454,146.05353,3723.0
T20080020965,8/6/08,11.20.00,3,Struck animal,1,Sunday,167,STRUCK ANIMAL                        ,VCS,9,59,F,9.0,1,Day,217121,1,1,0,1,0,0,2,5,Not at intersection,3,999,217121.0,N,2438517.04,2445410.571,MOORABOOL,WESTERN REGION,RURAL_VICTORIA,-37.48992,144.3047,3458.0
T20080021075,10/6/08,09.30.00,3,Struck animal,3,Tuesday,167,STRUCK ANIMAL                        ,MEL,40,268,G,4.0,1,Day,144958,1,1,1,0,0,0,2,5,Not at intersection,2,999,144958.0,N,2539570.403,2430601.254,YARRA RANGES,METROPOLITAN SOUTH EAST REGION,RURAL_VICTORIA,-37.62455,145.44829,3775.0
T20080021180,8/6/08,15.30.00,3,Struck animal,1,Sunday,167,STRUCK ANIMAL                        ,VCS,9,83,F,8.0,1,Day,217072,1,1,1,0,0,0,2,5,Not at intersection,2,100,217072.0,N,2698675.018,2394651.879,WELLINGTON,EASTERN REGION,RURAL_VICTORIA,-37.92805,147.26003,3862.0
T20080021209,11/6/08,10.13.00,3,Struck animal,4,Wednesday,167,STRUCK ANIMAL                        ,MEL,40,76,C,1.0,1,Day,753,3,4,1,0,0,3,1,2,T intersection,2,60,753.0,I,2498955.427,2397883.208,BAYSIDE,METROPOLITAN SOUTH EAST REGION,MELB_URBAN,-37.92018,144.98812,3186.0
T20080021730,15/6/08,00.20.00,3,Struck animal,1,Sunday,167,STRUCK ANIMAL                        ,VCS,9,704,D,1.0,5,Dark No street lights,217215,1,1,0,1,0,0,1,5,Not at intersection,3,60,217215.0,N,2580749.024,2373203.462,BAW BAW,EASTERN REGION,RURAL_VICTORIA,-38.13901,145.92107,3820.0
T20080021863,15/6/08,22.55.00,3,Struck animal,1,Sunday,167,STRUCK ANIMAL                        ,VCS,9,429,A,9.0,5,Dark No street lights,217155,1,1,1,0,0,0,1,5,Not at intersection,2,80,217155.0,N,2532878.723,2432961.772,YARRA RANGES,METROPOLITAN SOUTH EAST REGION,RURAL_VICTORIA,-37.60354,145.37238,3775.0
T20080022015,19/5/08,17.45.00,3,Struck animal,2,Monday,167,STRUCK ANIMAL                        ,VCS,9,34,H,9.0,2,Dusk/Dawn,218150,1,1,0,1,0,0,2,5,Not at intersection,3,50,218150.0,N,2623928.027,2560437.377,WANGARATTA,NORTH EASTERN REGION,SMALL_TOWNS,-36.4472,146.38252,3678.0
T20080022132,17/6/08,18.30.00,3,Struck animal,3,Tuesday,167,STRUCK ANIMAL                        ,VCS,9,23,A,7.0,5,Dark No street lights,218638,2,2,1,0,0,1,1,5,Not at intersection,2,100,218638.0,N,2550530.278,2627005.567,MOIRA,NORTH EASTERN REGION,RURAL_VICTORIA,-35.85403,145.55938,3644.0
T20080023087,10/6/08,09.30.00,3,Struck animal,3,Tuesday,167,STRUCK ANIMAL                        ,VCS,9,59,C,6.0,1,Day,217985,1,1,0,1,0,0,2,5,Not at intersection,3,100,217985.0,N,2420894.628,2468571.676,HEPBURN,WESTERN REGION,RURAL_VICTORIA,-37.27989,144.10787,3461.0
T20080023280,9/6/08,16.00.00,3,Struck animal,1,Monday,167,STRUCK ANIMAL                        ,VCS,9,443,B,11.0,1,Day,285089,1,1,0,1,0,0,2,9,Unknown,3,100,285089.0,N,2424927.655,2383330.935,GOLDEN PLAINS,SOUTH WESTERN REGION,RURAL_VICTORIA,-38.04825,144.14472,3331.0