ACCIDENT_NO,ACCIDENT_DATE,ACCIDENT_TIME,ACCIDENT_TYPE,ACCIDENT_TYPE_DESC,DAY_OF_WEEK,DAY_WEEK_DESC,DCA_CODE,DCA_DESC,DIRECTORY,EDITION,PAGE,GRID_REFERENCE_X,GRID_REFERENCE_Y,LIGHT_CONDITION,LIGHT_CONDITION_DESC,NODE_ID_x,NO_OF_VEHICLES,NO_PERSONS,NO_PERSONS_INJ_2,NO_PERSONS_INJ_3,NO_PERSONS_KILLED,NO_PERSONS_NOT_INJ,POLICE_ATTEND,ROAD_GEOMETRY,ROAD_GEOMETRY_DESC,SEVERITY,SPEED_ZONE,NODE_ID_y,NODE_TYPE,AMG_X,AMG_Y,LG_AREA_NAME,REGION_NAME,DEG_URBAN_NAME,LATITUDE,LONGITUDE,POSTCODE
T20080025440,11/7/08,16.30.00,3,Struck animal,6,Friday,167,STRUCK ANIMAL                        ,VCS,9,453,F,11.0,1,Day,218017,1,1,0,1,0,0,2,5,Not at intersection,3,100,218017.0,N,2432892.068,2358156.152,SURF COAST,SOUTH WESTERN REGION,RURAL_VICTORIA,-38.27565,144.23314,3217.0
T20080025853,8/7/08,06.45.00,3,Struck animal,3,Tuesday,167,STRUCK ANIMAL                        ,,,,,,2,Dusk/Dawn,-3,1,2,0,2,0,0,2,5,Not at intersection,3,100,,,,,,,,,,
T20080025878,16/7/08,01.30.00,3,Struck animal,4,Wednesday,167,STRUCK ANIMAL                        ,VCS,9,98,D,3.0,5,Dark No street lights,217902,1,1,0,1,0,0,1,5,Not at intersection,3,100,217902.0,N,2652951.4,2375241.029,WELLINGTON,EASTERN REGION,RURAL_VICTORIA,-38.11155,146.74408,3858.0
T20080026671,21/7/08,18.20.00,3,Struck animal,2,Monday,167,STRUCK ANIMAL                        ,VCS,9,103,H,4.0,5,Dark No street lights,217854,2,2,1,0,0,1,1,5,Not at intersection,2,100,217854.0,N,2628315.522,2316201.599,SOUTH GIPPSLAND,EASTERN REGION,RURAL_VICTORIA,-38.64702,146.47363,3966.0
T20080027327,26/7/08,07.30.00,3,Struck animal,7,Saturday,167,STRUCK ANIMAL                        ,VCS,9,88,C,3.0,2,Dusk/Dawn,217823,1,1,0,1,0,0,2,5,Not at intersection,3,100,217823.0,N,2207989.368,2374844.178,GLENELG,SOUTH WESTERN REGION,RURAL_VICTORIA,-38.08175,141.67108000000002,3304.0
T20080027820,29/7/08,19.25.00,3,Struck animal,3,Tuesday,167,STRUCK ANIMAL                        ,VCS,9,91,C,6.0,5,Dark No street lights,217971,1,1,0,1,0,0,1,5,Not at intersection,3,100,217971.0,N,2335538.962,2355653.224,CORANGAMITE,SOUTH WESTERN REGION,RURAL_VICTORIA,-38.286,143.1203,3260.0
T20080028488,4/8/08,04.00.00,3,Struck animal,2,Monday,167,STRUCK ANIMAL                        ,VCS,9,96,D,4.0,5,Dark No street lights,218166,1,1,0,1,0,0,1,5,Not at intersection,3,100,218166.0,N,2562764.821,2369178.43,BAW BAW,EASTERN REGION,RURAL_VICTORIA,-38.17666,145.71628,3816.0
T20080028804,5/8/08,20.45.00,3,Struck animal,3,Tuesday,167,STRUCK ANIMAL                        ,VCS,9,44,E,4.0,5,Dark No street lights,218006,1,1,0,1,0,0,1,5,Not at intersection,3,100,218006.0,N,2428402.71,2535835.573,BENDIGO,NORTHERN REGION,RURAL_VICTORIA,-36.67432,144.19893000000002,3556.0
T20080028835,7/5/08,20.15.00,3,Struck animal,4,Wednesday,167,STRUCK ANIMAL                        ,VCS,9,7,C,6.0,5,Dark No street lights,218257,1,2,0,1,0,1,2,5,Not at intersection,3,100,218257.0,N,2283412.345,2743263.492,SWAN HILL,NORTHERN REGION,RURAL_VICTORIA,-34.78355,142.63478999999998,3549.0
T20080028922,6/8/08,22.00.00,3,Struck animal,4,Wednesday,167,STRUCK ANIMAL                        ,VCS,9,14,C,9.0,5,Dark No street lights,218173,2,2,0,1,0,1,1,5,Not at intersection,3,80,218173.0,N,2376425.448,2669368.466,SWAN HILL,NORTHERN REGION,RURAL_VICTORIA,-35.46564,143.6388,3584.0
T20080029000,7/8/08,19.50.00,3,Struck animal,5,Thursday,167,STRUCK ANIMAL                        ,VCS,9,32,H,5.0,5,Dark No street lights,218259,1,1,1,0,0,0,1,5,Not at intersection,2,100,218259.0,N,2538829.572,2587448.092,SHEPPARTON,NORTH EASTERN REGION,RURAL_VICTORIA,-36.211079999999995,145.43184,3634.0
T20080029401,10/8/08,13.20.00,3,Struck animal,1,Sunday,167,STRUCK ANIMAL                        ,VCS,9,71,G,4.0,1,Day,218533,1,1,0,1,0,0,1,5,Not at intersection,3,100,218533.0,N,2175916.011,2421144.228,GLENELG,SOUTH WESTERN REGION,RURAL_VICTORIA,-37.65425,141.32615,3312.0
T20080030144,15/8/08,17.20.00,3,Struck animal,6,Friday,167,STRUCK ANIMAL                        ,VCS,9,645,P,4.0,2,Dusk/Dawn,35905,1,1,1,0,0,0,1,2,T intersection,2,100,35905.0,I,2675638.277,2589451.97,WODONGA,NORTH EASTERN REGION,RURAL_VICTORIA,-36.17758,146.95261000000002,3691.0
T20080030279,16/8/08,20.00.00,3,Struck animal,7,Saturday,167,STRUCK ANIMAL                        ,VCS,9,62,D,7.0,5,Dark No street lights,218563,1,1,0,1,0,0,2,5,Not at intersection,3,100,218563.0,N,2563989.04,2461970.875,MURRINDINDI,NORTH EASTERN REGION,RURAL_VICTORIA,-37.34053,145.72222,3714.0
T20080030406,17/8/08,18.00.00,3,Struck animal,1,Sunday,167,STRUCK ANIMAL                        ,MEL,40,469,G,9.0,5,Dark No street lights,218382,2,2,1,0,0,1,1,5,Not at intersection,2,100,218382.0,N,2457438.851,2365454.444,GEELONG,SOUTH WESTERN REGION,RURAL_VICTORIA,-38.21136,144.51406,3222.0
T20080031769,28/8/08,14.15.00,3,Struck animal,5,Thursday,167,STRUCK ANIMAL                        ,VCS,9,33,H,2.0,1,Day,34941,1,1,0,1,0,0,2,5,Not at intersection,3,100,34941.0,N,2589689.9,2604548.566,MOIRA,NORTH EASTERN REGION,RURAL_VICTORIA,-36.05353,145.99545,3730.0
T20080031770,14/8/08,14.15.00,3,Struck animal,5,Thursday,167,STRUCK ANIMAL                        ,VCS,9,33,H,2.0,1,Day,218419,1,1,0,1,0,0,2,5,Not at intersection,3,100,218419.0,N,2589685.689,2604148.029,MOIRA,NORTH EASTERN REGION,RURAL_VICTORIA,-36.057140000000004,145.99545,3730.0
T20080032252,29/4/07,18.00.00,3,Struck animal,1,Sunday,167,STRUCK ANIMAL                        ,,,,,,2,Dusk/Dawn,-3,1,1,0,1,0,0,2,5,Not at intersection,3,999,,,,,,,,,,
T20080032619,3/9/08,05.55.00,3,Struck animal,4,Wednesday,167,STRUCK ANIMAL                        ,VCS,9,63,D,6.0,2,Dusk/Dawn,218695,1,1,0,1,0,0,2,5,Not at intersection,3,50,218695.0,N,2600326.579,2468433.792,MANSFIELD,NORTH EASTERN REGION,RURAL_VICTORIA,-37.2791,146.13145,3723.0
T20080032639,21/7/07,07.30.00,3,Struck animal,7,Saturday,167,STRUCK ANIMAL                        ,VCS,9,34,G,4.0,2,Dusk/Dawn,218462,1,1,0,1,0,0,2,5,Not at intersection,3,100,218462.0,N,2618682.649,2593668.539,WANGARATTA,NORTH EASTERN REGION,RURAL_VICTORIA,-36.1484,146.31887,3678.0
T20080032683,4/9/08,18.30.00,3,Struck animal,5,Thursday,167,STRUCK ANIMAL                        ,VCS,9,58,E,9.0,5,Dark No street lights,218707,1,1,1,0,0,0,1,5,Not at intersection,2,100,218707.0,N,2393855.77,2446848.262,BALLARAT,WESTERN REGION,RURAL_VICTORIA,-37.47296,143.79988,3352.0
T20080035035,24/9/08,05.20.00,3,Struck animal,4,Wednesday,167,STRUCK ANIMAL                        ,VCS,9,32,C,7.0,2,Dusk/Dawn,218965,1,1,0,1,0,0,1,5,Not at intersection,3,100,218965.0,N,2506077.093,2573194.022,CAMPASPE,NORTHERN REGION,RURAL_VICTORIA,-36.34032,145.0677,3620.0
T20080036482,4/10/08,00.20.00,3,Struck animal,7,Saturday,167,STRUCK ANIMAL                        ,VCS,9,84,F,5.0,5,Dark No street lights,221780,1,1,1,0,0,0,1,5,Not at intersection,2,100,221780.0,N,2748401.043,2413584.038,EAST GIPPSLAND,EASTERN REGION,RURAL_VICTORIA,-37.74558,147.81902,3885.0
T20080036544,5/10/08,08.39.00,3,Struck animal,1,Sunday,167,STRUCK ANIMAL                        ,VCS,9,97,E,8.0,1,Day,219095,1,1,1,0,0,0,1,5,Not at intersection,2,100,219095.0,N,2606786.281,2343637.809,SOUTH GIPPSLAND,EASTERN REGION,RURAL_VICTORIA,-38.40268,146.22236,3871.0
T20080036545,5/10/08,06.50.00,3,Struck animal,1,Sunday,167,STRUCK ANIMAL                        ,VCS,9,77,E,4.0,2,Dusk/Dawn,219096,1,1,1,0,0,0,2,5,Not at intersection,2,999,219096.0,N,2432087.857,2426552.206,MOORABOOL,WESTERN REGION,RURAL_VICTORIA,-37.6594,144.23027,3342.0
T20080037182,8/10/08,14.30.00,3,Struck animal,4,Wednesday,167,STRUCK ANIMAL                        ,VCS,9,72,H,8.0,1,Day,219146,1,1,0,1,0,0,2,5,Not at intersection,3,100,219146.0,N,2233628.242,2396794.801,SOUTHERN GRAMPIANS,SOUTH WESTERN REGION,RURAL_VICTORIA,-37.89181,141.97111,3300.0
T20080037721,30/7/08,15.00.00,3,Struck animal,4,Wednesday,167,STRUCK ANIMAL                        ,VCS,9,40,J,7.0,1,Day,35893,1,1,0,1,0,0,2,2,T intersection,3,100,35893.0,I,2272630.591,2510878.937,HORSHAM,WESTERN REGION,RURAL_VICTORIA,-36.8745,142.44912,3385.0
T20080038161,11/10/08,01.00.00,3,Struck animal,7,Saturday,167,STRUCK ANIMAL                        ,VCS,9,23,D,9.0,5,Dark No street lights,219178,1,2,1,1,0,0,2,5,Not at intersection,2,100,219178.0,N,2563021.785,2614988.932,MOIRA,NORTH EASTERN REGION,RURAL_VICTORIA,-35.96158,145.69863,3644.0
T20080038305,17/10/08,19.30.00,3,Struck animal,6,Friday,167,STRUCK ANIMAL                        ,VCS,9,35,C,8.0,2,Dusk/Dawn,220591,1,1,1,0,0,0,1,5,Not at intersection,2,100,220591.0,N,2646933.542,2565841.598,INDIGO,NORTH EASTERN REGION,RURAL_VICTORIA,-36.39521,146.63808,3747.0
T20080038408,18/10/08,21.30.00,3,Struck animal,7,Saturday,167,STRUCK ANIMAL                        ,VCS,9,47,D,9.0,5,Dark No street lights,219284,1,1,1,0,0,0,1,5,Not at intersection,2,100,219284.0,N,2565816.168,2500551.055,MANSFIELD,NORTH EASTERN REGION,RURAL_VICTORIA,-36.99273,145.73946,3715.0
T20080038769,21/10/08,05.45.00,3,Struck animal,3,Tuesday,167,STRUCK ANIMAL                        ,VCS,9,76,D,3.0,5,Dark No street lights,219325,1,1,1,0,0,0,2,5,Not at intersection,2,100,219325.0,N,2388463.45,2431607.867,GOLDEN PLAINS,SOUTH WESTERN REGION,RURAL_VICTORIA,-37.60965,143.73663,3351.0
T20080038981,23/10/08,06.05.00,3,Struck animal,5,Thursday,167,STRUCK ANIMAL                        ,,,,,,5,Dark No street lights,-3,1,1,0,1,0,0,2,5,Not at intersection,3,100,,,,,,,,,,
T20080040328,31/10/08,22.50.00,3,Struck animal,6,Friday,167,STRUCK ANIMAL                        ,VCS,9,98,D,7.0,5,Dark No street lights,219451,1,2,0,2,0,0,2,5,Not at intersection,3,100,219451.0,N,2649947.321,2349022.189,WELLINGTON,EASTERN REGION,RURAL_VICTORIA,-38.34819,146.71522,3847.0
T20080040980,5/11/08,20.55.00,3,Struck animal,4,Wednesday,167,STRUCK ANIMAL                        ,VCS,9,103,D,4.0,5,Dark No street lights,219519,1,1,1,0,0,0,1,5,Not at intersection,2,100,219519.0,N,2607402.445,2318524.353,SOUTH GIPPSLAND,EASTERN REGION,RURAL_VICTORIA,-38.62878,146.23314,3960.0
T20080041062,7/11/08,05.00.00,3,Struck animal,6,Friday,167,STRUCK ANIMAL                        ,VCS,9,427,D,5.0,3,Dark Street lights on,219541,1,2,0,1,0,1,1,5,Not at intersection,3,100,219541.0,N,2502620.86,2440000.557,WHITTLESEA,METROPOLITAN NORTH WEST REGION,RURAL_VICTORIA,-37.540690000000005,145.02966,3751.0
T20080041263,8/11/08,11.00.00,3,Struck animal,7,Saturday,198,OTHER ACCIDENTS NOT CLASSIFIABLE ELSEWHERE         ,,,,,,1,Day,-3,1,1,1,0,0,0,2,5,Not at intersection,2,999,,,,,,,,,,
T20080041348,8/11/08,22.45.00,3,Struck animal,7,Saturday,167,STRUCK ANIMAL                        ,VCS,9,76,E,3.0,5,Dark No street lights,224350,1,4,0,2,0,2,1,2,T intersection,3,90,224350.0,I,2391900.258,2430008.33,GOLDEN PLAINS,SOUTH WESTERN REGION,RURAL_VICTORIA,-37.62447,143.77532,3351.0
T20080041424,9/11/08,18.50.00,3,Struck animal,1,Sunday,167,STRUCK ANIMAL                        ,VCS,9,414,B,1.0,2,Dusk/Dawn,219569,1,2,0,2,0,0,2,5,Not at intersection,3,100,219569.0,N,2442638.281,2473748.953,MACEDON RANGES,NORTHERN REGION,RURAL_VICTORIA,-37.23482,144.35348,3444.0
T20080042050,11/11/08,21.30.00,3,Struck animal,3,Tuesday,167,STRUCK ANIMAL                        ,VCS,9,75,D,5.0,5,Dark No street lights,220078,1,1,0,1,0,0,9,5,Not at intersection,3,100,220078.0,N,2336954.907,2421023.1,PYRENEES,WESTERN REGION,RURAL_VICTORIA,-37.69743,143.15098999999998,3361.0
T20080042538,17/11/08,21.20.00,3,Struck animal,2,Monday,167,STRUCK ANIMAL                        ,VCS,9,91,E,5.0,5,Dark No street lights,219653,1,1,1,0,0,0,1,5,Not at intersection,2,100,219653.0,N,2342015.754,2366406.554,CORANGAMITE,SOUTH WESTERN REGION,RURAL_VICTORIA,-38.19028,143.19664,3260.0
T20080042904,9/3/08,09.00.00,3,Struck animal,1,Sunday,167,STRUCK ANIMAL                        ,VCS,9,101,B,2.0,1,Day,225350,1,1,0,1,0,0,2,5,Not at intersection,3,100,225350.0,N,2377671.875,2326104.858,COLAC OTWAY,SOUTH WESTERN REGION,RURAL_VICTORIA,-38.55865,143.5968,3239.0
T20080043720,26/11/08,07.30.00,3,Struck animal,4,Wednesday,167,STRUCK ANIMAL                        ,VCS,9,602,H,9.0,1,Day,219744,1,1,1,0,0,0,1,5,Not at intersection,2,60,219744.0,N,2430837.263,2531163.291,BENDIGO,NORTHERN REGION,LARGE_PROVINCIAL_CITIES,-36.716609999999996,144.22574,3556.0
T20080043720,26/11/08,07.30.00,3,Struck animal,4,Wednesday,167,STRUCK ANIMAL                        ,VCS,9,602,H,9.0,1,Day,219744,1,1,1,0,0,0,1,5,Not at intersection,2,60,219744.0,N,2430837.263,2531163.291,BENDIGO,NORTHERN REGION,RURAL_VICTORIA,-36.716609999999996,144.22574,3556.0
T20080045571,9/12/08,23.30.00,3,Struck animal,3,Tuesday,167,STRUCK ANIMAL                        ,VCS,9,59,C,3.0,5,Dark No street lights,74755,1,1,0,1,0,0,1,5,Not at intersection,3,100,74755.0,N,2421824.896,2489045.358,MOUNT ALEXANDER,NORTHERN REGION,RURAL_VICTORIA,-37.09547,144.1205,3462.0
T20080045624,9/12/08,06.50.00,3,Struck animal,3,Tuesday,167,STRUCK ANIMAL                        ,VCS,9,68,G,4.0,2,Dusk/Dawn,220505,1,1,1,0,0,0,1,5,Not at intersection,2,100,220505.0,N,2847086.278,2477944.249,EAST GIPPSLAND,EASTERN REGION,RURAL_VICTORIA,-37.13456,148.90791000000002,3888.0
T20080046299,12/12/08,10.45.00,3,Struck animal,6,Friday,167,STRUCK ANIMAL                        ,VCS,9,98,D,7.0,9,Unknown,223006,1,2,0,1,0,1,1,5,Not at intersection,3,100,223006.0,N,2650581.768,2352025.29,WELLINGTON,EASTERN REGION,RURAL_VICTORIA,-38.32104,146.72185,3847.0
T20080046530,12/12/08,02.15.00,3,Struck animal,6,Friday,167,STRUCK ANIMAL                        ,MEL,40,328,F,6.0,5,Dark No street lights,219863,1,1,1,0,0,0,2,5,Not at intersection,2,60,219863.0,N,2453275.039,2429994.621,MOORABOOL,WESTERN REGION,RURAL_VICTORIA,-37.62968,144.47062,3340.0
T20080046579,16/12/08,05.20.00,3,Struck animal,3,Tuesday,167,STRUCK ANIMAL                        ,VCS,9,427,H,5.0,2,Dusk/Dawn,219895,3,3,0,3,0,0,1,5,Not at intersection,3,100,219895.0,N,2509867.69,2440721.017,WHITTLESEA,METROPOLITAN NORTH WEST REGION,RURAL_VICTORIA,-37.53415,145.11166,3755.0
T20080047177,19/12/08,21.00.00,3,Struck animal,6,Friday,167,STRUCK ANIMAL                        ,VCS,9,2,B,8.0,5,Dark No street lights,220192,1,4,0,4,0,0,1,5,Not at intersection,3,100,220192.0,N,2188898.905,2784899.947,MILDURA,WESTERN REGION,RURAL_VICTORIA,-34.38297,141.61955,3496.0
T20090000006,31/12/08,23.35.00,3,Struck animal,4,Wednesday,167,STRUCK ANIMAL                        ,VCS,9,60,C,4.0,5,Dark No street lights,220158,1,1,0,1,0,0,1,5,Not at intersection,3,100,220158.0,N,2470930.721,2485924.536,MACEDON RANGES,NORTHERN REGION,RURAL_VICTORIA,-37.1264,144.67283,3444.0
T20090000351,4/1/09,00.45.00,3,Struck animal,1,Sunday,167,STRUCK ANIMAL                        ,VCS,9,47,G,3.0,5,Dark No street lights,220294,1,1,0,1,0,0,2,5,Not at intersection,3,110,220294.0,N,2581537.214,2546207.668,BENALLA,NORTH EASTERN REGION,RURAL_VICTORIA,-36.580040000000004,145.91117,3670.0
T20090001054,10/1/09,17.20.00,3,Struck animal,7,Saturday,167,STRUCK ANIMAL                        ,MEL,40,289,A,10.0,1,Day,220381,1,2,0,2,0,0,1,5,Not at intersection,3,70,220381.0,N,2556630.438,2413724.108,YARRA RANGES,METROPOLITAN SOUTH EAST REGION,TOWNS,-37.77574,145.64285,3799.0
T20090001215,21/9/08,11.00.00,3,Struck animal,1,Sunday,167,STRUCK ANIMAL                        ,VCS,9,419,D,13.0,1,Day,220763,1,1,0,1,0,0,2,5,Not at intersection,3,100,220763.0,N,2537544.826,2448013.829,MURRINDINDI,NORTH EASTERN REGION,RURAL_VICTORIA,-37.467729999999996,145.42446,3777.0
T20090001272,12/1/09,01.30.00,3,Struck animal,2,Monday,167,STRUCK ANIMAL                        ,VCS,9,81,D,3.0,5,Dark No street lights,220769,1,1,1,0,0,0,1,5,Not at intersection,2,100,220769.0,N,2603240.383,2432840.102,BAW BAW,EASTERN REGION,RURAL_VICTORIA,-37.5995,146.16924,3825.0
T20090001727,4/1/09,10.15.00,3,Struck animal,1,Sunday,167,STRUCK ANIMAL                        ,VCS,9,443,C,5.0,1,Day,221333,1,1,1,0,0,0,2,5,Not at intersection,2,100,221333.0,N,2426944.879,2394750.056,GOLDEN PLAINS,SOUTH WESTERN REGION,RURAL_VICTORIA,-37.94554,144.16883,3331.0
T20090002327,21/1/09,06.05.00,3,Struck animal,4,Wednesday,167,STRUCK ANIMAL                        ,VCS,9,77,C,8.0,2,Dusk/Dawn,220564,1,1,1,0,0,0,1,5,Not at intersection,2,100,220564.0,N,2418853.498,2402214.431,GOLDEN PLAINS,SOUTH WESTERN REGION,RURAL_VICTORIA,-37.87762,144.07761000000002,3333.0
T20090002737,24/1/09,01.30.00,3,Struck animal,7,Saturday,167,STRUCK ANIMAL                        ,VCS,9,31,F,3.0,5,Dark No street lights,220618,1,1,0,1,0,0,1,5,Not at intersection,3,100,220618.0,N,2486881.602,2599502.83,CAMPASPE,NORTHERN REGION,RURAL_VICTORIA,-36.10314,144.85431,3564.0
T20090002763,23/1/09,19.30.00,3,Struck animal,6,Friday,167,STRUCK ANIMAL                        ,VCS,9,81,F,3.0,2,Dusk/Dawn,220663,1,1,0,1,0,0,1,5,Not at intersection,3,50,220663.0,N,2611003.472,2436035.483,MANSFIELD,NORTH EASTERN REGION,RURAL_VICTORIA,-37.56982,146.25666999999999,3723.0
T20090002836,24/1/09,22.00.00,3,Struck animal,7,Saturday,167,STRUCK ANIMAL                        ,VCS,9,58,C,2.0,5,Dark No street lights,220668,1,1,1,0,0,0,1,5,Not at intersection,2,100,220668.0,N,2380505.062,2492799.009,CENTRAL GOLDFIELDS,WESTERN REGION,RURAL_VICTORIA,-37.0573,143.65628,3465.0
T20090003309,28/1/09,05.45.00,3,Struck animal,4,Wednesday,167,STRUCK ANIMAL                        ,VCS,9,428,E,4.0,5,Dark No street lights,220915,1,1,1,0,0,0,1,5,Not at intersection,2,999,220915.0,N,2519802.07,2443274.754,WHITTLESEA,METROPOLITAN NORTH WEST REGION,RURAL_VICTORIA,-37.510979999999996,145.224,3757.0
T20090003389,26/1/09,09.00.00,3,Struck animal,2,Monday,167,STRUCK ANIMAL                        ,VCS,9,414,E,12.0,1,Day,220613,1,1,0,1,0,0,2,5,Not at intersection,3,100,220613.0,N,2449415.062,2452482.201,MACEDON RANGES,NORTHERN REGION,RURAL_VICTORIA,-37.42685,144.42842,3458.0
T20090003727,1/2/09,08.30.00,3,Struck animal,1,Sunday,167,STRUCK ANIMAL                        ,VCS,9,98,E,5.0,1,Day,225314,2,2,0,2,0,0,1,5,Not at intersection,3,100,225314.0,N,2656307.246,2364319.691,WELLINGTON,EASTERN REGION,RURAL_VICTORIA,-38.20936,146.78467,3847.0
T20090004109,14/10/08,06.45.00,3,Struck animal,3,Tuesday,167,STRUCK ANIMAL                        ,VCS,9,58,G,6.0,2,Dusk/Dawn,220922,1,1,1,0,0,0,2,5,Not at intersection,2,100,220922.0,N,2404540.582,2465801.99,HEPBURN,WESTERN REGION,RURAL_VICTORIA,-37.30332,143.9231,3364.0
T20090004237,4/2/09,21.00.00,3,Struck animal,4,Wednesday,167,STRUCK ANIMAL                        ,VCS,9,22,J,9.0,5,Dark No street lights,58076,1,1,1,0,0,0,1,2,T intersection,2,100,58076.0,I,2543151.307,2613997.961,MOIRA,NORTH EASTERN REGION,RURAL_VICTORIA,-35.97162,145.47842,3640.0
T20090004824,10/2/09,09.30.00,3,Struck animal,3,Tuesday,167,STRUCK ANIMAL                        ,VCS,9,53,D,7.0,1,Day,220739,1,1,0,1,0,0,2,5,Not at intersection,3,100,220739.0,N,2159490.308,2452626.299,WEST WIMMERA,WESTERN REGION,RURAL_VICTORIA,-37.364940000000004,141.15455,3312.0
T20090005871,18/2/09,00.10.00,3,Struck animal,4,Wednesday,167,STRUCK ANIMAL                        ,MEL,40,311,J,12.0,5,Dark No street lights,220919,1,1,0,1,0,0,1,5,Not at intersection,3,70,220919.0,N,2544252.412,2393359.295,CARDINIA,METROPOLITAN SOUTH EAST REGION,RURAL_VICTORIA,-37.95989,145.50356000000002,3781.0
T20090006689,16/2/09,18.30.00,3,Struck animal,2,Monday,167,STRUCK ANIMAL                        ,VCS,9,31,B,5.0,1,Day,220975,1,1,0,1,0,0,2,5,Not at intersection,3,999,220975.0,N,2464030.852,2585840.834,CAMPASPE,NORTHERN REGION,RURAL_VICTORIA,-36.22568,144.5999,3561.0
T20090007034,27/2/09,06.40.00,3,Struck animal,6,Friday,167,STRUCK ANIMAL                        ,VCS,9,62,F,6.0,2,Dusk/Dawn,220985,1,1,1,0,0,0,1,5,Not at intersection,2,100,220985.0,N,2574919.992,2471039.368,MURRINDINDI,NORTH EASTERN REGION,RURAL_VICTORIA,-37.258,145.84468,3712.0
T20090007715,9/12/08,15.00.00,3,Struck animal,3,Tuesday,167,STRUCK ANIMAL                        ,MEL,40,468,E,7.0,1,Day,221037,1,1,0,1,0,0,2,5,Not at intersection,3,80,221037.0,N,2452695.287,2366012.789,GEELONG,SOUTH WESTERN REGION,TOWNS,-38.2061,144.45994,3224.0
T20090007911,5/3/09,13.00.00,3,Struck animal,5,Thursday,167,STRUCK ANIMAL                        ,VCS,9,36,C,3.0,1,Day,223766,1,1,1,0,0,0,1,5,Not at intersection,2,100,223766.0,N,2686193.019,2599547.03,TOWONG,NORTH EASTERN REGION,RURAL_VICTORIA,-36.08461,147.06748000000002,3691.0
T20090008196,5/3/09,21.00.00,3,Struck animal,5,Thursday,167,STRUCK ANIMAL                        ,MEL,40,67,C,12.0,3,Dark Street lights on,221159,1,1,0,1,0,0,2,5,Not at intersection,3,60,221159.0,N,2498901.739,2398380.861,BAYSIDE,METROPOLITAN SOUTH EAST REGION,MELB_URBAN,-37.9157,144.98751000000001,3186.0
T20090008813,12/3/09,05.30.00,3,Struck animal,5,Thursday,167,STRUCK ANIMAL                        ,VCS,9,72,B,7.0,5,Dark No street lights,35037,1,1,0,1,0,0,2,5,Not at intersection,3,100,35037.0,N,2199200.792,2404322.686,GLENELG,SOUTH WESTERN REGION,RURAL_VICTORIA,-37.813520000000004,141.58303,3309.0
T20090009693,16/3/09,23.30.00,3,Struck animal,2,Monday,167,STRUCK ANIMAL                        ,MEL,40,82,B,10.0,5,Dark No street lights,221308,1,2,0,1,0,1,2,5,Not at intersection,3,80,221308.0,N,2522004.737,2394064.424,CASEY,METROPOLITAN SOUTH EAST REGION,MELB_URBAN,-37.95433,145.25038,3802.0
T20090009738,18/3/09,10.30.00,3,Struck animal,4,Wednesday,167,STRUCK ANIMAL                        ,VCS,9,1,B,3.0,1,Day,34210,1,1,1,0,0,0,1,5,Not at intersection,2,100,34210.0,N,2133650.748,2813861.447,MILDURA,WESTERN REGION,RURAL_VICTORIA,-34.10314,141.03297,3496.0
T20090010005,10/3/09,02.20.00,3,Struck animal,3,Tuesday,167,STRUCK ANIMAL                        ,VCS,9,45,C,8.0,5,Dark No street lights,223079,1,1,0,1,0,0,2,5,Not at intersection,3,100,223079.0,N,2471213.508,2512000.13,BENDIGO,NORTHERN REGION,RURAL_VICTORIA,-36.89141,144.67701,3523.0
T20090010294,21/3/09,19.00.00,3,Struck animal,7,Saturday,167,STRUCK ANIMAL                        ,MEL,40,311,G,7.0,1,Day,221363,1,1,0,1,0,0,1,5,Not at intersection,3,70,221363.0,N,2543461.679,2395270.3,CARDINIA,METROPOLITAN SOUTH EAST REGION,MELB_URBAN,-37.94271,145.49445,3781.0
T20090010849,25/3/09,15.00.00,3,Struck animal,4,Wednesday,167,STRUCK ANIMAL                        ,VCS,9,35,B,2.0,1,Day,34858,1,2,1,0,0,1,1,5,Not at intersection,2,80,34858.0,N,2645791.971,2608156.235,INDIGO,NORTH EASTERN REGION,RURAL_VICTORIA,-36.01408,146.61733999999998,3685.0
T20090010960,26/3/09,20.20.00,3,Struck animal,5,Thursday,167,STRUCK ANIMAL                        ,MEL,40,356,A,6.0,5,Dark No street lights,34029,1,1,0,1,0,0,2,5,Not at intersection,3,80,34029.0,N,2474526.956,2420194.34,MELTON,METROPOLITAN NORTH WEST REGION,RURAL_VICTORIA,-37.71881,144.71106,3335.0
T20090011018,22/2/09,06.30.00,3,Struck animal,1,Sunday,167,STRUCK ANIMAL                        ,VCS,9,61,E,4.0,2,Dusk/Dawn,222413,1,1,0,1,0,0,2,5,Not at intersection,3,80,222413.0,N,2519747.034,2485910.337,MITCHELL,NORTHERN REGION,RURAL_VICTORIA,-37.12677,145.22225,3660.0
T20090011477,28/3/09,06.55.00,3,Struck animal,7,Saturday,167,STRUCK ANIMAL                        ,VCS,9,637,T,3.0,5,Dark No street lights,34369,1,1,0,1,0,0,2,5,Not at intersection,3,100,34369.0,N,2478329.288,2461055.817,MACEDON RANGES,NORTHERN REGION,RURAL_VICTORIA,-37.35071,144.75538,3434.0