ACCIDENT_NO,ACCIDENT_DATE,ACCIDENT_TIME,ACCIDENT_TYPE,ACCIDENT_TYPE_DESC,DAY_OF_WEEK,DAY_WEEK_DESC,DCA_CODE,DCA_DESC,DIRECTORY,EDITION,PAGE,GRID_REFERENCE_X,GRID_REFERENCE_Y,LIGHT_CONDITION,LIGHT_CONDITION_DESC,NODE_ID_x,NO_OF_VEHICLES,NO_PERSONS,NO_PERSONS_INJ_2,NO_PERSONS_INJ_3,NO_PERSONS_KILLED,NO_PERSONS_NOT_INJ,POLICE_ATTEND,ROAD_GEOMETRY,ROAD_GEOMETRY_DESC,SEVERITY,SPEED_ZONE,NODE_ID_y,NODE_TYPE,AMG_X,AMG_Y,LG_AREA_NAME,REGION_NAME,DEG_URBAN_NAME,LATITUDE,LONGITUDE,POSTCODE
T20090011477,28/3/09,06.55.00,3,Struck animal,7,Saturday,167,STRUCK ANIMAL                        ,VCS,9,637,T,3.0,5,Dark No street lights,34369,1,1,0,1,0,0,2,5,Not at intersection,3,100,34369.0,N,2478329.288,2461055.817,MACEDON RANGES,NORTHERN REGION,TOWNS,-37.35071,144.75538,3434.0
T20090011694,1/4/09,07.05.00,3,Struck animal,4,Wednesday,167,STRUCK ANIMAL                        ,VCS,9,47,B,7.0,2,Dusk/Dawn,34592,1,1,0,1,0,0,2,5,Not at intersection,3,100,34592.0,N,2551667.276,2515021.913,STRATHBOGIE,NORTH EASTERN REGION,RURAL_VICTORIA,-36.8632,145.57951,3666.0
T20090012976,3/4/09,20.05.00,3,Struck animal,6,Friday,167,STRUCK ANIMAL                        ,MEL,40,429,C,8.0,5,Dark No street lights,222475,1,1,0,1,0,0,2,5,Not at intersection,3,100,222475.0,N,2432639.101,2380388.762,GOLDEN PLAINS,SOUTH WESTERN REGION,RURAL_VICTORIA,-38.07535,144.2323,3331.0
T20090013078,9/4/09,18.25.00,3,Struck animal,5,Thursday,167,STRUCK ANIMAL                        ,VCS,9,34,C,8.0,2,Dusk/Dawn,34615,1,1,1,0,0,0,1,5,Not at intersection,2,100,34615.0,N,2595774.005,2562797.025,BENALLA,NORTH EASTERN REGION,RURAL_VICTORIA,-36.4292,146.06817,3673.0
T20090013481,10/4/09,21.40.00,3,Struck animal,6,Friday,167,STRUCK ANIMAL                        ,VCS,9,45,H,4.0,5,Dark No street lights,34814,1,1,1,0,0,0,2,5,Not at intersection,2,70,34814.0,N,2498195.222,2539584.286,CAMPASPE,NORTHERN REGION,RURAL_VICTORIA,-36.64325,144.97982,3612.0
T20090013836,14/4/09,05.55.00,3,Struck animal,3,Tuesday,167,STRUCK ANIMAL                        ,MEL,40,355,K,7.0,5,Dark No street lights,130542,1,2,1,0,0,1,1,5,Not at intersection,2,80,130542.0,N,2474401.353,2419707.11,MELTON,METROPOLITAN NORTH WEST REGION,RURAL_VICTORIA,-37.7232,144.70962,3335.0
T20090013988,16/4/09,19.20.00,3,Struck animal,5,Thursday,167,STRUCK ANIMAL                        ,VCS,9,59,F,2.0,5,Dark No street lights,222338,2,3,0,2,0,1,1,5,Not at intersection,3,100,222338.0,N,2437162.208,2493825.979,MOUNT ALEXANDER,NORTHERN REGION,RURAL_VICTORIA,-37.053540000000005,144.29344,3451.0
T20090013999,17/4/09,01.20.00,3,Struck animal,6,Friday,167,STRUCK ANIMAL                        ,VCS,9,414,K,10.0,5,Dark No street lights,222345,1,2,0,1,0,1,1,5,Not at intersection,3,90,222345.0,N,2458141.203,2456284.509,MACEDON RANGES,NORTHERN REGION,RURAL_VICTORIA,-37.39302,144.52723,3442.0
T20090014177,16/4/09,07.50.00,3,Struck animal,5,Thursday,167,STRUCK ANIMAL                        ,VCS,9,44,D,9.0,1,Day,222269,1,1,0,1,0,0,2,5,Not at intersection,3,100,222269.0,N,2426347.923,2503455.878,MOUNT ALEXANDER,NORTHERN REGION,RURAL_VICTORIA,-36.96597,144.17279,3463.0
T20090014249,18/4/09,20.00.00,3,Struck animal,7,Saturday,167,STRUCK ANIMAL                        ,VCS,9,682,A,4.0,5,Dark No street lights,34902,1,1,1,0,0,0,1,5,Not at intersection,2,60,34902.0,N,2521027.275,2447356.643,MURRINDINDI,NORTH EASTERN REGION,RURAL_VICTORIA,-37.47417,145.23774,3757.0
T20090014317,18/4/09,02.45.00,3,Struck animal,7,Saturday,167,STRUCK ANIMAL                        ,VCS,9,46,D,9.0,5,Dark No street lights,224541,1,1,0,1,0,0,1,5,Not at intersection,3,110,224541.0,N,2516268.957,2504127.544,MITCHELL,NORTHERN REGION,RURAL_VICTORIA,-36.96266,145.18271000000001,3663.0
T20090014631,18/4/09,09.00.00,3,Struck animal,7,Saturday,167,STRUCK ANIMAL                        ,VCS,9,59,B,7.0,1,Day,35016,1,1,1,0,0,0,2,5,Not at intersection,2,100,35016.0,N,2415527.131,2459051.418,HEPBURN,WESTERN REGION,RURAL_VICTORIA,-37.36521,144.04627,3364.0
T20090015466,26/4/09,21.05.00,3,Struck animal,1,Sunday,167,STRUCK ANIMAL                        ,VCS,9,98,F,3.0,5,Dark No street lights,222865,1,1,0,1,0,0,1,5,Not at intersection,3,100,222865.0,N,2664240.822,2380097.038,WELLINGTON,EASTERN REGION,RURAL_VICTORIA,-38.06588,146.87169,3847.0
T20090016427,2/5/09,17.10.00,3,Struck animal,7,Saturday,167,STRUCK ANIMAL                        ,VCS,9,35,A,6.0,2,Dusk/Dawn,222630,1,1,1,0,0,0,2,5,Not at intersection,2,100,222630.0,N,2640247.181,2580347.052,WANGARATTA,NORTH EASTERN REGION,RURAL_VICTORIA,-36.26551,146.5609,3678.0
T20090016606,2/5/09,18.45.00,3,Struck animal,7,Saturday,167,STRUCK ANIMAL                        ,VCS,9,615,L,12.0,5,Dark No street lights,222283,1,1,1,0,0,0,2,5,Not at intersection,2,100,222283.0,N,2442012.123,2517619.824,BENDIGO,NORTHERN REGION,RURAL_VICTORIA,-36.839420000000004,144.3498,3551.0
T20090017703,8/5/09,19.50.00,3,Struck animal,6,Friday,167,STRUCK ANIMAL                        ,MEL,40,289,C,5.0,5,Dark No street lights,222800,1,1,0,1,0,0,2,5,Not at intersection,3,80,222800.0,N,2557486.036,2415765.734,YARRA RANGES,METROPOLITAN SOUTH EAST REGION,TOWNS,-37.757290000000005,145.6524,3799.0
T20090018156,12/5/09,06.50.00,3,Struck animal,3,Tuesday,167,STRUCK ANIMAL                        ,VCS,9,76,E,6.0,2,Dusk/Dawn,222511,1,1,0,1,0,0,2,5,Not at intersection,3,100,222511.0,N,2392497.054,2414462.448,GOLDEN PLAINS,SOUTH WESTERN REGION,RURAL_VICTORIA,-37.7646,143.77982,3352.0
T20090018445,17/5/09,05.40.00,3,Struck animal,1,Sunday,167,STRUCK ANIMAL                        ,VCS,9,58,F,8.0,5,Dark No street lights,222793,1,5,1,0,0,4,1,5,Not at intersection,2,100,222793.0,N,2399427.461,2452353.937,HEPBURN,WESTERN REGION,RURAL_VICTORIA,-37.423970000000004,143.86361000000002,3363.0
T20090019107,21/5/09,18.40.00,3,Struck animal,5,Thursday,167,STRUCK ANIMAL                        ,VCS,9,103,B,3.0,5,Dark No street lights,222924,1,1,0,1,0,0,1,5,Not at intersection,3,999,222924.0,N,2593144.198,2320273.473,SOUTH GIPPSLAND,EASTERN REGION,RURAL_VICTORIA,-38.61458,146.06922,3957.0
T20090019626,14/5/09,23.30.00,3,Struck animal,5,Thursday,167,STRUCK ANIMAL                        ,VCS,9,22,H,9.0,5,Dark No street lights,223215,1,1,1,0,0,0,1,5,Not at intersection,2,100,223215.0,N,2538318.039,2610961.672,MOIRA,NORTH EASTERN REGION,RURAL_VICTORIA,-35.999190000000006,145.42498,3640.0
T20090019835,26/5/09,18.00.00,3,Struck animal,3,Tuesday,167,STRUCK ANIMAL                        ,VCS,9,100,C,8.0,2,Dusk/Dawn,223188,1,1,0,1,0,0,1,5,Not at intersection,3,100,223188.0,N,2306184.514,2330982.305,MOYNE,SOUTH WESTERN REGION,RURAL_VICTORIA,-38.50247,142.77833,3268.0
T20090020124,28/5/09,12.00.00,3,Struck animal,5,Thursday,167,STRUCK ANIMAL                        ,VCS,9,45,E,6.0,1,Day,223246,1,1,0,1,0,0,2,5,Not at intersection,3,999,223246.0,N,2479376.116,2527350.747,BENDIGO,NORTHERN REGION,RURAL_VICTORIA,-36.75328,144.76901,3523.0
T20090021527,6/6/09,21.30.00,3,Struck animal,7,Saturday,167,STRUCK ANIMAL                        ,VCS,9,104,G,3.0,5,Dark No street lights,223898,1,6,0,6,0,0,1,5,Not at intersection,3,100,223898.0,N,2661018.762,2322973.718,WELLINGTON,EASTERN REGION,RURAL_VICTORIA,-38.5809,146.84761,3874.0
T20090021788,7/6/09,19.45.00,3,Struck animal,1,Sunday,167,STRUCK ANIMAL                        ,VCS,9,443,G,3.0,5,Dark No street lights,55556,1,2,0,1,0,1,2,1,Cross intersection,3,100,55556.0,I,2434694.357,2398139.588,GEELONG,SOUTH WESTERN REGION,RURAL_VICTORIA,-37.91558,144.2573,3213.0
T20090022160,10/6/09,02.25.00,3,Struck animal,4,Wednesday,167,STRUCK ANIMAL                        ,VCS,9,459,K,11.0,5,Dark No street lights,223910,1,2,0,1,0,1,1,5,Not at intersection,3,100,223910.0,N,2549239.752,2355417.047,BASS COAST,EASTERN REGION,RURAL_VICTORIA,-38.30144,145.56287,3984.0
T20090022334,11/6/09,18.45.00,3,Struck animal,5,Thursday,167,STRUCK ANIMAL                        ,VCS,9,44,C,9.0,5,Dark No street lights,223944,1,1,0,1,0,0,1,5,Not at intersection,3,100,223944.0,N,2422188.616,2502501.299,MOUNT ALEXANDER,NORTHERN REGION,RURAL_VICTORIA,-36.97424,144.12598,3463.0
T20090022398,29/5/09,18.30.00,3,Struck animal,6,Friday,167,STRUCK ANIMAL                        ,MEL,40,30,A,11.0,3,Dark Street lights on,37820,1,1,0,1,0,0,2,1,Cross intersection,3,999,37820.0,I,2498073.49,2413412.23,MORELAND,METROPOLITAN NORTH WEST REGION,MELB_URBAN,-37.78027,144.97813,3068.0
T20090022412,23/5/09,17.30.00,3,Struck animal,7,Saturday,167,STRUCK ANIMAL                        ,VCS,9,63,G,3.0,2,Dusk/Dawn,223955,1,1,0,1,0,0,2,5,Not at intersection,3,80,223955.0,N,2620472.994,2491834.4,MANSFIELD,NORTH EASTERN REGION,RURAL_VICTORIA,-37.06586,146.35487,3723.0
T20090022573,14/6/09,20.35.00,3,Struck animal,1,Sunday,167,STRUCK ANIMAL                        ,MEL,40,313,A,5.0,5,Dark No street lights,223993,1,1,1,0,0,0,1,5,Not at intersection,2,100,223993.0,N,2540794.649,2391304.497,CARDINIA,METROPOLITAN SOUTH EAST REGION,RURAL_VICTORIA,-37.978559999999995,145.46433000000002,3808.0
T20090022661,15/6/09,14.15.00,3,Struck animal,2,Monday,167,STRUCK ANIMAL                        ,VCS,9,32,E,3.0,1,Day,224019,1,1,1,0,0,0,1,5,Not at intersection,2,60,224019.0,N,2520308.772,2602791.81,MOIRA,NORTH EASTERN REGION,RURAL_VICTORIA,-36.073370000000004,145.22546,3638.0
T20090022736,16/6/09,05.35.00,3,Struck animal,3,Tuesday,167,STRUCK ANIMAL                        ,VCS,9,32,H,5.0,5,Dark No street lights,224055,1,2,0,1,0,1,1,5,Not at intersection,3,100,224055.0,N,2538809.844,2583906.415,SHEPPARTON,NORTH EASTERN REGION,RURAL_VICTORIA,-36.243,145.4318,3634.0
T20090023350,19/6/09,18.20.00,3,Struck animal,6,Friday,167,STRUCK ANIMAL                        ,VCS,9,31,H,9.0,5,Dark No street lights,224150,1,2,1,0,0,1,1,5,Not at intersection,2,90,224150.0,N,2498422.72,2555631.798,CAMPASPE,NORTHERN REGION,RURAL_VICTORIA,-36.49862,144.98238999999998,3623.0
T20090023974,19/6/09,18.05.00,3,Struck animal,6,Friday,167,STRUCK ANIMAL                        ,MEL,40,263,D,8.0,3,Dark Street lights on,224395,1,2,0,1,0,1,2,5,Not at intersection,3,80,224395.0,N,2518794.296,2428985.126,NILLUMBIK,METROPOLITAN NORTH WEST REGION,RURAL_VICTORIA,-37.639759999999995,145.21296,3099.0
T20090024074,24/6/09,10.55.00,3,Struck animal,4,Wednesday,167,STRUCK ANIMAL                        ,MEL,40,24,H,11.0,1,Day,224420,1,1,1,0,0,0,1,5,Not at intersection,2,50,224420.0,N,2524327.69,2418369.686,MANNINGHAM,METROPOLITAN SOUTH EAST REGION,TOWNS,-37.735279999999996,145.27601,3115.0
T20090024705,20/6/09,09.00.00,3,Struck animal,7,Saturday,167,STRUCK ANIMAL                        ,,,,,,1,Day,-3,1,1,1,0,0,0,2,5,Not at intersection,2,999,,,,,,,,,,
T20090024792,12/6/09,22.10.00,3,Struck animal,6,Friday,167,STRUCK ANIMAL                        ,VCS,9,21,G,9.0,5,Dark No street lights,224601,1,1,1,0,0,0,2,5,Not at intersection,2,100,224601.0,N,2443507.864,2617074.718,CAMPASPE,NORTHERN REGION,RURAL_VICTORIA,-35.94319,144.3739,3566.0
T20090025447,3/7/09,23.20.00,3,Struck animal,5,Friday,167,STRUCK ANIMAL                        ,VCS,9,425,C,9.0,5,Dark No street lights,285526,1,2,1,0,0,1,1,5,Not at intersection,2,100,285526.0,N,2463251.48,2433986.573,MELTON,METROPOLITAN NORTH WEST REGION,RURAL_VICTORIA,-37.594159999999995,144.58385,3337.0
T20090025471,4/7/09,07.40.00,3,Struck animal,7,Saturday,167,STRUCK ANIMAL                        ,VCS,9,44,E,4.0,1,Day,224836,1,1,1,0,0,0,1,5,Not at intersection,2,100,224836.0,N,2428990.141,2539817.441,BENDIGO,NORTHERN REGION,RURAL_VICTORIA,-36.63848,144.20587,3556.0
T20090025561,4/7/09,17.45.00,3,Struck animal,7,Saturday,167,STRUCK ANIMAL                        ,VCS,9,96,F,5.0,5,Dark No street lights,224856,1,1,0,1,0,0,1,5,Not at intersection,3,100,224856.0,N,2573490.643,2364144.29,BAW BAW,EASTERN REGION,RURAL_VICTORIA,-38.22122,145.83919,3818.0
T20090025735,6/7/09,00.15.00,3,Struck animal,2,Monday,167,STRUCK ANIMAL                        ,VCS,9,453,C,8.0,5,Dark No street lights,224651,2,4,0,1,0,3,1,5,Not at intersection,3,100,224651.0,N,2427013.669,2365051.591,SURF COAST,SOUTH WESTERN REGION,RURAL_VICTORIA,-38.21309,144.16666,3240.0
T20090025952,6/7/09,18.15.00,3,Struck animal,2,Monday,167,STRUCK ANIMAL                        ,VCS,9,76,H,2.0,5,Dark No street lights,224892,1,2,0,1,0,1,1,5,Not at intersection,3,100,224892.0,N,2410449.326,2438557.695,MOORABOOL,WESTERN REGION,RURAL_VICTORIA,-37.5494,143.98648,3352.0
T20090026271,9/7/09,18.45.00,3,Struck animal,5,Thursday,167,STRUCK ANIMAL                        ,MEL,40,146,D,5.0,5,Dark No street lights,224991,3,4,1,0,0,3,1,5,Not at intersection,2,80,224991.0,N,2506863.075,2362094.376,MORNINGTON PENINSULA,METROPOLITAN SOUTH EAST REGION,MELB_URBAN,-38.24258,145.07838999999998,3931.0
T20090026911,11/5/09,15.00.00,3,Struck animal,2,Monday,167,STRUCK ANIMAL                        ,,,,,,1,Day,-3,1,1,0,1,0,0,2,5,Not at intersection,3,80,,,,,,,,,,
T20090026955,12/7/09,21.19.00,3,Struck animal,1,Sunday,167,STRUCK ANIMAL                        ,MEL,40,277,B,1.0,5,Dark No street lights,225242,1,3,0,2,0,1,1,5,Not at intersection,3,80,225242.0,N,2541547.911,2427060.243,YARRA RANGES,METROPOLITAN SOUTH EAST REGION,RURAL_VICTORIA,-37.65637,145.47089,3777.0
T20090027686,19/7/09,09.40.00,3,Struck animal,1,Sunday,167,STRUCK ANIMAL                        ,VCS,9,44,F,8.0,1,Day,229113,1,1,1,0,0,0,2,5,Not at intersection,2,100,229113.0,N,2438750.578,2512024.473,BENDIGO,NORTHERN REGION,RURAL_VICTORIA,-36.88964,144.31278,3551.0
T20090028665,25/7/09,22.35.00,3,Struck animal,7,Saturday,167,STRUCK ANIMAL                        ,VCS,9,90,F,5.0,5,Dark No street lights,225484,1,2,0,1,0,1,1,5,Not at intersection,3,100,225484.0,N,2312984.25,2363972.543,CORANGAMITE,SOUTH WESTERN REGION,RURAL_VICTORIA,-38.206790000000005,142.86473,3264.0
T20090028776,28/7/08,12.00.00,3,Struck animal,2,Monday,167,STRUCK ANIMAL                        ,VCS,9,93,E,8.0,1,Day,224130,1,1,0,1,0,0,2,5,Not at intersection,3,80,224130.0,N,2434116.697,2346640.481,SURF COAST,SOUTH WESTERN REGION,RURAL_VICTORIA,-38.379459999999995,144.24608999999998,3228.0
T20090028889,22/7/09,16.00.00,3,Struck animal,4,Wednesday,167,STRUCK ANIMAL                        ,VCS,9,626,F,6.0,1,Day,225557,1,1,0,1,0,0,2,5,Not at intersection,3,100,225557.0,N,2474514.708,2508167.878,BENDIGO,NORTHERN REGION,TOWNS,-36.92604,144.71392,3523.0
T20090029064,24/7/09,06.00.00,3,Struck animal,6,Friday,167,STRUCK ANIMAL                        ,VCS,9,609,R,11.0,5,Dark No street lights,225377,1,1,0,1,0,0,2,2,T intersection,3,80,225377.0,N,2444861.938,2523520.726,BENDIGO,NORTHERN REGION,RURAL_VICTORIA,-36.78641,144.38218,3551.0
T20090029130,29/7/09,18.14.00,3,Struck animal,4,Wednesday,167,STRUCK ANIMAL                        ,VCS,9,32,F,8.0,5,Dark No street lights,234160,1,2,0,2,0,0,1,5,Not at intersection,3,100,234160.0,N,2526516.242,2569115.167,SHEPPARTON,NORTH EASTERN REGION,RURAL_VICTORIA,-36.37673,145.29553,3629.0
T20090029865,3/8/09,21.45.00,3,Struck animal,2,Monday,167,STRUCK ANIMAL                        ,VCS,9,691,L,8.0,5,Dark No street lights,225638,1,1,0,1,0,0,2,5,Not at intersection,3,80,225638.0,N,2725155.961,2379400.661,WELLINGTON,EASTERN REGION,SMALL_TOWNS,-38.05936,147.5658,3851.0
T20090031045,12/8/09,09.35.00,3,Struck animal,4,Wednesday,167,STRUCK ANIMAL                        ,VCS,9,20,H,5.0,1,Day,225843,1,1,0,1,0,0,2,5,Not at intersection,3,100,225843.0,N,2407175.058,2639695.248,GANNAWARRA,NORTHERN REGION,RURAL_VICTORIA,-35.7365,143.97396,3579.0
T20090031083,12/8/09,12.10.00,3,Struck animal,4,Wednesday,167,STRUCK ANIMAL                        ,VCS,9,77,E,4.0,1,Day,225852,1,1,0,1,0,0,1,5,Not at intersection,3,100,225852.0,N,2432035.397,2426130.081,MOORABOOL,WESTERN REGION,RURAL_VICTORIA,-37.6632,144.22964,3342.0
T20090031557,14/8/09,20.57.00,3,Struck animal,6,Friday,167,STRUCK ANIMAL                        ,VCS,9,77,C,8.0,5,Dark No street lights,225983,1,1,1,0,0,0,1,5,Not at intersection,2,100,225983.0,N,2420053.568,2399040.512,GOLDEN PLAINS,SOUTH WESTERN REGION,RURAL_VICTORIA,-37.90632,144.0909,3333.0
T20090032559,22/8/09,18.40.00,3,Struck animal,7,Saturday,167,STRUCK ANIMAL                        ,,,,,,5,Dark No street lights,-3,1,1,0,1,0,0,1,5,Not at intersection,3,80,,,,,,,,,,
T20090033159,27/8/09,06.15.00,3,Struck animal,5,Thursday,167,STRUCK ANIMAL                        ,VCS,9,40,H,7.0,5,Dark No street lights,226143,1,1,0,1,0,0,1,5,Not at intersection,3,100,226143.0,N,2266325.885,2512776.373,HORSHAM,WESTERN REGION,RURAL_VICTORIA,-36.85586,142.37901000000002,3401.0
T20090033953,2/9/09,04.10.00,3,Struck animal,4,Wednesday,167,STRUCK ANIMAL                        ,VCS,9,53,J,6.0,5,Dark No street lights,226338,1,1,0,1,0,0,1,5,Not at intersection,3,100,226338.0,N,2184367.746,2465155.692,WEST WIMMERA,WESTERN REGION,RURAL_VICTORIA,-37.26083,141.44051000000002,3312.0
T20090034082,3/9/09,00.25.00,3,Struck animal,5,Thursday,167,STRUCK ANIMAL                        ,VCS,9,90,A,6.0,5,Dark No street lights,226329,1,1,0,1,0,0,1,5,Not at intersection,3,100,226329.0,N,2285710.373,2352446.191,MOYNE,SOUTH WESTERN REGION,RURAL_VICTORIA,-38.30468,142.55007,3278.0
T20090035177,10/9/09,00.35.00,3,Struck animal,5,Thursday,167,STRUCK ANIMAL                        ,VCS,9,73,C,5.0,5,Dark No street lights,226355,1,1,0,1,0,0,2,5,Not at intersection,3,80,226355.0,N,2241527.639,2413246.823,SOUTHERN GRAMPIANS,SOUTH WESTERN REGION,TOWNS,-37.74588,142.06663999999998,3300.0
T20090035657,13/9/09,19.00.00,3,Struck animal,1,Sunday,167,STRUCK ANIMAL                        ,VCS,9,99,C,3.0,5,Dark No street lights,226372,1,2,0,1,0,1,1,5,Not at intersection,3,100,226372.0,N,2684692.356,2379002.722,WELLINGTON,EASTERN REGION,RURAL_VICTORIA,-38.07189,147.10496,3851.0
T20090036082,17/9/09,11.00.00,3,Struck animal,5,Thursday,167,STRUCK ANIMAL                        ,VCS,9,45,D,7.0,1,Day,226483,1,1,0,1,0,0,2,5,Not at intersection,3,999,226483.0,N,2477078.306,2514245.095,BENDIGO,NORTHERN REGION,RURAL_VICTORIA,-36.871340000000004,144.74288,3523.0
T20090036477,11/9/09,17.45.00,3,Struck animal,6,Friday,167,STRUCK ANIMAL                        ,VCS,9,609,L,5.0,2,Dusk/Dawn,229840,1,1,1,0,0,0,2,5,Not at intersection,2,100,229840.0,O,2441793.0061,2526992.6899,BENDIGO,NORTHERN REGION,RURAL_VICTORIA,-36.754940000000005,144.34806,3551.0
T20090036533,19/9/09,19.08.00,3,Struck animal,7,Saturday,167,STRUCK ANIMAL                        ,VCS,9,63,C,3.0,5,Dark No street lights,226716,1,1,1,0,0,0,1,5,Not at intersection,2,100,226716.0,N,2599567.654,2491215.427,MANSFIELD,NORTH EASTERN REGION,RURAL_VICTORIA,-37.073890000000006,146.11987,3722.0
T20090036768,21/9/09,17.40.00,3,Struck animal,2,Monday,167,STRUCK ANIMAL                        ,VCS,9,31,B,5.0,1,Day,226498,1,1,1,0,0,0,2,5,Not at intersection,2,100,226498.0,N,2461620.579,2584039.993,CAMPASPE,NORTHERN REGION,RURAL_VICTORIA,-36.24181,144.57299999999998,3561.0
T20090037348,25/9/09,17.55.00,3,Struck animal,6,Friday,167,STRUCK ANIMAL                        ,VCS,9,416,G,2.0,2,Dusk/Dawn,226665,1,5,0,3,0,2,1,5,Not at intersection,3,100,226665.0,N,2488371.069,2471846.956,MITCHELL,NORTHERN REGION,RURAL_VICTORIA,-37.253640000000004,144.8689,3764.0
T20090038676,19/9/09,19.00.00,3,Struck animal,7,Saturday,167,STRUCK ANIMAL                        ,VCS,9,84,F,5.0,5,Dark No street lights,227108,1,1,0,1,0,0,2,5,Not at intersection,3,100,227108.0,N,2752103.103,2414380.973,EAST GIPPSLAND,EASTERN REGION,RURAL_VICTORIA,-37.73741,147.86073000000002,3885.0
T20090038978,8/10/09,07.15.00,3,Struck animal,5,Thursday,167,STRUCK ANIMAL                        ,MEL,40,3,F,8.0,2,Dusk/Dawn,226793,1,1,0,1,0,0,2,5,Not at intersection,3,100,226793.0,N,2480684.751,2424255.646,BRIMBANK,METROPOLITAN NORTH WEST REGION,MELB_URBAN,-37.68237,144.78101,3036.0
T20090039910,2/10/09,14.00.00,3,Struck animal,6,Friday,167,STRUCK ANIMAL                        ,VCS,9,45,D,8.0,1,Day,227162,1,1,0,1,0,0,2,5,Not at intersection,3,999,227162.0,N,2476640.12,2513321.995,BENDIGO,NORTHERN REGION,RURAL_VICTORIA,-36.87965,144.73793999999998,3523.0
T20090040063,15/10/09,08.50.00,3,Struck animal,5,Thursday,167,STRUCK ANIMAL                        ,VCS,9,69,J,6.0,1,Day,227509,1,1,0,1,0,0,1,5,Not at intersection,3,100,227509.0,N,2892397.702,2430505.786,EAST GIPPSLAND,EASTERN REGION,RURAL_VICTORIA,-37.54374,149.44228999999999,3891.0
T20090040814,28/9/09,11.15.00,3,Struck animal,2,Monday,167,STRUCK ANIMAL                        ,VCS,9,36,J,7.0,1,Day,227046,1,1,0,1,0,0,2,5,Not at intersection,3,100,227046.0,N,2719047.367,2568578.139,TOWONG,NORTH EASTERN REGION,RURAL_VICTORIA,-36.356629999999996,147.44096000000002,3701.0
T20090041507,24/10/09,21.18.00,3,Struck animal,7,Saturday,167,STRUCK ANIMAL                        ,MEL,40,391,D,1.0,5,Dark No street lights,227402,1,1,1,0,0,0,1,5,Not at intersection,2,100,227402.0,N,2511078.745,2436719.991,WHITTLESEA,METROPOLITAN NORTH WEST REGION,RURAL_VICTORIA,-37.570190000000004,145.12542,3755.0
T20090041675,26/10/09,08.20.00,3,Struck animal,2,Monday,167,STRUCK ANIMAL                        ,MEL,40,352,G,12.0,1,Day,227255,1,1,0,1,0,0,1,5,Not at intersection,3,100,227255.0,N,2477025.882,2427484.559,HUME,METROPOLITAN NORTH WEST REGION,RURAL_VICTORIA,-37.65319,144.73963,3427.0
T20090043042,5/11/09,05.30.00,3,Struck animal,5,Thursday,167,STRUCK ANIMAL                        ,VCS,9,44,H,4.0,6,Dark Street lights unknown,227673,1,1,0,0,1,0,1,5,Not at intersection,1,60,227673.0,N,2444587.089,2535279.892,BENDIGO,NORTHERN REGION,RURAL_VICTORIA,-36.68042,144.37996,3551.0
T20090043194,19/10/09,20.30.00,3,Struck animal,2,Monday,167,STRUCK ANIMAL                        ,MEL,40,83,H,7.0,5,Dark No street lights,227576,1,1,0,1,0,0,2,5,Not at intersection,3,80,227576.0,N,2528194.642,2395308.048,YARRA RANGES,METROPOLITAN SOUTH EAST REGION,RURAL_VICTORIA,-37.94296,145.32076,3156.0
T20090043408,7/11/09,21.00.00,3,Struck animal,7,Saturday,167,STRUCK ANIMAL                        ,MEL,40,480,G,5.0,5,Dark No street lights,227605,1,2,2,0,0,0,1,5,Not at intersection,2,100,227605.0,N,2445958.159,2361965.039,GEELONG,SOUTH WESTERN REGION,RURAL_VICTORIA,-38.24219,144.38273,3217.0
T20090043471,5/11/09,18.23.00,3,Struck animal,5,Thursday,167,STRUCK ANIMAL                        ,MEL,40,171,A,7.0,1,Day,227730,1,1,0,1,0,0,1,5,Not at intersection,3,50,227730.0,N,2494009.738,2346709.36,MORNINGTON PENINSULA,METROPOLITAN SOUTH EAST REGION,MELB_URBAN,-38.381170000000004,144.93145,3939.0
T20090044355,14/11/09,10.50.00,3,Struck animal,7,Saturday,167,STRUCK ANIMAL                        ,VCS,9,103,B,5.0,1,Day,229085,2,2,2,0,0,0,1,5,Not at intersection,2,100,229085.0,N,2593546.67,2306696.94,SOUTH GIPPSLAND,EASTERN REGION,RURAL_VICTORIA,-38.7368,146.0756,3959.0
T20090044725,17/11/09,00.15.00,3,Struck animal,3,Tuesday,167,STRUCK ANIMAL                        ,MEL,40,226,H,1.0,5,Dark No street lights,278432,1,1,1,0,0,0,2,5,Not at intersection,2,80,278432.0,N,2461899.234,2412451.16,MELTON,METROPOLITAN NORTH WEST REGION,RURAL_VICTORIA,-37.78815,144.56743,3338.0
T20090044750,7/11/09,01.40.00,3,Struck animal,7,Saturday,167,STRUCK ANIMAL                        ,VCS,9,425,D,10.0,5,Dark No street lights,227822,1,1,1,0,0,0,2,5,Not at intersection,2,100,227822.0,N,2465163.882,2432214.809,MELTON,METROPOLITAN NORTH WEST REGION,RURAL_VICTORIA,-37.6102,144.60542,3337.0