ACCIDENT_NO,ACCIDENT_DATE,ACCIDENT_TIME,ACCIDENT_TYPE,ACCIDENT_TYPE_DESC,DAY_OF_WEEK,DAY_WEEK_DESC,DCA_CODE,DCA_DESC,DIRECTORY,EDITION,PAGE,GRID_REFERENCE_X,GRID_REFERENCE_Y,LIGHT_CONDITION,LIGHT_CONDITION_DESC,NODE_ID_x,NO_OF_VEHICLES,NO_PERSONS,NO_PERSONS_INJ_2,NO_PERSONS_INJ_3,NO_PERSONS_KILLED,NO_PERSONS_NOT_INJ,POLICE_ATTEND,ROAD_GEOMETRY,ROAD_GEOMETRY_DESC,SEVERITY,SPEED_ZONE,NODE_ID_y,NODE_TYPE,AMG_X,AMG_Y,LG_AREA_NAME,REGION_NAME,DEG_URBAN_NAME,LATITUDE,LONGITUDE,POSTCODE
T20090044866,17/11/09,23.52.00,3,Struck animal,3,Tuesday,167,STRUCK ANIMAL                        ,MEL,40,183,B,9.0,3,Dark Street lights on,235464,1,1,0,1,0,0,1,5,Not at intersection,3,60,235464.0,N,2506291.339,2428785.586,WHITTLESEA,METROPOLITAN NORTH WEST REGION,MELB_URBAN,-37.641729999999995,145.07129,3752.0
T20090045369,4/11/09,05.50.00,3,Struck animal,4,Wednesday,167,STRUCK ANIMAL                        ,VCS,9,61,C,5.0,5,Dark No street lights,228298,1,1,0,1,0,0,2,5,Not at intersection,3,110,228298.0,N,2506181.509,2479142.267,MITCHELL,NORTHERN REGION,RURAL_VICTORIA,-37.18795,145.06963000000002,3658.0
T20090045918,24/11/09,06.45.00,3,Struck animal,3,Tuesday,167,STRUCK ANIMAL                        ,MEL,40,380,F,11.0,1,Day,228327,1,1,0,1,0,0,2,5,Not at intersection,3,80,228327.0,N,2530337.018,2440786.337,MURRINDINDI,NORTH EASTERN REGION,SMALL_TOWNS,-37.533120000000004,145.34327,3763.0
T20090046903,1/12/09,11.30.00,3,Struck animal,3,Tuesday,167,STRUCK ANIMAL                        ,VCS,9,63,B,4.0,1,Day,228216,1,1,1,0,0,0,2,5,Not at intersection,2,100,228216.0,N,2590342.652,2479568.122,MANSFIELD,NORTH EASTERN REGION,RURAL_VICTORIA,-37.17978,146.01752,3713.0
T20090048168,9/12/09,18.25.00,3,Struck animal,4,Wednesday,167,STRUCK ANIMAL                        ,MEL,40,190,K,4.0,1,Day,229154,1,1,1,0,0,0,1,2,T intersection,2,70,229154.0,N,2501453.481,2347765.04,MORNINGTON PENINSULA,METROPOLITAN SOUTH EAST REGION,RURAL_VICTORIA,-38.37168,145.01663,3937.0
T20090048941,12/12/09,21.00.00,3,Struck animal,7,Saturday,167,STRUCK ANIMAL                        ,VCS,9,76,A,5.0,5,Dark No street lights,228438,1,1,0,1,0,0,2,5,Not at intersection,3,80,228438.0,N,2369652.644,2421021.922,GOLDEN PLAINS,SOUTH WESTERN REGION,RURAL_VICTORIA,-37.70259,143.52173,3360.0
T20090049244,2/12/09,13.00.00,3,Struck animal,4,Wednesday,167,STRUCK ANIMAL                        ,VCS,9,414,J,13.0,1,Day,228647,1,1,1,0,0,0,2,5,Not at intersection,2,80,228647.0,N,2457165.3,2450552.63,MACEDON RANGES,NORTHERN REGION,RURAL_VICTORIA,-37.44463,144.51588,3437.0
T20090049252,12/12/09,11.00.00,3,Struck animal,7,Saturday,167,STRUCK ANIMAL                        ,,,,,,1,Day,-10,2,2,1,0,0,1,2,2,T intersection,2,60,,,,,,,,,,
T20090050505,24/12/09,21.10.00,3,Struck animal,5,Thursday,167,STRUCK ANIMAL                        ,MEL,40,20,E,4.0,3,Dark Street lights on,29437,4,7,0,1,0,6,1,2,T intersection,3,80,29437.0,I,2507494.347,2421106.8,BANYULE,METROPOLITAN NORTH WEST REGION,MELB_URBAN,-37.71091,145.085,3087.0
T20090051066,30/12/09,22.05.00,3,Struck animal,4,Wednesday,167,STRUCK ANIMAL                        ,VCS,9,32,B,9.0,5,Dark No street lights,229042,1,1,1,0,0,0,1,5,Not at intersection,2,100,229042.0,N,2501050.73,2561729.534,CAMPASPE,NORTHERN REGION,RURAL_VICTORIA,-36.443659999999994,145.01172,3623.0
T20100000210,2/1/10,22.20.00,3,Struck animal,7,Saturday,167,STRUCK ANIMAL                        ,VCS,9,88,C,6.0,5,Dark No street lights,229035,1,4,0,1,0,3,1,5,Not at intersection,3,100,229035.0,N,2208014.278,2354207.558,GLENELG,SOUTH WESTERN REGION,RURAL_VICTORIA,-38.26755,141.66312,3305.0
T20100000441,3/1/10,08.50.00,3,Struck animal,1,Sunday,167,STRUCK ANIMAL                        ,MEL,40,253,C,10.0,1,Day,229396,1,1,1,0,0,0,2,5,Not at intersection,2,999,229396.0,N,2490999.555,2340590.508,MORNINGTON PENINSULA,METROPOLITAN SOUTH EAST REGION,RURAL_VICTORIA,-38.43626,144.89693,3939.0
T20100000545,5/1/10,23.40.00,3,Struck animal,3,Tuesday,167,STRUCK ANIMAL                        ,VCS,9,97,H,4.0,5,Dark No street lights,229409,1,2,2,0,0,0,1,5,Not at intersection,2,100,229409.0,N,2624564.42,2370542.723,LATROBE,EASTERN REGION,RURAL_VICTORIA,-38.158120000000004,146.42123999999998,3825.0
T20100000551,5/1/10,22.24.00,3,Struck animal,3,Tuesday,167,STRUCK ANIMAL                        ,VCS,9,87,C,2.0,5,Dark No street lights,229410,1,2,0,1,0,1,2,5,Not at intersection,3,100,229410.0,N,2155529.559,2375772.019,GLENELG,SOUTH WESTERN REGION,RURAL_VICTORIA,-38.05539,141.0741,3292.0
T20100001155,11/1/10,01.45.00,3,Struck animal,2,Monday,167,STRUCK ANIMAL                        ,VCS,9,417,D,9.0,5,Dark No street lights,233527,1,1,1,0,0,0,1,5,Not at intersection,2,100,233527.0,N,2502598.136,2457148.114,MITCHELL,NORTHERN REGION,RURAL_VICTORIA,-37.38617,145.02934,3758.0
T20100001224,11/1/10,00.30.00,3,Struck animal,2,Monday,167,STRUCK ANIMAL                        ,VCS,9,31,C,6.0,5,Dark No street lights,229508,1,2,0,1,0,1,2,5,Not at intersection,3,100,229508.0,N,2470665.992,2580437.908,CAMPASPE,NORTHERN REGION,RURAL_VICTORIA,-36.2746,144.6735,3561.0
T20100002708,22/1/10,22.25.00,3,Struck animal,6,Friday,167,STRUCK ANIMAL                        ,VCS,9,23,A,9.0,5,Dark No street lights,229781,1,1,0,1,0,0,1,5,Not at intersection,3,100,229781.0,N,2547949.798,2613793.597,MOIRA,NORTH EASTERN REGION,RURAL_VICTORIA,-35.97323,145.53163,3644.0
T20100002988,25/1/10,16.50.00,3,Struck animal,2,Monday,167,STRUCK ANIMAL                        ,MEL,40,81,E,9.0,1,Day,234581,1,1,1,0,0,0,2,2,T intersection,2,50,234581.0,I,2519105.533,2394471.086,DANDENONG,METROPOLITAN SOUTH EAST REGION,MELB_URBAN,-37.95073,145.21738,3175.0
T20100003370,16/1/10,17.00.00,3,Struck animal,7,Saturday,167,STRUCK ANIMAL                        ,,,,,,1,Day,-3,1,1,0,1,0,0,2,5,Not at intersection,3,100,,,,,,,,,,
T20100003635,24/1/10,22.30.00,3,Struck animal,1,Sunday,167,STRUCK ANIMAL                        ,VCS,9,57,G,8.0,5,Dark No street lights,232634,1,1,0,1,0,0,2,5,Not at intersection,3,100,232634.0,N,2355713.07,2456280.903,PYRENEES,WESTERN REGION,RURAL_VICTORIA,-37.38286,143.37052,3373.0
T20100003655,15/11/09,21.30.00,3,Struck animal,1,Sunday,167,STRUCK ANIMAL                        ,VCS,9,33,C,6.0,5,Dark No street lights,230584,1,1,0,1,0,0,2,5,Not at intersection,3,100,230584.0,N,2556849.951,2581653.05,MOIRA,NORTH EASTERN REGION,RURAL_VICTORIA,-36.2624,145.63267,3646.0
T20100003815,30/1/10,04.30.00,3,Struck animal,7,Saturday,167,STRUCK ANIMAL                        ,VCS,9,23,C,9.0,5,Dark No street lights,230271,1,1,1,0,0,0,2,5,Not at intersection,2,100,230271.0,N,2557011.525,2617247.943,MOIRA,NORTH EASTERN REGION,RURAL_VICTORIA,-35.9416,145.63183999999998,3644.0
T20100003884,2/2/10,06.35.00,3,Struck animal,3,Tuesday,167,STRUCK ANIMAL                        ,VCS,9,32,H,6.0,1,Day,230177,1,1,0,1,0,0,2,5,Not at intersection,3,100,230177.0,N,2535873.198,2578680.942,SHEPPARTON,NORTH EASTERN REGION,RURAL_VICTORIA,-36.290209999999995,145.39937,3634.0
T20100003985,2/2/10,20.00.00,3,Struck animal,3,Tuesday,167,STRUCK ANIMAL                        ,,,,,,1,Day,-10,1,2,0,2,0,0,1,5,Not at intersection,3,50,,,,,,,,,,
T20100004369,26/5/09,18.30.00,3,Struck animal,3,Tuesday,167,STRUCK ANIMAL                        ,MEL,40,264,D,4.0,2,Dusk/Dawn,124180,1,1,0,1,0,0,2,5,Not at intersection,3,80,124180.0,N,2522677.646,2430705.77,NILLUMBIK,METROPOLITAN NORTH WEST REGION,RURAL_VICTORIA,-37.62417,145.25691,3759.0
T20100004816,8/2/10,11.15.00,3,Struck animal,2,Monday,167,STRUCK ANIMAL                        ,VCS,9,43,H,3.0,1,Day,230610,2,2,0,1,0,1,1,2,T intersection,3,100,230610.0,I,2406707.282,2545888.945,LODDON,NORTHERN REGION,RURAL_VICTORIA,-36.58183,143.95743000000002,3516.0
T20100005828,12/2/10,17.45.00,3,Struck animal,6,Friday,167,STRUCK ANIMAL                        ,MEL,40,59,H,6.0,1,Day,91882,2,3,0,1,0,2,2,5,Not at intersection,3,60,91882.0,N,2504677.393,2405696.246,BOROONDARA,METROPOLITAN SOUTH EAST REGION,MELB_URBAN,-37.849779999999996,145.05315,3146.0
T20100005881,8/2/10,23.30.00,3,Struck animal,2,Monday,167,STRUCK ANIMAL                        ,MEL,40,45,F,12.0,6,Dark Street lights unknown,230639,1,1,0,1,0,0,2,5,Not at intersection,3,50,230639.0,N,2504002.89,2408004.561,BOROONDARA,METROPOLITAN SOUTH EAST REGION,MELB_URBAN,-37.82898,145.04547,3123.0
T20100006384,18/2/10,00.45.00,3,Struck animal,5,Thursday,167,STRUCK ANIMAL                        ,VCS,9,43,G,6.0,5,Dark No street lights,230715,1,1,0,1,0,0,2,5,Not at intersection,3,100,230715.0,N,2403429.407,2524079.642,LODDON,NORTHERN REGION,RURAL_VICTORIA,-36.778040000000004,143.91804,3551.0
T20100007584,27/2/10,20.45.00,3,Struck animal,7,Saturday,167,STRUCK ANIMAL                        ,VCS,9,90,G,4.0,5,Dark No street lights,230910,1,1,0,1,0,0,1,5,Not at intersection,3,100,230910.0,N,2315444.925,2369546.987,CORANGAMITE,SOUTH WESTERN REGION,RURAL_VICTORIA,-38.15708,142.89422,3265.0
T20100007856,25/2/10,20.15.00,3,Struck animal,5,Thursday,167,STRUCK ANIMAL                        ,VCS,9,62,E,5.0,2,Dusk/Dawn,231031,1,1,0,1,0,0,2,5,Not at intersection,3,100,231031.0,N,2568609.462,2472547.244,MURRINDINDI,NORTH EASTERN REGION,RURAL_VICTORIA,-37.244890000000005,145.7734,3712.0
T20100009194,3/3/10,07.40.00,3,Struck animal,4,Wednesday,167,STRUCK ANIMAL                        ,,,,,,1,Day,-3,2,2,1,0,0,1,2,5,Not at intersection,2,80,,,,,,,,,,
T20100010357,18/3/10,05.45.00,3,Struck animal,5,Thursday,167,STRUCK ANIMAL                        ,VCS,9,49,F,6.0,2,Dusk/Dawn,233422,1,1,1,0,0,0,1,5,Not at intersection,2,100,233422.0,N,2666203.676,2524608.74,ALPINE,NORTH EASTERN REGION,RURAL_VICTORIA,-36.76357,146.86185,3740.0
T20100011298,24/3/10,18.20.00,3,Struck animal,4,Wednesday,167,STRUCK ANIMAL                        ,VCS,9,48,D,3.0,1,Day,231547,1,1,0,1,0,0,2,5,Not at intersection,3,100,231547.0,N,2604352.31,2546084.205,BENALLA,NORTH EASTERN REGION,RURAL_VICTORIA,-36.57891,146.16612,3673.0
T20100011376,20/3/10,19.45.00,3,Struck animal,7,Saturday,167,STRUCK ANIMAL                        ,VCS,9,58,E,2.0,5,Dark No street lights,245817,1,1,0,1,0,0,1,5,Not at intersection,3,100,245817.0,N,2390301.31,2495300.44,CENTRAL GOLDFIELDS,WESTERN REGION,RURAL_VICTORIA,-37.03595,143.76679,3465.0
T20100011751,27/3/10,16.35.00,3,Struck animal,7,Saturday,167,STRUCK ANIMAL                        ,VCS,9,55,J,4.0,1,Day,231730,1,1,1,0,0,0,1,5,Not at intersection,2,100,231730.0,N,2274998.415,2480770.487,NORTHERN GRAMPIANS,WESTERN REGION,RURAL_VICTORIA,-37.14632,142.46669,3401.0
T20100012102,30/3/10,06.00.00,3,Struck animal,3,Tuesday,167,STRUCK ANIMAL                        ,VCS,9,96,H,5.0,2,Dusk/Dawn,231759,1,1,0,1,0,0,1,5,Not at intersection,3,100,231759.0,N,2587686.532,2364856.388,BAW BAW,EASTERN REGION,RURAL_VICTORIA,-38.213570000000004,146.0012,3822.0
T20100013607,21/3/10,01.00.00,3,Struck animal,1,Sunday,167,STRUCK ANIMAL                        ,VCS,9,35,E,9.0,5,Dark No street lights,231853,1,1,1,0,0,0,2,5,Not at intersection,2,100,231853.0,N,2659724.67,2554881.553,ALPINE,NORTH EASTERN REGION,RURAL_VICTORIA,-36.4919,146.78294,3737.0
T20100013618,10/4/10,14.00.00,3,Struck animal,7,Saturday,167,STRUCK ANIMAL                        ,VCS,9,92,G,8.0,1,Day,231854,1,1,0,1,0,0,2,5,Not at intersection,3,100,231854.0,N,2406985.136,2342084.971,SURF COAST,SOUTH WESTERN REGION,RURAL_VICTORIA,-38.41816,143.93506000000002,3235.0
T20100014042,13/4/10,07.00.00,3,Struck animal,3,Tuesday,167,STRUCK ANIMAL                        ,MEL,40,331,F,4.0,5,Dark No street lights,231906,1,1,0,1,0,0,1,5,Not at intersection,3,100,231906.0,N,2463739.761,2432853.552,MELTON,METROPOLITAN NORTH WEST REGION,RURAL_VICTORIA,-37.60439,144.58932,3337.0
T20100014137,13/4/10,02.45.00,3,Struck animal,3,Tuesday,167,STRUCK ANIMAL                        ,VCS,9,419,E,2.0,5,Dark No street lights,231915,1,1,0,1,0,0,2,5,Not at intersection,3,100,231915.0,N,2540925.318,2469127.246,MURRINDINDI,NORTH EASTERN REGION,RURAL_VICTORIA,-37.27733,145.46152,3717.0
T20100014970,18/4/10,16.00.00,3,Struck animal,1,Sunday,167,STRUCK ANIMAL                        ,VCS,9,92,C,9.0,1,Day,232098,1,1,0,1,0,0,2,5,Not at intersection,3,100,232098.0,N,2383258.659,2339611.258,COLAC OTWAY,SOUTH WESTERN REGION,RURAL_VICTORIA,-38.437740000000005,143.66305,3249.0
T20100015177,21/4/10,21.05.00,3,Struck animal,4,Wednesday,167,STRUCK ANIMAL                        ,MEL,40,354,J,11.0,3,Dark Street lights on,35862,1,2,0,0,1,1,1,2,T intersection,1,80,35862.0,I,2477950.332,2423093.594,MELTON,METROPOLITAN NORTH WEST REGION,MELB_URBAN,-37.69278,144.74998,3037.0
T20100015214,20/4/10,10.30.00,3,Struck animal,3,Tuesday,167,STRUCK ANIMAL                        ,VCS,9,80,B,5.0,1,Day,232076,1,1,0,1,0,0,2,5,Not at intersection,3,60,232076.0,N,2552173.131,2422556.735,YARRA RANGES,METROPOLITAN SOUTH EAST REGION,RURAL_VICTORIA,-37.69641,145.59163,3777.0
T20100015808,15/4/10,19.00.00,3,Struck animal,5,Thursday,167,STRUCK ANIMAL                        ,VCS,9,678,H,1.0,2,Dusk/Dawn,49388,1,1,1,0,0,0,2,2,T intersection,2,100,49388.0,I,2513852.304,2525094.037,STRATHBOGIE,NORTH EASTERN REGION,RURAL_VICTORIA,-36.773740000000004,145.15519,3608.0
T20100017808,8/5/10,23.30.00,3,Struck animal,7,Saturday,167,STRUCK ANIMAL                        ,MEL,40,312,J,1.0,5,Dark No street lights,232954,1,1,1,0,0,0,1,5,Not at intersection,2,60,232954.0,N,2548008.738,2397691.69,CARDINIA,METROPOLITAN SOUTH EAST REGION,RURAL_VICTORIA,-37.92067,145.54602,3783.0
T20100018244,2/4/10,10.30.00,3,Struck animal,6,Friday,167,STRUCK ANIMAL                        ,VCS,9,47,F,7.0,1,Day,233488,1,1,1,0,0,0,2,5,Not at intersection,2,100,233488.0,N,2577847.244,2514769.031,BENALLA,NORTH EASTERN REGION,RURAL_VICTORIA,-36.86368,145.87316,3669.0
T20100018783,15/5/10,09.35.00,3,Struck animal,7,Saturday,167,STRUCK ANIMAL                        ,VCS,9,99,E,7.0,1,Day,233374,1,1,0,1,0,0,1,5,Not at intersection,3,100,233374.0,N,2696713.024,2350092.632,WELLINGTON,EASTERN REGION,RURAL_VICTORIA,-38.32978,147.2497,3851.0
T20100018836,15/5/10,05.00.00,3,Struck animal,7,Saturday,167,STRUCK ANIMAL                        ,VCS,9,58,E,2.0,9,Unknown,59991,1,1,0,1,0,0,2,2,T intersection,3,100,59991.0,N,2393645.524,2496987.699,CENTRAL GOLDFIELDS,WESTERN REGION,RURAL_VICTORIA,-37.02113,143.80462,3464.0
T20100019054,12/5/10,10.50.00,3,Struck animal,4,Wednesday,173,RIGHT OFF CARRIAGEWAY INTO OBJECT/PARKED VEHICLE      ,VCS,9,26,B,8.0,1,Day,234230,1,1,0,1,0,0,1,5,Not at intersection,3,100,234230.0,N,2232664.227,2563002.439,HINDMARSH,WESTERN REGION,RURAL_VICTORIA,-36.39447,142.01931000000002,3414.0
T20100019676,21/5/10,10.40.00,3,Struck animal,6,Friday,167,STRUCK ANIMAL                        ,VCS,9,44,H,7.0,1,Day,233210,1,1,1,0,0,0,1,5,Not at intersection,2,100,233210.0,N,2445099.865,2514694.386,BENDIGO,NORTHERN REGION,RURAL_VICTORIA,-36.865970000000004,144.38421,3551.0
T20100019908,22/5/10,18.30.00,3,Struck animal,7,Saturday,167,STRUCK ANIMAL                        ,VCS,9,89,G,6.0,5,Dark No street lights,233208,1,2,0,2,0,0,1,5,Not at intersection,3,100,233208.0,N,2268034.73,2351278.745,MOYNE,SOUTH WESTERN REGION,RURAL_VICTORIA,-38.31092,142.34771,3282.0
T20100020247,25/5/10,07.10.00,3,Struck animal,3,Tuesday,167,STRUCK ANIMAL                        ,MEL,40,494,A,6.0,1,Day,233415,1,1,0,1,0,0,1,5,Not at intersection,3,100,233415.0,N,2443310.762,2356699.078,SURF COAST,SOUTH WESTERN REGION,RURAL_VICTORIA,-38.28947,144.35208,3217.0
T20100020624,27/5/10,06.30.00,3,Struck animal,5,Thursday,167,STRUCK ANIMAL                        ,VCS,9,425,B,7.0,2,Dusk/Dawn,233436,1,1,0,1,0,0,1,5,Not at intersection,3,100,233436.0,N,2462287.981,2438544.819,MACEDON RANGES,NORTHERN REGION,RURAL_VICTORIA,-37.55305,144.57317,3437.0
T20100020773,27/5/10,23.45.00,3,Struck animal,5,Thursday,167,STRUCK ANIMAL                        ,VCS,9,92,H,2.0,5,Dark No street lights,233177,1,1,0,0,1,0,1,5,Not at intersection,1,100,233177.0,N,2411081.151,2387046.426,GOLDEN PLAINS,SOUTH WESTERN REGION,RURAL_VICTORIA,-38.01356,143.98743000000002,3329.0
T20100021076,29/5/10,02.55.00,3,Struck animal,7,Saturday,167,STRUCK ANIMAL                        ,MEL,40,353,H,10.0,5,Dark No street lights,112033,2,3,0,1,0,2,1,5,Not at intersection,3,100,112033.0,N,2473588.711,2423660.39,MELTON,METROPOLITAN NORTH WEST REGION,RURAL_VICTORIA,-37.68756,144.70054,3335.0
T20100021110,18/3/10,07.00.00,3,Struck animal,5,Thursday,167,STRUCK ANIMAL                        ,MEL,40,16,J,8.0,2,Dusk/Dawn,41432,1,1,1,0,0,0,2,2,T intersection,2,70,41432.0,I,2493234.85,2419338.806,MORELAND,METROPOLITAN NORTH WEST REGION,MELB_URBAN,-37.72685,144.92325,3044.0
T20100021494,2/6/10,03.00.00,3,Struck animal,4,Wednesday,167,STRUCK ANIMAL                        ,VCS,9,427,D,6.0,5,Dark No street lights,233581,1,1,0,1,0,0,1,5,Not at intersection,3,100,233581.0,N,2501215.851,2439269.663,WHITTLESEA,METROPOLITAN NORTH WEST REGION,RURAL_VICTORIA,-37.54728,145.01376000000002,3064.0
T20100021523,24/4/10,18.30.00,3,Struck animal,7,Saturday,167,STRUCK ANIMAL                        ,VCS,9,45,C,8.0,5,Dark No street lights,233593,1,4,0,3,0,1,2,5,Not at intersection,3,100,233593.0,N,2471281.465,2511939.358,BENDIGO,NORTHERN REGION,RURAL_VICTORIA,-36.89196,144.67777,3523.0
T20100022387,7/6/10,14.00.00,3,Struck animal,2,Monday,183,OFF LEFT BEND INTO OBJECT/PARKED VEHICLE          ,VCS,9,34,E,6.0,1,Day,234420,1,2,0,1,0,1,1,5,Not at intersection,3,100,234420.0,N,2608455.406,2575641.471,WANGARATTA,NORTH EASTERN REGION,RURAL_VICTORIA,-36.31208,146.20778,3678.0
T20100023149,11/6/10,17.45.00,3,Struck animal,6,Friday,167,STRUCK ANIMAL                        ,VCS,9,48,E,4.0,2,Dusk/Dawn,234145,1,1,0,1,0,0,2,5,Not at intersection,3,100,234145.0,N,2611769.799,2536887.552,WANGARATTA,NORTH EASTERN REGION,RURAL_VICTORIA,-36.660940000000004,146.25035,3675.0
T20100023185,12/6/10,10.31.00,3,Struck animal,7,Saturday,167,STRUCK ANIMAL                        ,MEL,40,65,H,1.0,1,Day,233926,1,2,0,2,0,0,1,5,Not at intersection,3,80,233926.0,N,2528056.516,2407586.185,MAROONDAH,METROPOLITAN SOUTH EAST REGION,MELB_URBAN,-37.83234,145.31871999999998,3137.0
T20100023725,16/6/10,21.40.00,3,Struck animal,4,Wednesday,167,STRUCK ANIMAL                        ,VCS,9,58,H,8.0,5,Dark No street lights,60529,2,4,0,1,0,3,1,2,T intersection,3,100,60529.0,I,2409296.863,2453977.877,HEPBURN,WESTERN REGION,RURAL_VICTORIA,-37.410340000000005,143.97531999999998,3364.0
T20100024670,4/6/10,18.00.00,3,Struck animal,6,Friday,167,STRUCK ANIMAL                        ,,,,,,2,Dusk/Dawn,-3,1,2,0,1,0,1,2,5,Not at intersection,3,100,,,,,,,,,,
T20100024796,24/6/10,05.00.00,3,Struck animal,5,Thursday,167,STRUCK ANIMAL                        ,VCS,9,61,C,3.0,5,Dark No street lights,235262,1,2,0,2,0,0,2,5,Not at intersection,3,110,235262.0,N,2509001.484,2492554.147,MITCHELL,NORTHERN REGION,RURAL_VICTORIA,-37.06706,145.10123000000002,3659.0
T20100024870,24/6/10,06.30.00,3,Struck animal,5,Thursday,167,STRUCK ANIMAL                        ,VCS,9,96,G,5.0,2,Dusk/Dawn,234121,1,1,0,1,0,0,2,5,Not at intersection,3,100,234121.0,N,2577042.508,2365641.943,BAW BAW,EASTERN REGION,RURAL_VICTORIA,-38.207440000000005,145.87958999999998,3821.0
T20100025605,29/6/10,16.05.00,3,Struck animal,3,Tuesday,167,STRUCK ANIMAL                        ,VCS,9,55,G,3.0,2,Dusk/Dawn,234176,1,1,1,0,0,0,1,5,Not at intersection,2,100,234176.0,N,2263117.401,2486937.108,NORTHERN GRAMPIANS,WESTERN REGION,RURAL_VICTORIA,-37.08784,142.33493,3401.0
T20100027810,9/7/10,15.00.00,3,Struck animal,6,Friday,167,STRUCK ANIMAL                        ,VCS,9,93,B,3.0,1,Day,234624,1,1,1,0,0,0,2,5,Not at intersection,2,100,234624.0,N,2415218.998,2381107.151,GOLDEN PLAINS,SOUTH WESTERN REGION,RURAL_VICTORIA,-38.06745,144.03386,3321.0
T20100028268,17/7/10,16.55.00,3,Struck animal,7,Saturday,167,STRUCK ANIMAL                        ,VCS,9,680,F,10.0,1,Day,235075,1,1,0,1,0,0,1,5,Not at intersection,3,100,235075.0,N,2564898.359,2442727.165,MURRINDINDI,NORTH EASTERN REGION,RURAL_VICTORIA,-37.513870000000004,145.73416,3779.0
T20100028495,14/3/10,18.30.00,3,Struck animal,1,Sunday,167,STRUCK ANIMAL                        ,VCS,9,103,E,2.0,2,Dusk/Dawn,234891,1,1,0,1,0,0,2,5,Not at intersection,3,100,234891.0,N,2611680.966,2328009.854,SOUTH GIPPSLAND,EASTERN REGION,RURAL_VICTORIA,-38.54285,146.28079,3960.0
T20100028647,31/5/10,19.00.00,3,Struck animal,2,Monday,167,STRUCK ANIMAL                        ,,,,,,2,Dusk/Dawn,-3,1,1,0,1,0,0,2,5,Not at intersection,3,100,,,,,,,,,,
T20100029079,5/7/10,19.00.00,3,Struck animal,2,Monday,167,STRUCK ANIMAL                        ,VCS,9,661,R,5.0,3,Dark Street lights on,234974,1,1,1,0,0,0,2,5,Not at intersection,2,50,234974.0,N,2676493.038,2527395.66,ALPINE,NORTH EASTERN REGION,TOWNS,-36.73659,146.97643,3741.0
T20100029328,22/7/10,00.30.00,3,Struck animal,5,Thursday,167,STRUCK ANIMAL                        ,VCS,9,59,E,6.0,5,Dark No street lights,235987,1,1,0,1,0,0,1,5,Not at intersection,3,100,235987.0,N,2431698.401,2465299.046,HEPBURN,WESTERN REGION,RURAL_VICTORIA,-37.31023,144.22941,3461.0
T20100029337,24/7/10,18.10.00,3,Struck animal,7,Saturday,167,STRUCK ANIMAL                        ,VCS,9,61,C,2.0,5,Dark No street lights,234979,1,2,0,2,0,0,1,5,Not at intersection,3,80,234979.0,N,2509474.86,2496802.187,MITCHELL,NORTHERN REGION,RURAL_VICTORIA,-37.02877,145.1065,3660.0
T20100030309,30/7/10,19.05.00,3,Struck animal,6,Friday,167,STRUCK ANIMAL                        ,VCS,9,96,G,3.0,5,Dark No street lights,235886,1,3,0,3,0,0,1,5,Not at intersection,3,100,235886.0,N,2580047.298,2377531.702,BAW BAW,EASTERN REGION,RURAL_VICTORIA,-38.10008,145.91259,3821.0
T20100030401,31/7/10,11.20.00,3,Struck animal,7,Saturday,167,STRUCK ANIMAL                        ,MEL,40,180,A,4.0,1,Day,57208,2,4,1,1,0,2,1,2,T intersection,2,70,57208.0,I,2494080.107,2430756.301,HUME,METROPOLITAN NORTH WEST REGION,MELB_URBAN,-37.62397,144.93293,3064.0
T20100030432,31/7/10,14.05.00,3,Struck animal,7,Saturday,167,STRUCK ANIMAL                        ,VCS,9,55,G,8.0,1,Day,235203,1,1,1,0,0,0,1,5,Not at intersection,2,100,235203.0,N,2264031.902,2452614.701,SOUTHERN GRAMPIANS,SOUTH WESTERN REGION,RURAL_VICTORIA,-37.39725,142.3344,3294.0
T20100030783,2/8/10,23.15.00,3,Struck animal,2,Monday,167,STRUCK ANIMAL                        ,MEL,40,287,B,1.0,5,Dark No street lights,235334,2,3,0,2,0,1,1,5,Not at intersection,3,100,235334.0,N,2549262.281,2415817.82,YARRA RANGES,METROPOLITAN SOUTH EAST REGION,RURAL_VICTORIA,-37.757290000000005,145.55907,3139.0
T20100030935,3/8/10,05.36.00,3,Struck animal,3,Tuesday,167,STRUCK ANIMAL                        ,VCS,9,84,D,6.0,5,Dark No street lights,235167,1,1,1,0,0,0,1,5,Not at intersection,2,100,235167.0,N,2738279.576,2412229.005,EAST GIPPSLAND,EASTERN REGION,RURAL_VICTORIA,-37.76043,147.70465,3875.0
T20100032270,11/6/10,16.30.00,3,Struck animal,6,Friday,167,STRUCK ANIMAL                        ,VCS,9,5,F,8.0,1,Day,235950,1,1,0,1,0,0,2,5,Not at intersection,3,888,235950.0,N,2212543.545,2724570.314,MILDURA,WESTERN REGION,RURAL_VICTORIA,-34.93342,141.85463000000001,3490.0
T20100032517,13/8/10,20.25.00,3,Struck animal,6,Friday,167,STRUCK ANIMAL                        ,VCS,9,443,A,5.0,5,Dark No street lights,235744,1,1,1,0,0,0,1,5,Not at intersection,2,100,235744.0,N,2422859.126,2395551.297,GOLDEN PLAINS,SOUTH WESTERN REGION,RURAL_VICTORIA,-37.93799,144.12243999999998,3332.0