ACCIDENT_NO,ACCIDENT_DATE,ACCIDENT_TIME,ACCIDENT_TYPE,ACCIDENT_TYPE_DESC,DAY_OF_WEEK,DAY_WEEK_DESC,DCA_CODE,DCA_DESC,DIRECTORY,EDITION,PAGE,GRID_REFERENCE_X,GRID_REFERENCE_Y,LIGHT_CONDITION,LIGHT_CONDITION_DESC,NODE_ID_x,NO_OF_VEHICLES,NO_PERSONS,NO_PERSONS_INJ_2,NO_PERSONS_INJ_3,NO_PERSONS_KILLED,NO_PERSONS_NOT_INJ,POLICE_ATTEND,ROAD_GEOMETRY,ROAD_GEOMETRY_DESC,SEVERITY,SPEED_ZONE,NODE_ID_y,NODE_TYPE,AMG_X,AMG_Y,LG_AREA_NAME,REGION_NAME,DEG_URBAN_NAME,LATITUDE,LONGITUDE,POSTCODE
T20100033138,7/8/10,06.35.00,3,Struck animal,7,Saturday,167,STRUCK ANIMAL                        ,VCS,9,22,G,8.0,5,Dark No street lights,235921,1,1,1,0,0,0,2,5,Not at intersection,2,100,235921.0,N,2529937.369,2618521.205,MOIRA,NORTH EASTERN REGION,RURAL_VICTORIA,-35.93136,145.33174,3637.0
T20100033831,22/8/10,16.45.00,3,Struck animal,1,Sunday,167,STRUCK ANIMAL                        ,MEL,40,17,A,11.0,1,Day,235850,1,1,0,1,0,0,1,5,Not at intersection,3,60,235850.0,N,2494077.983,2418140.298,MORELAND,METROPOLITAN NORTH WEST REGION,MELB_URBAN,-37.73765,144.93281000000002,3044.0
T20100033861,23/8/10,03.15.00,3,Struck animal,2,Monday,167,STRUCK ANIMAL                        ,VCS,9,98,H,3.0,5,Dark No street lights,235861,1,2,0,1,0,1,1,5,Not at intersection,3,100,235861.0,N,2674947.009,2377806.954,WELLINGTON,EASTERN REGION,RURAL_VICTORIA,-38.08455,146.99421,3851.0
T20100034005,24/8/10,05.45.00,3,Struck animal,3,Tuesday,167,STRUCK ANIMAL                        ,MEL,40,380,B,1.0,5,Dark No street lights,236033,1,1,0,1,0,0,1,5,Not at intersection,3,100,236033.0,N,2527553.975,2443966.646,MURRINDINDI,NORTH EASTERN REGION,RURAL_VICTORIA,-37.50455,145.31166000000002,3757.0
T20100034248,25/8/10,17.34.00,3,Struck animal,4,Wednesday,167,STRUCK ANIMAL                        ,,,,,,2,Dusk/Dawn,-3,1,1,0,1,0,0,2,5,Not at intersection,3,100,,,,,,,,,,
T20100034579,27/8/10,19.45.00,3,Struck animal,6,Friday,167,STRUCK ANIMAL                        ,VCS,9,97,D,8.0,5,Dark No street lights,236156,1,1,0,1,0,0,1,2,T intersection,3,100,236156.0,I,2599733.077,2344873.742,SOUTH GIPPSLAND,EASTERN REGION,RURAL_VICTORIA,-38.392340000000004,146.14146000000002,3871.0
T20100035506,3/9/10,12.00.00,3,Struck animal,6,Friday,171,LEFT OFF CARRIAGEWAY INTO OBJECT/PARKED VEHICLE       ,VCS,9,30,D,3.0,1,Day,243321,1,1,1,0,0,0,1,5,Not at intersection,2,100,243321.0,N,2425811.143,2598389.875,LODDON,NORTHERN REGION,RURAL_VICTORIA,-36.11037,144.17598999999998,3575.0
T20100035539,3/9/10,18.15.00,3,Struck animal,6,Friday,167,STRUCK ANIMAL                        ,VCS,9,93,B,5.0,5,Dark No street lights,236308,2,3,0,3,0,0,1,5,Not at intersection,3,100,236308.0,N,2417964.048,2363999.846,SURF COAST,SOUTH WESTERN REGION,RURAL_VICTORIA,-38.2218,144.06322,3240.0
T20100036130,7/9/10,19.35.00,3,Struck animal,3,Tuesday,167,STRUCK ANIMAL                        ,VCS,9,46,E,3.0,5,Dark No street lights,236620,1,3,1,1,0,1,1,5,Not at intersection,2,80,236620.0,N,2520539.493,2542617.351,SHEPPARTON,NORTH EASTERN REGION,SMALL_TOWNS,-36.61569,145.22963000000001,3610.0
T20100036153,7/9/10,22.30.00,3,Struck animal,3,Tuesday,167,STRUCK ANIMAL                        ,VCS,9,571,M,2.0,5,Dark No street lights,236449,1,2,0,2,0,0,1,5,Not at intersection,3,100,236449.0,N,2393598.007,2433890.861,BALLARAT,WESTERN REGION,LARGE_PROVINCIAL_CITIES,-37.58968,143.79511000000002,3356.0
T20100036286,9/9/10,04.35.00,3,Struck animal,5,Thursday,167,STRUCK ANIMAL                        ,MEL,40,353,K,10.0,5,Dark No street lights,112034,1,1,0,1,0,0,1,5,Not at intersection,3,80,112034.0,N,2474281.274,2423559.81,MELTON,METROPOLITAN NORTH WEST REGION,RURAL_VICTORIA,-37.68848,144.70838999999998,3335.0
T20100036446,29/8/10,13.00.00,3,Struck animal,1,Sunday,167,STRUCK ANIMAL                        ,,,,,,1,Day,-3,1,1,0,1,0,0,2,5,Not at intersection,3,999,,,,,,,,,,
T20100037571,12/9/10,15.00.00,3,Struck animal,1,Sunday,167,STRUCK ANIMAL                        ,VCS,9,429,C,4.0,1,Day,45443,1,1,0,1,0,0,2,1,Cross intersection,3,80,45443.0,I,2536950.505,2441499.603,MURRINDINDI,NORTH EASTERN REGION,RURAL_VICTORIA,-37.52645,145.41807,3777.0
T20100037704,17/9/10,18.40.00,3,Struck animal,6,Friday,167,STRUCK ANIMAL                        ,VCS,9,33,C,3.0,5,Dark No street lights,236609,1,1,0,1,0,0,1,5,Not at intersection,3,100,236609.0,N,2561889.577,2602981.627,MOIRA,NORTH EASTERN REGION,RURAL_VICTORIA,-36.06987,145.68704,3649.0
T20100038790,28/9/10,10.15.00,3,Struck animal,3,Tuesday,167,STRUCK ANIMAL                        ,VCS,9,90,G,7.0,1,Day,236991,1,1,0,1,0,0,1,5,Not at intersection,3,100,236991.0,N,2318072.255,2348319.992,CORANGAMITE,SOUTH WESTERN REGION,RURAL_VICTORIA,-38.34877,142.9189,3265.0
T20100039121,30/9/10,16.10.00,3,Struck animal,5,Thursday,167,STRUCK ANIMAL                        ,VCS,9,32,C,8.0,1,Day,236972,1,1,0,1,0,0,1,5,Not at intersection,3,100,236972.0,N,2507738.344,2564689.028,SHEPPARTON,NORTH EASTERN REGION,RURAL_VICTORIA,-36.416959999999996,145.08629,3616.0
T20100039570,4/10/10,06.50.00,3,Struck animal,2,Monday,167,STRUCK ANIMAL                        ,VCS,9,57,H,8.0,2,Dusk/Dawn,237161,1,2,0,1,0,1,1,5,Not at intersection,3,100,237161.0,N,2359454.728,2450479.747,PYRENEES,WESTERN REGION,RURAL_VICTORIA,-37.4357,143.41167,3373.0
T20100039599,2/10/10,19.00.00,3,Struck animal,7,Saturday,167,STRUCK ANIMAL                        ,VCS,9,44,G,9.0,2,Dusk/Dawn,237167,1,1,0,1,0,0,2,5,Not at intersection,3,100,237167.0,N,2441147.855,2505364.664,MOUNT ALEXANDER,NORTHERN REGION,RURAL_VICTORIA,-36.94981,144.33916000000002,3448.0
T20100039873,6/10/10,05.30.00,3,Struck animal,4,Wednesday,167,STRUCK ANIMAL                        ,MEL,40,356,E,7.0,5,Dark No street lights,237078,1,1,0,1,0,0,1,5,Not at intersection,3,80,237078.0,N,2476049.447,2419948.737,MELTON,METROPOLITAN NORTH WEST REGION,RURAL_VICTORIA,-37.721070000000005,144.72832,3335.0
T20100040203,8/10/10,01.10.00,3,Struck animal,6,Friday,167,STRUCK ANIMAL                        ,MEL,40,351,K,1.0,5,Dark No street lights,261971,1,1,0,1,0,0,1,5,Not at intersection,3,110,261971.0,N,2474347.569,2431810.328,MELTON,METROPOLITAN NORTH WEST REGION,RURAL_VICTORIA,-37.61414,144.70943,3427.0
T20100040203,8/10/10,01.10.00,3,Struck animal,6,Friday,167,STRUCK ANIMAL                        ,MEL,40,351,K,1.0,5,Dark No street lights,261971,1,1,0,1,0,0,1,5,Not at intersection,3,110,261971.0,N,2474347.569,2431810.328,MELTON,METROPOLITAN NORTH WEST REGION,TOWNS,-37.61414,144.70943,3427.0
T20100040337,8/10/10,20.30.00,3,Struck animal,6,Friday,167,STRUCK ANIMAL                        ,VCS,9,43,F,8.0,5,Dark No street lights,237315,1,1,0,1,0,0,1,5,Not at intersection,3,100,237315.0,N,2396743.375,2509292.501,CENTRAL GOLDFIELDS,WESTERN REGION,RURAL_VICTORIA,-36.91059,143.84112,3472.0
T20100042059,17/10/10,11.45.00,3,Struck animal,1,Sunday,167,STRUCK ANIMAL                        ,VCS,9,17,H,3.0,1,Day,237466,1,1,1,0,0,0,2,5,Not at intersection,2,999,237466.0,N,2264364.406,2655941.119,YARRIAMBIACK,WESTERN REGION,RURAL_VICTORIA,-35.56561,142.40085,3396.0
T20100042298,21/10/10,18.28.00,3,Struck animal,5,Thursday,167,STRUCK ANIMAL                        ,MEL,40,53,F,8.0,3,Dark Street lights on,237483,1,2,0,1,0,1,1,5,Not at intersection,3,50,237483.0,N,2480368.62,2404873.103,HOBSONS BAY,METROPOLITAN NORTH WEST REGION,MELB_URBAN,-37.857,144.77691000000002,3028.0
T20100042608,23/10/10,20.45.00,3,Struck animal,7,Saturday,167,STRUCK ANIMAL                        ,VCS,9,31,G,9.0,5,Dark No street lights,237599,1,1,0,1,0,0,1,5,Not at intersection,3,100,237599.0,N,2493161.125,2560362.151,CAMPASPE,NORTHERN REGION,RURAL_VICTORIA,-36.45596,144.9237,3623.0
T20100042994,20/10/10,11.20.00,3,Struck animal,4,Wednesday,167,STRUCK ANIMAL                        ,VCS,9,633,P,6.0,1,Day,237564,1,1,0,1,0,0,2,5,Not at intersection,3,60,237564.0,N,2458152.11,2459658.132,MACEDON RANGES,NORTHERN REGION,TOWNS,-37.36262,144.52754,3442.0
T20100043558,30/10/10,08.00.00,3,Struck animal,7,Saturday,167,STRUCK ANIMAL                        ,VCS,9,93,D,7.0,1,Day,237725,1,2,2,0,0,0,1,5,Not at intersection,2,100,237725.0,N,2428367.968,2350370.562,SURF COAST,SOUTH WESTERN REGION,RURAL_VICTORIA,-38.34543,144.18068,3230.0
T20100043724,27/10/10,21.20.00,3,Struck animal,4,Wednesday,167,STRUCK ANIMAL                        ,MEL,40,30,B,10.0,3,Dark Street lights on,237757,1,1,0,1,0,0,2,5,Not at intersection,3,50,237757.0,N,2498630.166,2413582.842,YARRA,METROPOLITAN NORTH WEST REGION,MELB_URBAN,-37.778729999999996,144.98445,3068.0
T20100043858,14/10/10,02.00.00,3,Struck animal,5,Thursday,167,STRUCK ANIMAL                        ,VCS,9,32,J,7,5,Dark No street lights,237844,1,1,0,1,0,0,2,2,T intersection,3,100,237844.0,I,2541472.343,2573898.161,SHEPPARTON,NORTH EASTERN REGION,RURAL_VICTORIA,-36.333090000000006,145.46196,3631.0
T20100044257,1/11/10,07.00.00,3,Struck animal,2,Monday,167,STRUCK ANIMAL                        ,VCS,9,45,E,7,2,Dusk/Dawn,237977,1,1,1,0,0,0,2,5,Not at intersection,2,100,237977.0,N,2478211.084,2516109.838,BENDIGO,NORTHERN REGION,RURAL_VICTORIA,-36.85456,144.75564,3523.0
T20100044506,5/11/10,05.30.00,3,Struck animal,6,Friday,167,STRUCK ANIMAL                        ,VCS,9,96,D,5,5,Dark No street lights,237762,2,3,3,0,0,0,1,2,T intersection,2,100,237762.0,I,2562081.105,2362329.53,CARDINIA,METROPOLITAN SOUTH EAST REGION,RURAL_VICTORIA,-38.2384,145.70906000000002,3981.0
T20100045819,15/11/10,06.30.00,3,Struck animal,2,Monday,167,STRUCK ANIMAL                        ,VCS,9,631,S,2,1,Day,237886,1,1,0,1,0,0,2,5,Not at intersection,3,80,237886.0,N,2441814.957,2484824.318,MOUNT ALEXANDER,NORTHERN REGION,RURAL_VICTORIA,-37.13496,144.34506000000002,3447.0
T20100046134,17/11/10,11.25.00,3,Struck animal,4,Wednesday,167,STRUCK ANIMAL                        ,VCS,9,62,D,8,1,Day,238346,1,1,1,0,0,0,1,5,Not at intersection,2,100,238346.0,N,2562227.992,2452067.043,MURRINDINDI,NORTH EASTERN REGION,RURAL_VICTORIA,-37.42989,145.70317,3711.0
T20100046253,2/11/10,20.30.00,3,Struck animal,3,Tuesday,167,STRUCK ANIMAL                        ,VCS,9,3,E,5,2,Dusk/Dawn,237974,1,1,0,1,0,0,2,5,Not at intersection,3,80,237974.0,N,2240920.52,2802953.616,MILDURA,WESTERN REGION,RURAL_VICTORIA,-34.235690000000005,142.19025,3498.0
T20100047134,24/11/10,00.10.00,3,Struck animal,4,Wednesday,167,STRUCK ANIMAL                        ,VCS,9,96,C,4,5,Dark No street lights,238289,1,1,0,1,0,0,1,5,Not at intersection,3,100,238289.0,N,2559107.818,2370836.058,CARDINIA,METROPOLITAN SOUTH EAST REGION,RURAL_VICTORIA,-38.161970000000004,145.67442,3815.0
T20100048384,1/12/10,21.45.00,3,Struck animal,4,Wednesday,167,STRUCK ANIMAL                        ,VCS,9,21,E,6,5,Dark No street lights,238425,2,2,1,0,0,1,1,5,Not at intersection,2,100,238425.0,N,2428716.727,2634268.745,GANNAWARRA,NORTHERN REGION,RURAL_VICTORIA,-35.78725,144.21156000000002,3568.0
T20100049801,11/12/10,09.55.00,3,Struck animal,7,Saturday,167,STRUCK ANIMAL                        ,MEL,40,92,K,9,1,Day,29724,2,2,0,1,0,1,2,2,T intersection,3,60,29724.0,I,2509556.542,2384673.786,KINGSTON,METROPOLITAN SOUTH EAST REGION,MELB_URBAN,-38.03914,145.10886000000002,3196.0
T20100050342,12/12/10,12.00.00,3,Struck animal,1,Sunday,167,STRUCK ANIMAL                        ,VCS,9,92,A,9,1,Day,238650,1,1,1,0,0,0,2,5,Not at intersection,2,80,238650.0,N,2372603.962,2338535.646,COLAC OTWAY,SOUTH WESTERN REGION,RURAL_VICTORIA,-38.446020000000004,143.54086,3249.0
T20100050373,15/12/10,06.45.00,3,Struck animal,4,Wednesday,167,STRUCK ANIMAL                        ,VCS,9,80,C,2,1,Day,238680,1,1,0,1,0,0,2,5,Not at intersection,3,100,238680.0,N,2559241.325,2441456.045,MURRINDINDI,NORTH EASTERN REGION,RURAL_VICTORIA,-37.5257,145.67027,3778.0
T20100051197,21/12/10,02.30.00,3,Struck animal,3,Tuesday,167,STRUCK ANIMAL                        ,VCS,9,20,G,6,5,Dark No street lights,238869,1,2,0,1,0,1,2,5,Not at intersection,3,100,238869.0,N,2403900.165,2634655.709,GANNAWARRA,NORTHERN REGION,RURAL_VICTORIA,-35.78159,143.93714,3579.0
T20100051310,21/12/10,08.37.00,3,Struck animal,3,Tuesday,167,STRUCK ANIMAL                        ,VCS,9,46,E,4,1,Day,238901,1,4,0,1,0,3,2,5,Not at intersection,3,100,238901.0,N,2517555.373,2536267.58,SHEPPARTON,NORTH EASTERN REGION,RURAL_VICTORIA,-36.672979999999995,145.19641000000001,3610.0
T20100051718,16/12/10,21.30.00,3,Struck animal,5,Thursday,167,STRUCK ANIMAL                        ,VCS,9,417,F,13,5,Dark No street lights,239860,1,1,0,1,0,0,2,5,Not at intersection,3,100,239860.0,N,2507371.405,2448966.244,WHITTLESEA,METROPOLITAN NORTH WEST REGION,RURAL_VICTORIA,-37.45987,145.08333000000002,3757.0
T20100051888,26/12/10,05.30.00,3,Struck animal,1,Sunday,167,STRUCK ANIMAL                        ,VCS,9,600,E,12,2,Dusk/Dawn,239025,1,1,0,1,0,0,1,5,Not at intersection,3,90,239025.0,N,2439290.945,2535064.779,BENDIGO,NORTHERN REGION,LARGE_PROVINCIAL_CITIES,-36.68203,144.32068,3551.0
T20100052406,30/12/10,22.45.00,3,Struck animal,5,Thursday,167,STRUCK ANIMAL                        ,VCS,9,90,E,3,5,Dark No street lights,242539,1,1,0,1,0,0,1,5,Not at intersection,3,100,242539.0,N,2305842.379,2378987.561,MOYNE,SOUTH WESTERN REGION,RURAL_VICTORIA,-38.07009,142.7872,3272.0
T20110000433,4/1/11,21.30.00,3,Struck animal,3,Tuesday,167,STRUCK ANIMAL                        ,VCS,9,62,E,5,5,Dark No street lights,239121,1,4,0,4,0,0,1,5,Not at intersection,3,100,239121.0,N,2568709.975,2472464.289,MURRINDINDI,NORTH EASTERN REGION,RURAL_VICTORIA,-37.24563,145.77454,3712.0
T20110000450,5/1/11,09.55.00,3,Struck animal,3,Wednesday,167,STRUCK ANIMAL                        ,,,,,,1,Day,-1,1,1,0,1,0,0,1,5,Not at intersection,3,100,,,,,,,,,,
T20110001982,16/1/11,11.15.00,3,Struck animal,1,Sunday,167,STRUCK ANIMAL                        ,VCS,9,83,G,7,1,Day,239434,1,1,0,1,0,0,1,5,Not at intersection,3,100,239434.0,N,2706581.874,2403176.507,EAST GIPPSLAND,EASTERN REGION,RURAL_VICTORIA,-37.849540000000005,147.34755,3864.0
T20110002002,4/1/11,13.00.00,3,Struck animal,3,Tuesday,167,STRUCK ANIMAL                        ,VCS,9,96,H,2,1,Day,239400,1,1,0,1,0,0,2,5,Not at intersection,3,60,239400.0,N,2586545.788,2386948.08,BAW BAW,EASTERN REGION,RURAL_VICTORIA,-38.01467,145.98556000000002,3831.0
T20110002487,28/12/10,16.00.00,3,Struck animal,3,Tuesday,167,STRUCK ANIMAL                        ,VCS,9,84,B,4,1,Day,240530,1,1,0,1,0,0,2,5,Not at intersection,3,60,240530.0,N,2729830.871,2423406.534,EAST GIPPSLAND,EASTERN REGION,RURAL_VICTORIA,-37.66188,147.60533,3875.0
T20110002499,19/1/11,22.35.00,3,Struck animal,4,Wednesday,167,STRUCK ANIMAL                        ,VCS,9,93,F,7,5,Dark No street lights,239540,1,1,0,1,0,0,1,5,Not at intersection,3,80,239540.0,N,2435816.504,2349227.755,SURF COAST,SOUTH WESTERN REGION,RURAL_VICTORIA,-38.35628,144.26577,3228.0
T20110004027,28/1/11,21.00.00,3,Struck animal,6,Friday,167,STRUCK ANIMAL                        ,,,,,,2,Dusk/Dawn,-3,1,1,0,1,0,0,2,5,Not at intersection,3,100,,,,,,,,,,
T20110005713,12/2/11,02.06.00,3,Struck animal,7,Saturday,167,STRUCK ANIMAL                        ,VCS,9,59,H,5,5,Dark No street lights,240623,1,1,0,1,0,0,2,2,T intersection,3,100,240623.0,N,2448067.478,2475923.956,MACEDON RANGES,NORTHERN REGION,RURAL_VICTORIA,-37.215540000000004,144.41482,3444.0
T20110005911,14/2/11,06.35.00,3,Struck animal,2,Monday,167,STRUCK ANIMAL                        ,VCS,9,98,H,8,1,Day,240751,1,1,0,1,0,0,2,5,Not at intersection,3,100,240751.0,N,2671977.376,2342615.04,WELLINGTON,EASTERN REGION,RURAL_VICTORIA,-38.40205,146.96866,3851.0
T20110005927,10/2/11,21.20.00,3,Struck animal,5,Thursday,167,STRUCK ANIMAL                        ,VCS,9,59,F,7,5,Dark No street lights,240493,2,4,0,1,0,3,2,5,Not at intersection,3,80,240493.0,N,2436414.959,2458943.841,HEPBURN,WESTERN REGION,RURAL_VICTORIA,-37.36783,144.28208,3458.0
T20110006234,16/2/11,06.40.00,3,Struck animal,4,Wednesday,167,STRUCK ANIMAL                        ,MEL,40,83,D,4,1,Day,242721,1,1,0,1,0,0,1,5,Not at intersection,3,80,242721.0,N,2526565.072,2396463.332,KNOX,METROPOLITAN SOUTH EAST REGION,RURAL_VICTORIA,-37.9326,145.30218,3156.0
T20110007111,19/2/11,22.30.00,3,Struck animal,7,Saturday,171,LEFT OFF CARRIAGEWAY INTO OBJECT/PARKED VEHICLE       ,MEL,40,138,F,2,5,Dark No street lights,243699,1,1,0,1,0,0,1,1,Cross intersection,3,100,243699.0,N,2527151.994,2373147.033,CASEY,METROPOLITAN SOUTH EAST REGION,SMALL_TOWNS,-38.14264,145.30972,3978.0
T20110007867,25/2/11,20.30.00,3,Struck animal,6,Friday,167,STRUCK ANIMAL                        ,MEL,40,731,G,4,1,Day,240640,1,1,1,0,0,0,2,5,Not at intersection,2,100,240640.0,N,2516818.357,2336169.594,BASS COAST,EASTERN REGION,RURAL_VICTORIA,-38.475970000000004,145.1927,3922.0
T20110007973,23/2/11,07.45.00,3,Struck animal,4,Wednesday,167,STRUCK ANIMAL                        ,VCS,9,3,C,6,1,Day,240658,1,1,0,1,0,0,2,5,Not at intersection,3,100,240658.0,N,2233636.386,2798348.736,MILDURA,WESTERN REGION,RURAL_VICTORIA,-34.27518,142.10978,3498.0
T20110008853,6/3/11,11.40.00,3,Struck animal,1,Sunday,167,STRUCK ANIMAL                        ,VCS,9,86,A,2,1,Day,243507,1,1,1,0,0,0,1,5,Not at intersection,2,100,243507.0,N,2811947.708,2435506.862,EAST GIPPSLAND,EASTERN REGION,RURAL_VICTORIA,-37.52906,148.53037,3888.0
T20110010179,12/3/11,20.37.00,3,Struck animal,7,Saturday,167,STRUCK ANIMAL                        ,VCS,9,34,H,2,5,Dark No street lights,267653,1,1,0,1,0,0,2,5,Not at intersection,3,80,267653.0,N,2627759.398,2605552.784,INDIGO,NORTH EASTERN REGION,RURAL_VICTORIA,-36.04013,146.41776000000002,3685.0
T20110011137,20/3/11,16.35.00,3,Struck animal,1,Sunday,167,STRUCK ANIMAL                        ,VCS,9,707,O,9,1,Day,241036,1,2,0,2,0,0,1,2,T intersection,3,60,241036.0,I,2567284.595,2376958.161,BAW BAW,EASTERN REGION,TOWNS,-38.10626,145.76715,3816.0
T20110011145,22/3/11,04.15.00,3,Struck animal,3,Tuesday,167,STRUCK ANIMAL                        ,VCS,9,59,C,8,5,Dark No street lights,241045,1,1,1,0,0,0,1,5,Not at intersection,2,80,241045.0,N,2422237.554,2456010.896,HEPBURN,WESTERN REGION,RURAL_VICTORIA,-37.393190000000004,144.12171,3461.0
T20110011469,20/3/11,15.00.00,3,Struck animal,1,Sunday,167,STRUCK ANIMAL                        ,VCS,9,89,H,7,1,Day,241948,1,1,0,1,0,0,2,5,Not at intersection,3,100,241948.0,N,2270611.332,2350446.401,MOYNE,SOUTH WESTERN REGION,RURAL_VICTORIA,-38.31906,142.3769,3282.0
T20110011697,24/3/11,17.30.00,3,Struck animal,5,Thursday,167,STRUCK ANIMAL                        ,VCS,9,72,C,9,1,Day,241344,1,1,0,1,0,0,1,5,Not at intersection,3,100,241344.0,N,2206411.977,2389647.32,GLENELG,SOUTH WESTERN REGION,RURAL_VICTORIA,-37.94797,141.65903,3303.0
T20110011743,24/3/11,19.20.00,3,Struck animal,5,Thursday,167,STRUCK ANIMAL                        ,VCS,9,97,E,6,2,Dusk/Dawn,241354,1,1,1,0,0,0,1,5,Not at intersection,2,100,241354.0,N,2609085.939,2356317.269,BAW BAW,EASTERN REGION,RURAL_VICTORIA,-38.28821,146.24678,3824.0
T20110012542,31/3/11,00.15.00,3,Struck animal,5,Thursday,167,STRUCK ANIMAL                        ,VCS,9,510,D,11,3,Dark Street lights on,241476,1,1,0,1,0,0,2,5,Not at intersection,3,60,241476.0,N,2269781.366,2351870.989,MOYNE,SOUTH WESTERN REGION,TOWNS,-38.30603,142.36786,3282.0
T20110012633,20/11/10,10.00.00,3,Struck animal,7,Saturday,167,STRUCK ANIMAL                        ,VCS,9,63,E,3,1,Day,241383,1,1,0,1,0,0,2,5,Not at intersection,3,100,241383.0,N,2610824.242,2489694.338,MANSFIELD,NORTH EASTERN REGION,RURAL_VICTORIA,-37.08634,146.24669,3723.0
T20110013514,28/2/11,10.00.00,3,Struck animal,2,Monday,167,STRUCK ANIMAL                        ,VCS,9,435,J,13,1,Day,243435,1,1,1,0,0,0,2,5,Not at intersection,2,60,243435.0,N,2454732.673,2400953.578,WYNDHAM,METROPOLITAN NORTH WEST REGION,RURAL_VICTORIA,-37.891420000000004,144.48536000000001,3211.0
T20110013750,7/4/11,18.45.00,3,Struck animal,5,Thursday,167,STRUCK ANIMAL                        ,VCS,9,60,E,5,5,Dark No street lights,241540,1,4,0,1,0,3,1,5,Not at intersection,3,100,241540.0,N,2481300.653,2476672.558,MITCHELL,NORTHERN REGION,RURAL_VICTORIA,-37.21004,144.78931,3435.0
T20110014214,10/4/11,13.30.00,3,Struck animal,1,Sunday,167,STRUCK ANIMAL                        ,VCS,9,57,C,5,1,Day,241878,1,1,1,0,0,0,1,5,Not at intersection,2,100,241878.0,N,2332958.816,2471799.047,ARARAT,WESTERN REGION,RURAL_VICTORIA,-37.239259999999994,143.11706999999998,3377.0
T20110014605,12/4/11,19.15.00,3,Struck animal,3,Tuesday,167,STRUCK ANIMAL                        ,VCS,9,98,F,2,5,Dark No street lights,241839,1,1,1,0,0,0,1,5,Not at intersection,2,100,241839.0,N,2662757.997,2387431.053,WELLINGTON,EASTERN REGION,RURAL_VICTORIA,-38.00008,146.85317,3858.0
T20110014797,8/3/11,13.30.00,3,Struck animal,3,Tuesday,167,STRUCK ANIMAL                        ,VCS,9,48,H,3,1,Day,241961,1,1,0,1,0,0,2,5,Not at intersection,3,100,241961.0,N,2627874.33,2542970.399,WANGARATTA,NORTH EASTERN REGION,RURAL_VICTORIA,-36.604079999999996,146.42946,3732.0
T20110015578,18/4/11,20.00.00,3,Struck animal,2,Monday,167,STRUCK ANIMAL                        ,VCS,9,75,F,4,5,Dark No street lights,241672,1,2,0,2,0,0,1,5,Not at intersection,3,100,241672.0,N,2347140.395,2429052.199,PYRENEES,WESTERN REGION,RURAL_VICTORIA,-37.62682,143.26813,3361.0
T20110015788,17/4/11,20.00.00,3,Struck animal,1,Sunday,167,STRUCK ANIMAL                        ,VCS,9,32,G,3,5,Dark No street lights,241653,1,3,1,0,0,2,1,2,T intersection,2,100,241653.0,I,2533148.967,2602658.707,MOIRA,NORTH EASTERN REGION,RURAL_VICTORIA,-36.07421,145.36801,3636.0
T20110016692,27/4/11,15.50.00,3,Struck animal,4,Wednesday,167,STRUCK ANIMAL                        ,VCS,9,62,A,3,1,Day,241939,1,1,0,1,0,0,2,2,T intersection,3,999,241939.0,I,2546739.059,2486064.516,MURRINDINDI,NORTH EASTERN REGION,RURAL_VICTORIA,-37.12442,145.52603,3718.0
T20110017653,4/5/11,06.30.00,3,Struck animal,4,Wednesday,167,STRUCK ANIMAL                        ,VCS,9,72,F,3,5,Dark No street lights,245426,1,1,0,1,0,0,1,5,Not at intersection,3,100,245426.0,N,2218727.612,2430374.483,SOUTHERN GRAMPIANS,SOUTH WESTERN REGION,RURAL_VICTORIA,-37.585029999999996,141.81457,3315.0
T20110018344,8/5/11,19.45.00,3,Struck animal,1,Sunday,167,STRUCK ANIMAL                        ,VCS,9,58,F,8,5,Dark No street lights,242668,1,1,1,0,0,0,1,5,Not at intersection,2,100,242668.0,N,2398048.354,2454284.629,BALLARAT,WESTERN REGION,RURAL_VICTORIA,-37.406420000000004,143.84829,3363.0
T20110019552,15/5/11,18.05.00,3,Struck animal,1,Sunday,167,STRUCK ANIMAL                        ,VCS,9,58,B,5,5,Dark No street lights,242181,1,1,0,0,1,0,1,5,Not at intersection,1,100,242181.0,N,2377176.467,2473517.577,PYRENEES,WESTERN REGION,RURAL_VICTORIA,-37.23061,143.6157,3371.0
T20110019600,6/4/11,17.30.00,3,Struck animal,4,Wednesday,167,STRUCK ANIMAL                        ,VCS,9,39,F,6,1,Day,242372,1,1,0,1,0,0,2,5,Not at intersection,3,50,242372.0,N,2217656.104,2521437.35,HORSHAM,WESTERN REGION,RURAL_VICTORIA,-36.764520000000005,141.8367,3409.0
T20110019606,15/5/11,20.55.00,3,Struck animal,1,Sunday,167,STRUCK ANIMAL                        ,VCS,9,31,C,7,5,Dark No street lights,242290,1,2,0,1,0,1,2,5,Not at intersection,3,100,242290.0,N,2471754.737,2575884.585,CAMPASPE,NORTHERN REGION,RURAL_VICTORIA,-36.315670000000004,144.68545,3561.0
T20110019968,18/5/11,17.45.00,3,Struck animal,4,Wednesday,167,STRUCK ANIMAL                        ,VCS,9,96,F,5,5,Dark No street lights,242677,1,2,1,1,0,0,2,5,Not at intersection,2,100,242677.0,N,2573844.289,2365052.819,BAW BAW,EASTERN REGION,RURAL_VICTORIA,-38.21301,145.84313999999998,3818.0