ACCIDENT_NO,ACCIDENT_DATE,ACCIDENT_TIME,ACCIDENT_TYPE,ACCIDENT_TYPE_DESC,DAY_OF_WEEK,DAY_WEEK_DESC,DCA_CODE,DCA_DESC,DIRECTORY,EDITION,PAGE,GRID_REFERENCE_X,GRID_REFERENCE_Y,LIGHT_CONDITION,LIGHT_CONDITION_DESC,NODE_ID_x,NO_OF_VEHICLES,NO_PERSONS,NO_PERSONS_INJ_2,NO_PERSONS_INJ_3,NO_PERSONS_KILLED,NO_PERSONS_NOT_INJ,POLICE_ATTEND,ROAD_GEOMETRY,ROAD_GEOMETRY_DESC,SEVERITY,SPEED_ZONE,NODE_ID_y,NODE_TYPE,AMG_X,AMG_Y,LG_AREA_NAME,REGION_NAME,DEG_URBAN_NAME,LATITUDE,LONGITUDE,POSTCODE
T20110020264,20/5/11,20.10.00,3,Struck animal,6,Friday,167,STRUCK ANIMAL                        ,VCS,9,36,B,9,5,Dark No street lights,246085,1,1,0,1,0,0,1,5,Not at intersection,3,80,246085.0,N,2680756.862,2556835.916,ALPINE,NORTH EASTERN REGION,RURAL_VICTORIA,-36.47051,147.01718,3691.0
T20110020502,22/5/11,16.00.00,3,Struck animal,1,Sunday,167,STRUCK ANIMAL                        ,MEL,40,272,C,3,1,Day,242713,1,1,1,0,0,0,2,5,Not at intersection,2,999,242713.0,N,2522402.408,2426432.87,NILLUMBIK,METROPOLITAN NORTH WEST REGION,RURAL_VICTORIA,-37.66268,145.25392,3759.0
T20110021317,27/5/11,19.05.00,3,Struck animal,6,Friday,167,STRUCK ANIMAL                        ,VCS,9,89,H,7,5,Dark No street lights,242864,1,1,1,0,0,0,1,5,Not at intersection,2,100,242864.0,N,2271282.619,2349460.309,MOYNE,SOUTH WESTERN REGION,RURAL_VICTORIA,-38.328109999999995,142.38426,3282.0
T20110022135,2/6/11,06.41.00,3,Struck animal,5,Thursday,167,STRUCK ANIMAL                        ,VCS,9,44,G,7,5,Dark No street lights,243315,1,1,1,0,0,0,1,5,Not at intersection,2,100,243315.0,N,2442508.561,2516038.836,BENDIGO,NORTHERN REGION,RURAL_VICTORIA,-36.8537,144.35525,3551.0
T20110022672,5/6/11,00.20.00,3,Struck animal,1,Sunday,167,STRUCK ANIMAL                        ,VCS,9,35,H,4,5,Dark No street lights,245066,1,3,0,1,0,2,1,5,Not at intersection,3,100,245066.0,N,2676707.107,2594085.171,WODONGA,NORTH EASTERN REGION,RURAL_VICTORIA,-36.13563,146.96343000000002,3691.0
T20110023216,8/6/11,18.40.00,3,Struck animal,4,Wednesday,167,STRUCK ANIMAL                        ,VCS,9,90,F,8,5,Dark No street lights,243340,1,1,1,0,0,0,1,5,Not at intersection,2,100,243340.0,N,2311451.258,2343841.322,MOYNE,SOUTH WESTERN REGION,RURAL_VICTORIA,-38.38777,142.84202,3265.0
T20110023633,11/6/11,06.15.00,3,Struck animal,7,Saturday,167,STRUCK ANIMAL                        ,MEL,40,75,F,1,5,Dark No street lights,243514,1,1,1,0,0,0,1,5,Not at intersection,2,60,243514.0,N,2531101.736,2402574.393,YARRA RANGES,METROPOLITAN SOUTH EAST REGION,MELB_URBAN,-37.8774,145.35353,3789.0
T20110023674,11/6/11,19.00.00,3,Struck animal,7,Saturday,167,STRUCK ANIMAL                        ,VCS,9,562,K,11,5,Dark No street lights,243149,1,2,0,1,0,1,2,5,Not at intersection,3,70,243149.0,N,2402006.847,2441357.088,BALLARAT,WESTERN REGION,RURAL_VICTORIA,-37.52333,143.89131,3352.0
T20110024330,7/6/11,15.30.00,3,Struck animal,3,Tuesday,167,STRUCK ANIMAL                        ,VCS,9,417,B,4,1,Day,243222,1,1,0,1,0,0,2,5,Not at intersection,3,999,243222.0,N,2498205.185,2467928.595,MITCHELL,NORTHERN REGION,RURAL_VICTORIA,-37.28902,144.97976,3764.0
T20110024432,17/6/11,20.20.00,3,Struck animal,6,Friday,167,STRUCK ANIMAL                        ,VCS,9,33,G,8,5,Dark No street lights,243243,1,1,0,1,0,0,2,5,Not at intersection,3,100,243243.0,N,2579757.994,2563744.019,BENALLA,NORTH EASTERN REGION,RURAL_VICTORIA,-36.42215,145.88946,3673.0
T20110024547,17/6/11,18.00.00,3,Struck animal,6,Friday,167,STRUCK ANIMAL                        ,VCS,9,45,E,9,5,Dark No street lights,243256,1,1,0,1,0,0,2,5,Not at intersection,3,100,243256.0,N,2479946.375,2500942.717,MITCHELL,NORTHERN REGION,RURAL_VICTORIA,-36.99129,144.7747,3522.0
T20110024852,14/6/11,19.20.00,3,Struck animal,3,Tuesday,167,STRUCK ANIMAL                        ,VCS,9,76,D,3,5,Dark No street lights,245211,1,1,0,1,0,0,2,5,Not at intersection,3,999,245211.0,N,2386062.538,2433439.403,GOLDEN PLAINS,SOUTH WESTERN REGION,RURAL_VICTORIA,-37.592859999999995,143.70972,3351.0
T20110024880,20/6/11,18.00.00,3,Struck animal,2,Monday,167,STRUCK ANIMAL                        ,VCS,9,88,A,7,5,Dark No street lights,243360,1,2,2,0,0,0,1,5,Not at intersection,2,110,243360.0,N,2199426.384,2345633.371,GLENELG,SOUTH WESTERN REGION,RURAL_VICTORIA,-38.34198,141.56152,3305.0
T20110026437,2/7/11,04.15.00,3,Struck animal,7,Saturday,167,STRUCK ANIMAL                        ,VCS,9,96,B,7,5,Dark No street lights,244563,1,2,0,2,0,0,1,5,Not at intersection,3,100,244563.0,N,2552284.956,2352131.778,BASS COAST,EASTERN REGION,RURAL_VICTORIA,-38.330870000000004,145.59791,3984.0
T20110026489,3/7/11,15.15.00,3,Struck animal,1,Sunday,167,STRUCK ANIMAL                        ,VCS,9,57,H,3,1,Day,243789,1,1,1,0,0,0,2,5,Not at intersection,2,80,243789.0,N,2355792.583,2488948.963,PYRENEES,WESTERN REGION,RURAL_VICTORIA,-37.08852,143.3777,3478.0
T20110026552,26/6/11,21.30.00,3,Struck animal,1,Sunday,167,STRUCK ANIMAL                        ,VCS,9,32,G,8,5,Dark No street lights,225497,1,1,0,1,0,0,2,5,Not at intersection,3,80,225497.0,N,2533070.177,2562540.28,SHEPPARTON,NORTH EASTERN REGION,SMALL_CITIES,-36.43578,145.36886,3631.0
T20110026877,8/7/11,06.15.00,3,Struck animal,6,Friday,167,STRUCK ANIMAL                        ,VCS,9,23,C,9,5,Dark No street lights,246351,1,2,0,2,0,0,1,5,Not at intersection,3,100,246351.0,N,2556922.269,2612027.934,MOIRA,NORTH EASTERN REGION,RURAL_VICTORIA,-35.98865,145.63123000000002,3644.0
T20110027721,19/7/11,01.20.00,3,Struck animal,3,Tuesday,167,STRUCK ANIMAL                        ,VCS,9,98,F,3,5,Dark No street lights,245600,2,2,0,1,1,0,1,5,Not at intersection,1,100,245600.0,N,2664039.589,2379040.68,WELLINGTON,EASTERN REGION,RURAL_VICTORIA,-38.07543,146.86963,3847.0
T20110028425,27/7/11,03.05.00,3,Struck animal,4,Wednesday,167,STRUCK ANIMAL                        ,VCS,9,92,C,5,5,Dark No street lights,244196,1,1,0,1,0,0,2,5,Not at intersection,3,100,244196.0,N,2384443.412,2361105.001,COLAC OTWAY,SOUTH WESTERN REGION,RURAL_VICTORIA,-38.2443,143.68003000000002,3249.0
T20110028823,31/7/11,09.30.00,3,Struck animal,1,Sunday,167,STRUCK ANIMAL                        ,MEL,40,67,D,3,1,Day,244759,1,1,0,1,0,0,2,5,Not at intersection,3,60,244759.0,N,2499298.721,2401840.614,BAYSIDE,METROPOLITAN NORTH WEST REGION,MELB_URBAN,-37.88453,144.99203,3186.0
T20110028866,1/8/11,05.20.00,3,Struck animal,2,Monday,167,STRUCK ANIMAL                        ,VCS,9,96,D,7,5,Dark No street lights,244622,1,1,0,1,0,0,1,5,Not at intersection,3,100,244622.0,N,2564626.62,2349115.757,SOUTH GIPPSLAND,EASTERN REGION,RURAL_VICTORIA,-38.35725,145.73931000000002,3945.0
T20110028935,1/8/11,15.30.00,3,Struck animal,2,Monday,167,STRUCK ANIMAL                        ,VCS,9,712,E,2,1,Day,244829,1,1,0,1,0,0,2,5,Not at intersection,3,50,244829.0,N,2562604.949,2319063.6,BASS COAST,EASTERN REGION,TOWNS,-38.62806,145.71878,3996.0
T20110029087,4/8/11,01.00.00,3,Struck animal,5,Thursday,167,STRUCK ANIMAL                        ,VCS,9,58,B,9,5,Dark No street lights,244470,1,2,2,0,0,0,1,5,Not at intersection,2,100,244470.0,N,2375021.977,2447369.934,PYRENEES,WESTERN REGION,RURAL_VICTORIA,-37.46593,143.58705,3352.0
T20110029096,4/8/11,06.45.00,3,Struck animal,5,Thursday,167,STRUCK ANIMAL                        ,MEL,40,481,E,10,2,Dusk/Dawn,244307,1,1,1,0,0,0,1,5,Not at intersection,2,100,244307.0,N,2449018.851,2360167.646,GEELONG,SOUTH WESTERN REGION,RURAL_VICTORIA,-38.258559999999996,144.41756,3227.0
T20110029297,30/7/11,07.15.00,3,Struck animal,7,Saturday,167,STRUCK ANIMAL                        ,VCS,9,56,D,2,5,Dark No street lights,244936,1,2,0,1,0,1,2,9,Unknown,3,100,244936.0,N,2298316.568,2492619.005,NORTHERN GRAMPIANS,WESTERN REGION,RURAL_VICTORIA,-37.04487,142.7323,3385.0
T20110029438,7/8/11,23.15.00,3,Struck animal,1,Sunday,167,STRUCK ANIMAL                        ,MEL,40,319,G,6,5,Dark No street lights,244719,2,2,0,1,0,1,1,5,Not at intersection,3,100,244719.0,N,2550928.593,2381111.47,CARDINIA,METROPOLITAN SOUTH EAST REGION,RURAL_VICTORIA,-38.06989,145.58038,3812.0
T20110029546,8/8/11,18.30.00,3,Struck animal,2,Monday,167,STRUCK ANIMAL                        ,VCS,9,43,B,2,5,Dark No street lights,244406,1,1,1,0,0,0,1,5,Not at intersection,2,100,244406.0,N,2375429.448,2552007.822,LODDON,NORTHERN REGION,RURAL_VICTORIA,-36.52308,143.60894,3518.0
T20110029648,10/8/11,08.45.00,3,Struck animal,4,Wednesday,167,STRUCK ANIMAL                        ,VCS,9,25,F,2,1,Day,244361,1,1,1,0,0,0,2,5,Not at intersection,2,100,244361.0,N,2216432.557,2600630.926,HINDMARSH,WESTERN REGION,RURAL_VICTORIA,-36.05081,141.85233,3423.0
T20110030013,14/8/11,16.25.00,3,Struck animal,1,Sunday,167,STRUCK ANIMAL                        ,VCS,9,47,B,7,1,Day,244381,1,1,0,1,0,0,1,5,Not at intersection,3,100,244381.0,N,2550486.63,2518883.908,STRATHBOGIE,NORTH EASTERN REGION,RURAL_VICTORIA,-36.82846,145.56601,3666.0
T20110030470,19/8/11,19.45.00,3,Struck animal,6,Friday,167,STRUCK ANIMAL                        ,VCS,9,102,J,2,5,Dark No street lights,244660,1,20,1,0,0,19,1,5,Not at intersection,2,100,244660.0,N,2583047.541,2332840.323,SOUTH GIPPSLAND,EASTERN REGION,RURAL_VICTORIA,-38.50237,145.95189,3953.0
T20110030568,7/7/11,20.34.00,3,Struck animal,5,Thursday,167,STRUCK ANIMAL                        ,VCS,9,32,H,6,5,Dark No street lights,244542,1,1,1,0,0,0,1,2,T intersection,2,100,244542.0,I,2538801.334,2582149.224,SHEPPARTON,NORTH EASTERN REGION,RURAL_VICTORIA,-36.25884,145.43178999999998,3634.0
T20110030618,21/8/11,18.40.00,3,Struck animal,1,Sunday,167,STRUCK ANIMAL                        ,VCS,9,44,F,9,5,Dark No street lights,244547,1,1,0,1,0,0,1,5,Not at intersection,3,100,244547.0,N,2434076.043,2503539.863,MOUNT ALEXANDER,NORTHERN REGION,RURAL_VICTORIA,-36.965790000000005,144.25959,3453.0
T20110031267,25/8/11,15.30.00,3,Struck animal,5,Thursday,167,STRUCK ANIMAL                        ,VCS,9,76,B,5,1,Day,245134,1,1,0,1,0,0,2,5,Not at intersection,3,100,245134.0,N,2374568.83,2419747.101,GOLDEN PLAINS,SOUTH WESTERN REGION,RURAL_VICTORIA,-37.71475,143.57726,3360.0
T20110031515,1/9/11,17.50.00,3,Struck animal,5,Thursday,167,STRUCK ANIMAL                        ,MEL,40,63,D,5,2,Dusk/Dawn,245017,1,1,0,1,0,0,1,5,Not at intersection,3,80,245017.0,N,2518674.581,2406145.616,KNOX,METROPOLITAN SOUTH EAST REGION,MELB_URBAN,-37.84556,145.21218000000002,3152.0
T20110031814,22/8/11,06.00.00,3,Struck animal,2,Monday,167,STRUCK ANIMAL                        ,MEL,40,685,E,12,5,Dark No street lights,245115,1,1,0,1,0,0,2,5,Not at intersection,3,110,245115.0,N,2495584.209,2443392.338,MITCHELL,NORTHERN REGION,RURAL_VICTORIA,-37.51012,144.95005,3753.0
T20110032067,30/8/11,16.00.00,3,Struck animal,3,Tuesday,167,STRUCK ANIMAL                        ,VCS,9,98,A,8,2,Dusk/Dawn,245186,1,1,0,1,0,0,2,5,Not at intersection,3,100,245186.0,N,2634304.403,2340171.093,LATROBE,EASTERN REGION,RURAL_VICTORIA,-38.43031,146.53795,3971.0
T20110032432,12/9/11,06.05.00,3,Struck animal,2,Monday,167,STRUCK ANIMAL                        ,VCS,9,61,C,2,2,Dusk/Dawn,245228,1,3,0,1,0,2,1,5,Not at intersection,3,110,245228.0,N,2508892.185,2497274.498,MITCHELL,NORTHERN REGION,RURAL_VICTORIA,-37.02452,145.09995,3660.0
T20110032495,12/9/11,18.00.00,3,Struck animal,2,Monday,167,STRUCK ANIMAL                        ,VCS,9,59,D,9,2,Dusk/Dawn,246220,1,1,0,1,0,0,2,5,Not at intersection,3,100,246220.0,N,2423064.076,2444906.285,MOORABOOL,WESTERN REGION,RURAL_VICTORIA,-37.493320000000004,144.1299,3352.0
T20110032716,15/9/11,23.20.00,3,Struck animal,5,Thursday,167,STRUCK ANIMAL                        ,VCS,9,36,B,7,5,Dark No street lights,245331,1,1,0,1,0,0,1,5,Not at intersection,3,100,245331.0,N,2684696.897,2573889.296,INDIGO,NORTH EASTERN REGION,RURAL_VICTORIA,-36.31609,147.05703,3691.0
T20110032807,13/9/11,05.10.00,3,Struck animal,3,Tuesday,167,STRUCK ANIMAL                        ,VCS,9,60,G,4,2,Dusk/Dawn,245470,1,1,0,1,0,0,2,5,Not at intersection,3,100,245470.0,N,2490517.382,2479605.623,MITCHELL,NORTHERN REGION,RURAL_VICTORIA,-37.18375,144.89319,3764.0
T20110032869,17/9/11,23.30.00,3,Struck animal,7,Saturday,167,STRUCK ANIMAL                        ,VCS,9,44,F,9,5,Dark No street lights,245395,1,1,0,1,0,0,2,5,Not at intersection,3,100,245395.0,N,2438783.703,2503282.32,MOUNT ALEXANDER,NORTHERN REGION,RURAL_VICTORIA,-36.96843,144.31243999999998,3448.0
T20110033464,25/9/11,01.50.00,3,Struck animal,1,Sunday,167,STRUCK ANIMAL                        ,VCS,9,102,J,3,5,Dark No street lights,245548,1,4,2,0,0,2,1,5,Not at intersection,2,100,245548.0,N,2585236.063,2324880.037,SOUTH GIPPSLAND,EASTERN REGION,RURAL_VICTORIA,-38.573859999999996,145.97791,3956.0
T20110033559,2/9/11,23.00.00,3,Struck animal,6,Friday,167,STRUCK ANIMAL                        ,VCS,9,96,E,3,5,Dark No street lights,245658,1,2,0,1,0,1,2,5,Not at intersection,3,100,245658.0,N,2566275.816,2379475.786,BAW BAW,EASTERN REGION,RURAL_VICTORIA,-38.08365,145.75542,3816.0
T20110034016,30/9/11,18.15.00,3,Struck animal,6,Friday,167,STRUCK ANIMAL                        ,VCS,9,57,H,6,2,Dusk/Dawn,245936,1,2,0,1,0,1,2,5,Not at intersection,3,999,245936.0,N,2356598.295,2466848.52,PYRENEES,WESTERN REGION,RURAL_VICTORIA,-37.28778,143.38253999999998,3468.0
T20110034106,3/10/11,06.45.00,3,Struck animal,2,Monday,167,STRUCK ANIMAL                        ,VCS,9,59,G,4,1,Day,245826,1,1,0,1,0,0,1,5,Not at intersection,3,110,245826.0,N,2442414.949,2483233.943,MOUNT ALEXANDER,NORTHERN REGION,RURAL_VICTORIA,-37.14933,144.35169,3447.0
T20110034828,2/10/11,18.00.00,3,Struck animal,1,Sunday,167,STRUCK ANIMAL                        ,VCS,9,49,H,5,1,Day,246410,1,1,0,1,0,0,2,5,Not at intersection,3,888,246410.0,N,2673559.921,2530043.935,ALPINE,NORTH EASTERN REGION,RURAL_VICTORIA,-36.71327,146.94298999999998,3741.0
T20110034910,13/10/11,13.15.00,3,Struck animal,5,Thursday,167,STRUCK ANIMAL                        ,VCS,9,34,G,7,1,Day,246055,1,1,1,0,0,0,1,5,Not at intersection,2,110,246055.0,N,2623265.44,2573908.413,WANGARATTA,NORTH EASTERN REGION,RURAL_VICTORIA,-36.32589,146.37296,3678.0
T20110035291,3/9/11,17.55.00,3,Struck animal,7,Saturday,167,STRUCK ANIMAL                        ,VCS,9,88,C,3,5,Dark No street lights,246438,1,1,0,1,0,0,1,5,Not at intersection,3,100,246438.0,N,2206605.29,2373342.7,GLENELG,SOUTH WESTERN REGION,RURAL_VICTORIA,-38.09483,141.65471000000002,3304.0
T20110037323,10/11/11,10.51.00,3,Struck animal,5,Thursday,167,STRUCK ANIMAL                        ,VCS,9,419,K,3,1,Day,247761,1,1,1,0,0,0,2,5,Not at intersection,2,100,247761.0,N,2550629.129,2468724.683,MURRINDINDI,NORTH EASTERN REGION,RURAL_VICTORIA,-37.28048,145.57098,3717.0
T20110038038,18/11/11,05.00.00,3,Struck animal,6,Friday,167,STRUCK ANIMAL                        ,VCS,9,49,D,2,5,Dark No street lights,247837,1,1,1,0,0,0,1,5,Not at intersection,2,100,247837.0,N,2656762.403,2549566.838,ALPINE,NORTH EASTERN REGION,RURAL_VICTORIA,-36.54029,146.75097,3737.0
T20110038051,18/11/11,08.05.00,3,Struck animal,6,Friday,167,STRUCK ANIMAL                        ,MEL,40,163,D,11,1,Day,44091,1,1,0,1,0,0,1,1,Cross intersection,3,100,44091.0,I,2511127.404,2349775.473,MORNINGTON PENINSULA,METROPOLITAN SOUTH EAST REGION,RURAL_VICTORIA,-38.3535,145.12729,3926.0
T20110038175,18/11/11,21.30.00,3,Struck animal,6,Friday,167,STRUCK ANIMAL                        ,VCS,9,83,J,6,5,Dark No street lights,248433,1,2,0,2,0,0,1,5,Not at intersection,3,100,248433.0,N,2717698.327,2408155.499,EAST GIPPSLAND,EASTERN REGION,RURAL_VICTORIA,-37.80216,147.47235,3865.0
T20110038352,19/11/11,07.30.00,3,Struck animal,7,Saturday,167,STRUCK ANIMAL                        ,VCS,9,58,D,8,1,Day,248653,1,1,0,1,0,0,2,5,Not at intersection,3,100,248653.0,N,2389393.22,2455687.784,BALLARAT,WESTERN REGION,RURAL_VICTORIA,-37.392790000000005,143.75073999999998,3364.0
T20110038833,22/11/11,00.30.00,3,Struck animal,3,Tuesday,167,STRUCK ANIMAL                        ,VCS,9,90,C,8,5,Dark No street lights,247900,1,1,0,1,0,0,1,5,Not at intersection,3,100,247900.0,N,2294155.577,2339698.057,MOYNE,SOUTH WESTERN REGION,RURAL_VICTORIA,-38.42139,142.64297,3277.0
T20110039601,4/12/11,22.20.00,3,Struck animal,1,Sunday,167,STRUCK ANIMAL                        ,VCS,9,58,D,5,5,Dark No street lights,248000,1,1,1,0,0,0,1,2,T intersection,2,100,248000.0,I,2388338.646,2478288.714,CENTRAL GOLDFIELDS,WESTERN REGION,RURAL_VICTORIA,-37.18902,143.7422,3371.0
T20110039985,8/12/11,19.50.00,3,Struck animal,5,Thursday,167,STRUCK ANIMAL                        ,VCS,9,566,J,11,1,Day,249336,1,1,1,0,0,0,1,4,Multiple intersection,2,50,249336.0,I,2401797.208,2435781.169,BALLARAT,WESTERN REGION,LARGE_PROVINCIAL_CITIES,-37.57355,143.8882,3350.0
T20110040251,11/12/11,05.40.00,3,Struck animal,1,Sunday,167,STRUCK ANIMAL                        ,VCS,9,614,H,3,1,Day,247732,1,1,0,1,0,0,1,5,Not at intersection,3,80,247732.0,N,2440331.542,2522106.54,BENDIGO,NORTHERN REGION,RURAL_VICTORIA,-36.79888,144.33131,3551.0
T20110040770,15/12/11,21.42.00,3,Struck animal,5,Thursday,167,STRUCK ANIMAL                        ,VCS,9,32,E,8,3,Dark Street lights on,51143,2,2,0,1,0,1,1,1,Cross intersection,3,100,51143.0,I,2519965.702,2564985.659,SHEPPARTON,NORTH EASTERN REGION,RURAL_VICTORIA,-36.41411,145.22263,3616.0
T20110041098,17/12/11,15.00.00,3,Struck animal,7,Saturday,167,STRUCK ANIMAL                        ,VCS,9,62,H,7,1,Day,248562,1,1,0,1,0,0,2,5,Not at intersection,3,80,248562.0,N,2583591.952,2463200.62,MURRINDINDI,NORTH EASTERN REGION,RURAL_VICTORIA,-37.3279,145.94332,3713.0
T20110041352,22/12/11,20.15.00,3,Struck animal,5,Thursday,167,STRUCK ANIMAL                        ,VCS,9,3,D,6,1,Day,248249,1,1,0,1,0,0,1,5,Not at intersection,3,100,248249.0,N,2238704.123,2795910.745,MILDURA,WESTERN REGION,RURAL_VICTORIA,-34.2985,142.16395,3496.0
T20120000386,5/1/12,23.10.00,3,Struck animal,5,Thursday,167,STRUCK ANIMAL                        ,VCS,9,83,B,7,6,Dark Street lights unknown,248867,1,1,0,1,0,0,2,5,Not at intersection,3,999,248867.0,N,2680873.911,2404315.553,WELLINGTON,EASTERN REGION,RURAL_VICTORIA,-37.844640000000005,147.05523,3860.0
T20120000543,8/1/12,21.20.00,3,Struck animal,1,Sunday,167,STRUCK ANIMAL                        ,VCS,9,33,C,4,5,Dark No street lights,248924,1,1,0,1,0,0,1,5,Not at intersection,3,100,248924.0,N,2556533.962,2596275.409,MOIRA,NORTH EASTERN REGION,RURAL_VICTORIA,-36.13064,145.62808,3636.0
T20120000675,9/1/12,00.45.00,3,Struck animal,2,Monday,167,STRUCK ANIMAL                        ,VCS,9,73,C,8,9,Unknown,273248,1,1,0,1,0,0,2,5,Not at intersection,3,100,273248.0,N,2246278.238,2394097.532,SOUTHERN GRAMPIANS,SOUTH WESTERN REGION,RURAL_VICTORIA,-37.91964,142.11393,3289.0
T20120000961,13/1/12,15.30.00,3,Struck animal,6,Friday,167,STRUCK ANIMAL                        ,VCS,9,40,H,8,1,Day,273294,1,1,0,1,0,0,1,5,Not at intersection,3,100,273294.0,N,2266743.799,2506722.022,NORTHERN GRAMPIANS,WESTERN REGION,RURAL_VICTORIA,-36.910509999999995,142.38183,3401.0
T20120001132,9/1/12,14.00.00,3,Struck animal,2,Monday,167,STRUCK ANIMAL                        ,VCS,9,50,H,2,1,Day,248944,1,1,0,1,0,0,2,5,Not at intersection,3,100,248944.0,N,2712786.108,2549057.768,TOWONG,NORTH EASTERN REGION,RURAL_VICTORIA,-36.53393,147.37665,3701.0
T20120001382,18/1/12,21.50.00,3,Struck animal,4,Wednesday,167,STRUCK ANIMAL                        ,VCS,9,73,C,7,5,Dark No street lights,273352,1,1,0,1,0,0,1,5,Not at intersection,3,100,273352.0,N,2242328.672,2402306.095,SOUTHERN GRAMPIANS,SOUTH WESTERN REGION,RURAL_VICTORIA,-37.84463,142.07191,3301.0
T20120001547,15/1/12,13.00.00,3,Struck animal,1,Sunday,167,STRUCK ANIMAL                        ,VCS,9,418,B,1,1,Day,249148,1,1,0,1,0,0,2,5,Not at intersection,3,100,249148.0,N,2515101.972,2472355.608,MITCHELL,NORTHERN REGION,RURAL_VICTORIA,-37.24901,145.17023999999998,3658.0
T20120001864,22/1/12,10.25.00,3,Struck animal,1,Sunday,167,STRUCK ANIMAL                        ,VCS,9,35,B,4,1,Day,273427,1,1,1,0,0,0,1,5,Not at intersection,2,100,273427.0,N,2643243.168,2594867.902,INDIGO,NORTH EASTERN REGION,RURAL_VICTORIA,-36.134209999999996,146.59153999999998,3683.0
T20120002185,26/1/12,22.15.00,3,Struck animal,5,Thursday,167,STRUCK ANIMAL                        ,VCS,9,45,D,7,5,Dark No street lights,249275,1,3,0,1,0,2,1,5,Not at intersection,3,100,249275.0,N,2474189.07,2518782.852,BENDIGO,NORTHERN REGION,RURAL_VICTORIA,-36.83037,144.71063,3523.0
T20120003187,10/2/12,04.55.00,3,Struck animal,6,Friday,167,STRUCK ANIMAL                        ,MEL,40,14,C,1,5,Dark No street lights,249556,1,1,1,0,0,0,1,5,Not at intersection,2,100,249556.0,N,2483358.47,2422181.055,BRIMBANK,METROPOLITAN NORTH WEST REGION,MELB_URBAN,-37.70111,144.81128,3036.0
T20120003465,19/1/12,05.45.00,3,Struck animal,5,Thursday,167,STRUCK ANIMAL                        ,MEL,40,102,J,3,2,Dusk/Dawn,57648,1,1,0,1,0,0,2,2,T intersection,3,70,57648.0,I,2512725.282,2372551.86,FRANKSTON,METROPOLITAN SOUTH EAST REGION,MELB_URBAN,-38.148309999999995,145.14517,3199.0
T20120003513,13/2/12,20.10.00,3,Struck animal,2,Monday,167,STRUCK ANIMAL                        ,VCS,9,98,F,8,5,Dark No street lights,249747,1,2,0,1,0,1,1,5,Not at intersection,3,100,249747.0,N,2658702.516,2341611.008,WELLINGTON,EASTERN REGION,RURAL_VICTORIA,-38.413470000000004,146.81696000000002,3874.0
T20120003679,8/2/12,06.30.00,3,Struck animal,4,Wednesday,167,STRUCK ANIMAL                        ,VCS,9,45,B,6,2,Dusk/Dawn,250842,1,1,0,1,0,0,2,5,Not at intersection,3,100,250842.0,N,2462683.876,2526270.147,BENDIGO,NORTHERN REGION,RURAL_VICTORIA,-36.76251,144.58201,3551.0
T20120004000,19/2/12,12.15.00,3,Struck animal,1,Sunday,167,STRUCK ANIMAL                        ,VCS,9,100,F,9,1,Day,249694,1,1,0,1,0,0,1,5,Not at intersection,3,100,249694.0,N,2322244.531,2318797.291,CORANGAMITE,SOUTH WESTERN REGION,RURAL_VICTORIA,-38.615429999999996,142.95937,3269.0
T20120004272,4/2/12,15.00.00,3,Struck animal,7,Saturday,167,STRUCK ANIMAL                        ,VCS,9,77,E,2,1,Day,249806,1,1,1,0,0,0,2,5,Not at intersection,2,80,249806.0,N,2428339.486,2437946.609,MOORABOOL,WESTERN REGION,RURAL_VICTORIA,-37.55645,144.18889,3342.0
T20120004427,24/2/12,08.00.00,3,Struck animal,6,Friday,167,STRUCK ANIMAL                        ,VCS,9,443,E,4,1,Day,249973,1,1,0,1,0,0,1,5,Not at intersection,3,100,249973.0,N,2432115.642,2396272.624,GEELONG,SOUTH WESTERN REGION,RURAL_VICTORIA,-37.93222,144.2278,3213.0
T20120005434,5/3/12,20.10.00,3,Struck animal,2,Monday,167,STRUCK ANIMAL                        ,VCS,9,84,C,8,5,Dark No street lights,250240,3,6,2,2,0,2,1,2,T intersection,2,100,250240.0,I,2733794.327,2397510.531,EAST GIPPSLAND,EASTERN REGION,RURAL_VICTORIA,-37.89413,147.65843,3878.0
T20120005717,8/3/12,21.05.00,3,Struck animal,5,Thursday,167,STRUCK ANIMAL                        ,VCS,9,57,C,7,5,Dark No street lights,250314,1,1,1,0,0,0,1,5,Not at intersection,2,100,250314.0,N,2333589.264,2460473.59,ARARAT,WESTERN REGION,RURAL_VICTORIA,-37.341409999999996,143.12166000000002,3375.0
T20120005936,11/3/12,09.30.00,3,Struck animal,1,Sunday,167,STRUCK ANIMAL                        ,MEL,40,265,K,11,1,Day,250476,1,1,1,0,0,0,1,5,Not at intersection,2,80,250476.0,N,2528942.427,2427983.619,NILLUMBIK,METROPOLITAN NORTH WEST REGION,RURAL_VICTORIA,-37.64853,145.32799,3775.0
T20120006263,15/3/12,08.05.00,3,Struck animal,5,Thursday,167,STRUCK ANIMAL                        ,VCS,9,32,H,9,1,Day,250516,1,1,1,0,0,0,1,5,Not at intersection,2,100,250516.0,N,2538700.025,2558617.592,SHEPPARTON,NORTH EASTERN REGION,RURAL_VICTORIA,-36.47092,145.43185,3631.0