ACCIDENT_NO,ACCIDENT_DATE,ACCIDENT_TIME,ACCIDENT_TYPE,ACCIDENT_TYPE_DESC,DAY_OF_WEEK,DAY_WEEK_DESC,DCA_CODE,DCA_DESC,DIRECTORY,EDITION,PAGE,GRID_REFERENCE_X,GRID_REFERENCE_Y,LIGHT_CONDITION,LIGHT_CONDITION_DESC,NODE_ID_x,NO_OF_VEHICLES,NO_PERSONS,NO_PERSONS_INJ_2,NO_PERSONS_INJ_3,NO_PERSONS_KILLED,NO_PERSONS_NOT_INJ,POLICE_ATTEND,ROAD_GEOMETRY,ROAD_GEOMETRY_DESC,SEVERITY,SPEED_ZONE,NODE_ID_y,NODE_TYPE,AMG_X,AMG_Y,LG_AREA_NAME,REGION_NAME,DEG_URBAN_NAME,LATITUDE,LONGITUDE,POSTCODE
T20120006300,15/3/12,09.00.00,3,Struck animal,5,Thursday,167,STRUCK ANIMAL                        ,VCS,9,73,G,4,1,Day,250529,1,1,1,0,0,0,1,5,Not at intersection,2,100,250529.0,N,2264056.329,2424185.078,SOUTHERN GRAMPIANS,SOUTH WESTERN REGION,RURAL_VICTORIA,-37.65334,142.32566,3294.0
T20120006541,18/3/12,10.15.00,3,Struck animal,1,Sunday,167,STRUCK ANIMAL                        ,VCS,9,68,C,7,1,Day,250544,1,1,1,0,0,0,1,5,Not at intersection,2,100,250544.0,N,2826222.87,2453781.35,EAST GIPPSLAND,EASTERN REGION,RURAL_VICTORIA,-37.359629999999996,148.68376999999998,3888.0
T20120006708,20/3/12,06.00.00,3,Struck animal,3,Tuesday,167,STRUCK ANIMAL                        ,VCS,9,21,B,5,5,Dark No street lights,250473,1,1,1,0,0,0,2,5,Not at intersection,2,100,250473.0,N,2412684.813,2644101.632,GANNAWARRA,NORTHERN REGION,RURAL_VICTORIA,-35.697309999999995,144.03535,3579.0
T20120006722,15/3/12,15.00.00,3,Struck animal,5,Thursday,167,STRUCK ANIMAL                        ,VCS,9,45,A,3,1,Day,250525,1,1,1,0,0,0,2,5,Not at intersection,2,50,250525.0,N,2456988.626,2541685.998,BENDIGO,NORTHERN REGION,RURAL_VICTORIA,-36.623329999999996,144.51908999999998,3557.0
T20120006953,22/3/12,17.15.00,3,Struck animal,5,Thursday,167,STRUCK ANIMAL                        ,VCS,9,36,J,1,1,Day,253464,1,1,1,0,0,0,1,5,Not at intersection,2,100,253464.0,N,2723837.051,2612931.922,TOWONG,NORTH EASTERN REGION,RURAL_VICTORIA,-35.955909999999996,147.48143000000002,3691.0
T20120008037,5/4/12,05.15.00,3,Struck animal,5,Thursday,167,STRUCK ANIMAL                        ,MEL,40,185,J,11,3,Dark Street lights on,251086,1,1,0,1,0,0,2,5,Not at intersection,3,80,251086.0,N,2516738.09,2427831.106,NILLUMBIK,METROPOLITAN NORTH WEST REGION,MELB_URBAN,-37.6502,145.18968999999998,3099.0
T20120008466,8/4/12,18.30.00,3,Struck animal,1,Sunday,167,STRUCK ANIMAL                        ,VCS,9,57,G,9,2,Dusk/Dawn,251249,1,1,0,1,0,0,2,5,Not at intersection,3,80,251249.0,N,2352611.679,2449919.16,PYRENEES,WESTERN REGION,RURAL_VICTORIA,-37.4397,143.33424,3373.0
T20120008696,11/4/12,21.00.00,3,Struck animal,4,Wednesday,167,STRUCK ANIMAL                        ,VCS,9,34,F,8,5,Dark No street lights,251469,1,1,0,1,0,0,2,5,Not at intersection,3,100,251469.0,N,2615821.986,2562220.574,WANGARATTA,NORTH EASTERN REGION,RURAL_VICTORIA,-36.432159999999996,146.29183,3678.0
T20120009386,20/4/12,07.00.00,3,Struck animal,6,Friday,167,STRUCK ANIMAL                        ,VCS,9,60,H,3,1,Day,251325,1,2,0,1,0,1,2,2,T intersection,3,999,251325.0,I,2497774.054,2489387.052,MITCHELL,NORTHERN REGION,RURAL_VICTORIA,-37.09564,144.97496,3764.0
T20120009490,21/4/12,15.30.00,3,Struck animal,7,Saturday,167,STRUCK ANIMAL                        ,VCS,9,65,H,3,1,Day,251478,1,1,1,0,0,0,2,5,Not at intersection,2,100,251478.0,N,2715053.48,2486695.888,EAST GIPPSLAND,EASTERN REGION,RURAL_VICTORIA,-37.09527,147.41966000000002,3898.0
T20120009752,21/4/12,12.05.00,3,Struck animal,7,Saturday,167,STRUCK ANIMAL                        ,VCS,9,87,D,3,1,Day,251581,1,1,1,0,0,0,2,5,Not at intersection,2,100,251581.0,N,2162549.231,2374247.248,GLENELG,SOUTH WESTERN REGION,RURAL_VICTORIA,-38.0717,141.15331,3292.0
T20120009795,25/4/12,05.20.00,3,Struck animal,4,Wednesday,167,STRUCK ANIMAL                        ,VCS,9,44,D,6,5,Dark No street lights,251602,1,1,0,1,0,0,1,5,Not at intersection,3,100,251602.0,N,2426724.954,2520768.013,BENDIGO,NORTHERN REGION,RURAL_VICTORIA,-36.809979999999996,144.1787,3551.0
T20120009813,26/4/12,07.05.00,3,Struck animal,5,Thursday,167,STRUCK ANIMAL                        ,VCS,9,102,C,2,1,Day,251371,1,1,1,0,0,0,1,5,Not at intersection,2,100,251371.0,N,2551274.894,2328952.832,BASS COAST,EASTERN REGION,RURAL_VICTORIA,-38.5397,145.588,3992.0
T20120010190,30/4/12,18.20.00,3,Struck animal,2,Monday,167,STRUCK ANIMAL                        ,VCS,9,92,D,6,5,Dark No street lights,251619,1,1,0,1,0,0,1,5,Not at intersection,3,100,251619.0,N,2389960.923,2354235.296,COLAC OTWAY,SOUTH WESTERN REGION,RURAL_VICTORIA,-38.30685,143.74201000000002,3243.0
T20120010328,20/4/11,01.00.00,3,Struck animal,4,Wednesday,167,STRUCK ANIMAL                        ,VCS,9,62,D,2,5,Dark No street lights,251741,1,2,0,1,0,1,2,5,Not at intersection,3,100,251741.0,N,2561503.539,2497285.297,MURRINDINDI,NORTH EASTERN REGION,RURAL_VICTORIA,-37.02245,145.69127,3719.0
T20120010403,2/5/12,21.40.00,3,Struck animal,4,Wednesday,167,STRUCK ANIMAL                        ,VCS,9,59,B,8,5,Dark No street lights,251590,1,1,0,1,0,0,1,5,Not at intersection,3,100,251590.0,N,2412937.262,2457391.788,HEPBURN,WESTERN REGION,RURAL_VICTORIA,-37.37993,144.01684,3364.0
T20120010568,1/4/12,16.30.00,3,Struck animal,1,Sunday,167,STRUCK ANIMAL                        ,VCS,9,35,C,6,1,Day,251826,1,1,1,0,0,0,2,5,Not at intersection,2,999,251826.0,N,2648327.519,2579550.534,INDIGO,NORTH EASTERN REGION,RURAL_VICTORIA,-36.27146,146.65097,3747.0
T20120010628,6/5/12,00.10.00,3,Struck animal,1,Sunday,167,STRUCK ANIMAL                        ,VCS,9,46,D,9,5,Dark No street lights,237898,1,3,0,1,0,2,1,4,Multiple intersection,3,110,237898.0,I,2512728.107,2501355.328,MITCHELL,NORTHERN REGION,RURAL_VICTORIA,-36.9877,145.14299,3660.0
T20120011086,2/5/12,21.00.00,3,Struck animal,4,Wednesday,167,STRUCK ANIMAL                        ,VCS,9,519,M,6,5,Dark No street lights,252957,1,1,0,1,0,0,1,5,Not at intersection,3,100,252957.0,N,2383576.014,2303270.57,COLAC OTWAY,SOUTH WESTERN REGION,RURAL_VICTORIA,-38.76504,143.66083,3233.0
T20120011257,13/5/12,18.15.00,3,Struck animal,1,Sunday,167,STRUCK ANIMAL                        ,VCS,9,61,E,4,5,Dark No street lights,252013,1,3,0,1,0,2,2,5,Not at intersection,3,100,252013.0,N,2522268.146,2479899.658,MURRINDINDI,NORTH EASTERN REGION,RURAL_VICTORIA,-37.18088,145.2508,3660.0
T20120011267,13/5/12,19.20.00,3,Struck animal,1,Sunday,167,STRUCK ANIMAL                        ,VCS,9,55,J,9,5,Dark No street lights,252019,1,1,0,1,0,0,1,5,Not at intersection,3,100,252019.0,N,2274391.333,2447345.143,ARARAT,WESTERN REGION,RURAL_VICTORIA,-37.44728,142.44978,3379.0
T20120011578,17/5/12,12.30.00,3,Struck animal,5,Thursday,167,STRUCK ANIMAL                        ,MEL,40,140,J,7,1,Day,251939,1,1,0,1,0,0,2,5,Not at intersection,3,999,251939.0,N,2520781.49,2366061.859,CASEY,METROPOLITAN SOUTH EAST REGION,MELB_URBAN,-38.20663,145.23725,3912.0
T20120011708,18/5/12,18.25.00,3,Struck animal,6,Friday,167,STRUCK ANIMAL                        ,VCS,9,35,C,9,5,Dark No street lights,252072,1,1,0,1,0,0,1,5,Not at intersection,3,100,252072.0,N,2649446.968,2557175.624,WANGARATTA,NORTH EASTERN REGION,RURAL_VICTORIA,-36.47291,146.66779,3735.0
T20120011717,19/5/12,00.25.00,3,Struck animal,7,Saturday,167,STRUCK ANIMAL                        ,VCS,9,578,E,3,5,Dark No street lights,252074,1,1,0,1,0,0,1,5,Not at intersection,3,80,252074.0,N,2399850.447,2427917.723,BALLARAT,WESTERN REGION,LARGE_PROVINCIAL_CITIES,-37.64419,143.8651,3357.0
T20120011717,19/5/12,00.25.00,3,Struck animal,7,Saturday,167,STRUCK ANIMAL                        ,VCS,9,578,E,3,5,Dark No street lights,252074,1,1,0,1,0,0,1,5,Not at intersection,3,80,252074.0,N,2399850.447,2427917.723,BALLARAT,WESTERN REGION,RURAL_VICTORIA,-37.64419,143.8651,3357.0
T20120011737,9/4/12,09.30.00,3,Struck animal,2,Monday,167,STRUCK ANIMAL                        ,MEL,40,289,C,5,1,Day,251976,1,1,1,0,0,0,1,2,T intersection,2,80,251976.0,I,2557224.482,2415617.996,YARRA RANGES,METROPOLITAN SOUTH EAST REGION,TOWNS,-37.75864,145.64944,3799.0
T20120011753,19/5/12,12.30.00,3,Struck animal,7,Saturday,167,STRUCK ANIMAL                        ,VCS,9,62,H,6,1,Day,251986,1,1,1,0,0,0,1,5,Not at intersection,2,100,251986.0,N,2585076.186,2471739.569,MURRINDINDI,NORTH EASTERN REGION,RURAL_VICTORIA,-37.250820000000004,145.9591,3713.0
T20120012457,22/5/12,18.08.00,3,Struck animal,3,Tuesday,167,STRUCK ANIMAL                        ,VCS,9,18,G,7,5,Dark No street lights,253295,1,1,1,0,0,0,2,5,Not at intersection,2,100,253295.0,N,2308310.195,2627065.018,BULOKE,NORTHERN REGION,RURAL_VICTORIA,-35.83558,142.87831,3483.0
T20120012529,27/5/12,16.00.00,3,Struck animal,1,Sunday,167,STRUCK ANIMAL                        ,VCS,9,443,A,2,1,Day,252093,1,1,0,1,0,0,2,5,Not at intersection,3,100,252093.0,N,2423125.891,2399947.309,GOLDEN PLAINS,SOUTH WESTERN REGION,RURAL_VICTORIA,-37.89841,144.12593,3332.0
T20120012618,21/5/12,08.45.00,3,Struck animal,2,Monday,167,STRUCK ANIMAL                        ,VCS,9,584,D,5,1,Day,252136,1,1,0,1,0,0,2,5,Not at intersection,3,50,252136.0,N,2392370.672,2466221.848,HEPBURN,WESTERN REGION,SMALL_TOWNS,-37.29822,143.78588,3370.0
T20120012769,31/5/12,20.15.00,3,Struck animal,5,Thursday,167,STRUCK ANIMAL                        ,VCS,9,517,P,9,3,Dark Street lights on,252427,1,2,0,2,0,0,1,5,Not at intersection,3,60,252427.0,N,2316314.229,2360572.067,CORANGAMITE,SOUTH WESTERN REGION,TOWNS,-38.23808,142.90188,3264.0
T20120012786,30/4/12,06.30.00,3,Struck animal,2,Monday,167,STRUCK ANIMAL                        ,VCS,9,47,F,3,5,Dark No street lights,262466,1,1,0,1,0,0,2,5,Not at intersection,3,110,262466.0,N,2574956.46,2544338.945,STRATHBOGIE,NORTH EASTERN REGION,RURAL_VICTORIA,-36.597429999999996,145.83782,3670.0
T20120012819,1/6/12,14.00.00,3,Struck animal,6,Friday,167,STRUCK ANIMAL                        ,VCS,9,97,F,6,1,Day,252255,1,1,0,1,0,0,1,5,Not at intersection,3,80,252255.0,N,2613288.216,2359428.345,LATROBE,EASTERN REGION,RURAL_VICTORIA,-38.259679999999996,146.29432,3840.0
T20120012824,5/1/12,21.30.00,3,Struck animal,5,Thursday,167,STRUCK ANIMAL                        ,VCS,9,45,E,8,5,Dark No street lights,252257,1,5,0,1,0,4,2,5,Not at intersection,3,999,252257.0,N,2478223.441,2507432.295,BENDIGO,NORTHERN REGION,RURAL_VICTORIA,-36.93277,144.75553,3523.0
T20120013278,6/6/12,21.30.00,3,Struck animal,4,Wednesday,167,STRUCK ANIMAL                        ,VCS,9,90,C,8,5,Dark No street lights,252670,3,3,0,1,0,2,1,5,Not at intersection,3,100,252670.0,N,2292788.443,2342832.364,MOYNE,SOUTH WESTERN REGION,RURAL_VICTORIA,-38.39286,142.62822,3277.0
T20120013423,9/6/12,08.30.00,3,Struck animal,7,Saturday,167,STRUCK ANIMAL                        ,VCS,9,35,A,8,1,Day,252444,1,1,1,0,0,0,1,5,Not at intersection,2,100,252444.0,N,2639476.296,2565390.134,WANGARATTA,NORTH EASTERN REGION,RURAL_VICTORIA,-36.40041,146.55504,3678.0
T20120013505,9/6/12,18.00.00,3,Struck animal,7,Saturday,167,STRUCK ANIMAL                        ,VCS,9,92,F,7,5,Dark No street lights,252733,1,1,0,1,0,0,1,5,Not at intersection,3,100,252733.0,N,2398618.465,2351538.645,COLAC OTWAY,SOUTH WESTERN REGION,RURAL_VICTORIA,-38.33213,143.8406,3242.0
T20120013615,2/6/12,12.45.00,3,Struck animal,7,Saturday,167,STRUCK ANIMAL                        ,MEL,40,170,D,12,1,Day,252910,1,1,1,0,0,0,2,5,Not at intersection,2,80,252910.0,N,2491373.301,2344794.41,MORNINGTON PENINSULA,METROPOLITAN SOUTH EAST REGION,RURAL_VICTORIA,-38.3984,144.90126,3939.0
T20120013636,21/5/12,23.45.00,3,Struck animal,2,Monday,167,STRUCK ANIMAL                        ,VCS,9,63,D,6,5,Dark No street lights,252924,1,1,0,1,0,0,2,5,Not at intersection,3,100,252924.0,N,2601368.136,2470723.946,MANSFIELD,NORTH EASTERN REGION,RURAL_VICTORIA,-37.25835,146.14289,3723.0
T20120014125,19/6/12,05.49.00,3,Struck animal,3,Tuesday,167,STRUCK ANIMAL                        ,VCS,9,96,F,2,5,Dark No street lights,253084,1,1,0,1,0,0,1,5,Not at intersection,3,100,253084.0,N,2573369.329,2384305.229,BAW BAW,EASTERN REGION,RURAL_VICTORIA,-38.039609999999996,145.83578,3816.0
T20120014382,21/6/12,21.15.00,3,Struck animal,5,Thursday,167,STRUCK ANIMAL                        ,MEL,40,646,G,7,3,Dark Street lights on,253104,1,1,0,1,0,0,1,2,T intersection,3,50,253104.0,I,2500394.435,2455506.362,MITCHELL,NORTHERN REGION,TOWNS,-37.40097,145.00446000000002,3756.0
T20120014505,24/5/12,06.20.00,3,Struck animal,5,Thursday,167,STRUCK ANIMAL                        ,MEL,40,344,K,10,3,Dark Street lights on,253096,1,1,0,1,0,0,1,5,Not at intersection,3,110,253096.0,N,2470517.776,2418777.273,MELTON,METROPOLITAN NORTH WEST REGION,RURAL_VICTORIA,-37.73146,144.66553000000002,3335.0
T20120014626,24/6/12,17.20.00,3,Struck animal,1,Sunday,167,STRUCK ANIMAL                        ,VCS,9,73,E,2,2,Dusk/Dawn,252750,1,1,1,0,0,0,1,5,Not at intersection,2,100,252750.0,N,2254279.08,2438235.398,SOUTHERN GRAMPIANS,SOUTH WESTERN REGION,RURAL_VICTORIA,-37.52426,142.21955,3294.0
T20120014733,26/6/12,11.40.00,3,Struck animal,3,Tuesday,167,STRUCK ANIMAL                        ,VCS,9,572,F,6,1,Day,253043,1,1,0,1,0,0,2,5,Not at intersection,3,60,253043.0,N,2400119.878,2432422.632,BALLARAT,WESTERN REGION,LARGE_PROVINCIAL_CITIES,-37.603629999999995,143.86876,3350.0
T20120015083,25/6/12,19.15.00,3,Struck animal,2,Monday,167,STRUCK ANIMAL                        ,VCS,9,88,C,6,5,Dark No street lights,252919,1,2,0,1,0,1,1,5,Not at intersection,3,100,252919.0,N,2205155.762,2352181.698,GLENELG,SOUTH WESTERN REGION,RURAL_VICTORIA,-38.28488,141.62966,3305.0
T20120015192,2/7/12,04.49.00,3,Struck animal,2,Monday,167,STRUCK ANIMAL                        ,MEL,40,334,E,6,5,Dark No street lights,253159,1,1,0,1,0,0,1,5,Not at intersection,3,110,253159.0,N,2452970.549,2424922.708,MOORABOOL,WESTERN REGION,RURAL_VICTORIA,-37.67537,144.46685,3340.0
T20120015519,17/6/12,11.30.00,3,Struck animal,0,Sunday,167,STRUCK ANIMAL                        ,VCS,9,87,B,2,1,Day,254493,1,1,1,0,0,0,2,5,Not at intersection,2,100,254493.0,N,2149961.525,2380939.959,GLENELG,SOUTH WESTERN REGION,RURAL_VICTORIA,-38.00679,141.01318,3292.0
T20120015643,7/7/12,02.30.00,3,Struck animal,7,Saturday,167,STRUCK ANIMAL                        ,VCS,9,77,B,6,5,Dark No street lights,253158,1,4,0,1,0,3,1,5,Not at intersection,3,100,253158.0,N,2413742.136,2414188.095,MOORABOOL,WESTERN REGION,RURAL_VICTORIA,-37.76928,144.02091000000001,3334.0
T20120015743,8/7/12,09.15.00,3,Struck animal,1,Sunday,167,STRUCK ANIMAL                        ,VCS,9,18,H,9,1,Day,254217,1,1,1,0,0,0,1,2,T intersection,2,100,254217.0,I,2317738.515,2609879.213,BULOKE,NORTHERN REGION,RURAL_VICTORIA,-35.99227,142.9786,3483.0
T20120015752,8/7/12,00.05.00,3,Struck animal,1,Sunday,171,LEFT OFF CARRIAGEWAY INTO OBJECT/PARKED VEHICLE       ,VCS,9,59,C,3,5,Dark No street lights,253350,1,1,0,1,0,0,1,5,Not at intersection,3,100,253350.0,N,2417015.507,2488584.441,MOUNT ALEXANDER,NORTHERN REGION,RURAL_VICTORIA,-37.09921,144.06634,3462.0
T20120015920,10/7/12,04.00.00,3,Struck animal,3,Tuesday,167,STRUCK ANIMAL                        ,VCS,9,535,Q,12,5,Dark No street lights,254917,1,1,1,0,0,0,1,5,Not at intersection,2,80,254917.0,N,2238557.132,2805115.117,MILDURA,WESTERN REGION,SMALL_CITIES,-34.2156,142.16533,3500.0
T20120015960,2/7/12,15.15.00,3,Struck animal,2,Monday,167,STRUCK ANIMAL                        ,VCS,9,82,C,7,1,Day,253573,1,1,0,1,0,0,2,5,Not at intersection,3,888,253573.0,N,2643204.856,2403321.423,WELLINGTON,EASTERN REGION,RURAL_VICTORIA,-37.86016,146.62749,3858.0
T20120016198,14/7/12,17.55.00,3,Struck animal,7,Saturday,167,STRUCK ANIMAL                        ,MEL,40,288,A,6,5,Dark No street lights,253364,1,2,0,1,0,1,1,5,Not at intersection,3,80,253364.0,N,2552589.007,2413738.908,YARRA RANGES,METROPOLITAN SOUTH EAST REGION,RURAL_VICTORIA,-37.77584,145.59697,3139.0
T20120016821,23/7/12,07.15.00,3,Struck animal,2,Monday,167,STRUCK ANIMAL                        ,VCS,9,417,E,11,2,Dusk/Dawn,253987,1,1,0,1,0,0,1,5,Not at intersection,3,100,253987.0,N,2504988.459,2452991.418,MITCHELL,NORTHERN REGION,RURAL_VICTORIA,-37.42362,145.05636,3756.0
T20120016837,30/1/12,00.15.00,3,Struck animal,2,Monday,167,STRUCK ANIMAL                        ,MEL,40,13,A,4,3,Dark Street lights on,56552,1,1,0,1,0,0,2,1,Cross intersection,3,60,56552.0,I,2478417.432,2421109.372,MELTON,METROPOLITAN NORTH WEST REGION,MELB_URBAN,-37.71067,144.75522,3037.0
T20120016905,22/7/12,22.30.00,3,Struck animal,1,Sunday,167,STRUCK ANIMAL                        ,MEL,40,359,G,8,5,Dark No street lights,254057,2,2,1,0,0,1,1,5,Not at intersection,2,100,254057.0,N,2473109.469,2409686.591,WYNDHAM,METROPOLITAN NORTH WEST REGION,RURAL_VICTORIA,-37.81345,144.6946,3029.0
T20120017071,26/7/12,00.05.00,3,Struck animal,5,Thursday,171,LEFT OFF CARRIAGEWAY INTO OBJECT/PARKED VEHICLE       ,VCS,9,96,F,8,5,Dark No street lights,253663,1,1,1,0,0,0,2,5,Not at intersection,2,100,253663.0,I,2575348.17,2340811.095,SOUTH GIPPSLAND,EASTERN REGION,RURAL_VICTORIA,-38.43124,145.86281,3951.0
T20120017280,27/7/12,18.20.00,3,Struck animal,6,Friday,167,STRUCK ANIMAL                        ,VCS,9,90,F,2,5,Dark No street lights,254158,3,5,0,1,0,4,1,5,Not at intersection,3,100,254158.0,N,2308563.766,2380809.307,MOYNE,SOUTH WESTERN REGION,RURAL_VICTORIA,-38.05425,142.81868,3272.0
T20120017444,6/6/12,07.15.00,3,Struck animal,4,Wednesday,167,STRUCK ANIMAL                        ,VCS,9,77,F,3,2,Dusk/Dawn,253447,1,1,0,1,0,0,2,5,Not at intersection,3,100,253447.0,N,2436347.383,2437078.683,MOORABOOL,WESTERN REGION,SMALL_TOWNS,-37.56485,144.27945,3341.0
T20120017529,31/7/12,23.25.00,3,Struck animal,3,Tuesday,167,STRUCK ANIMAL                        ,MEL,40,493,G,6,5,Dark No street lights,253788,1,2,0,1,0,1,1,5,Not at intersection,3,100,253788.0,N,2442044.197,2356881.852,SURF COAST,SOUTH WESTERN REGION,RURAL_VICTORIA,-38.28774,144.33762,3217.0
T20120017717,1/8/12,06.00.00,3,Struck animal,4,Wednesday,167,STRUCK ANIMAL                        ,VCS,9,63,B,2,2,Dusk/Dawn,254761,1,1,1,0,0,0,1,5,Not at intersection,2,100,254761.0,N,2592758.37,2493237.921,MANSFIELD,NORTH EASTERN REGION,RURAL_VICTORIA,-37.05636,146.04304,3722.0
T20120017764,3/8/12,20.14.00,3,Struck animal,6,Friday,167,STRUCK ANIMAL                        ,MEL,40,657,D,1,5,Dark No street lights,254876,3,6,1,0,0,5,1,5,Not at intersection,2,80,254876.0,N,2464008.8,2456432.644,MACEDON RANGES,NORTHERN REGION,TOWNS,-37.39193,144.59351,3441.0
T20120018065,7/8/12,23.20.00,3,Struck animal,3,Tuesday,167,STRUCK ANIMAL                        ,VCS,9,53,E,2,5,Dark No street lights,273708,1,4,0,1,0,3,1,5,Not at intersection,3,100,273708.0,N,2162837.5,2492033.547,WEST WIMMERA,WESTERN REGION,RURAL_VICTORIA,-37.0113,141.21002,3318.0
T20120018071,8/8/12,00.55.00,3,Struck animal,4,Wednesday,167,STRUCK ANIMAL                        ,VCS,9,98,A,5,5,Dark No street lights,253897,1,1,1,0,0,0,1,5,Not at intersection,2,70,253897.0,N,2633716.653,2360365.001,LATROBE,EASTERN REGION,RURAL_VICTORIA,-38.24852,146.52751,3844.0
T20120018439,12/8/12,20.30.00,3,Struck animal,1,Sunday,167,STRUCK ANIMAL                        ,VCS,9,57,D,7,5,Dark No street lights,254813,3,7,0,2,0,5,1,5,Not at intersection,3,100,254813.0,N,2335021.404,2459672.021,ARARAT,WESTERN REGION,RURAL_VICTORIA,-37.348890000000004,143.13764,3375.0
T20120018518,13/8/12,21.30.00,3,Struck animal,2,Monday,167,STRUCK ANIMAL                        ,VCS,9,7,F,5,5,Dark No street lights,254661,1,1,1,0,0,0,1,5,Not at intersection,2,100,254661.0,N,2303944.858,2754135.56,SWAN HILL,NORTHERN REGION,RURAL_VICTORIA,-34.69001,142.8616,3549.0
T20120018988,19/8/12,19.02.00,3,Struck animal,1,Sunday,167,STRUCK ANIMAL                        ,VCS,9,415,A,7,5,Dark No street lights,254453,1,1,1,0,0,0,1,2,T intersection,2,80,254453.0,I,2460590.377,2460998.598,MACEDON RANGES,NORTHERN REGION,RURAL_VICTORIA,-37.35065,144.55514,3442.0
T20120019783,27/8/12,19.00.00,3,Struck animal,2,Monday,167,STRUCK ANIMAL                        ,VCS,9,427,D,4,6,Dark Street lights unknown,254343,1,1,1,0,0,0,2,5,Not at intersection,2,100,254343.0,N,2502380.775,2442481.061,WHITTLESEA,METROPOLITAN NORTH WEST REGION,RURAL_VICTORIA,-37.51834,145.02693,3753.0
T20120020201,4/9/12,10.00.00,3,Struck animal,3,Tuesday,167,STRUCK ANIMAL                        ,VCS,9,459,J,8,1,Day,255529,1,1,1,0,0,0,2,5,Not at intersection,2,100,255529.0,N,2547213.589,2361670.249,CARDINIA,METROPOLITAN SOUTH EAST REGION,RURAL_VICTORIA,-38.24522,145.5393,3984.0
T20120020518,4/9/12,16.30.00,3,Struck animal,3,Tuesday,167,STRUCK ANIMAL                        ,VCS,9,44,H,5,1,Day,255353,1,1,1,0,0,0,2,5,Not at intersection,2,60,255353.0,N,2447843.696,2531853.792,BENDIGO,NORTHERN REGION,RURAL_VICTORIA,-36.71148,144.41616000000002,3557.0
T20120020582,5/9/12,01.30.00,3,Struck animal,4,Wednesday,167,STRUCK ANIMAL                        ,VCS,9,416,K,3,5,Dark No street lights,255350,1,3,1,1,0,1,2,5,Not at intersection,2,100,255350.0,N,2495763.926,2469174.342,MITCHELL,NORTHERN REGION,RURAL_VICTORIA,-37.27779,144.95223000000001,3764.0
T20120020773,12/9/12,12.10.00,3,Struck animal,4,Wednesday,167,STRUCK ANIMAL                        ,VCS,9,69,C,7,1,Day,255247,1,1,0,1,0,0,1,5,Not at intersection,3,100,255247.0,N,2862758.043,2429308.115,EAST GIPPSLAND,EASTERN REGION,RURAL_VICTORIA,-37.56651,149.10776,3890.0
T20120020882,13/9/12,14.15.00,3,Struck animal,5,Thursday,167,STRUCK ANIMAL                        ,VCS,9,417,E,4,1,Day,255185,1,2,0,1,0,1,1,5,Not at intersection,3,110,255185.0,N,2504868.526,2467699.174,MITCHELL,NORTHERN REGION,RURAL_VICTORIA,-37.29108,145.05491,3658.0
T20120020896,13/9/12,22.30.00,3,Struck animal,5,Thursday,167,STRUCK ANIMAL                        ,VCS,9,76,H,2,5,Dark No street lights,255194,1,1,0,1,0,0,1,5,Not at intersection,3,100,255194.0,N,2409231.23,2443830.707,MOORABOOL,WESTERN REGION,RURAL_VICTORIA,-37.50177,143.97333999999998,3352.0
T20120021150,12/9/12,15.30.00,3,Struck animal,4,Wednesday,167,STRUCK ANIMAL                        ,VCS,9,54,G,5,1,Day,255315,1,1,0,1,0,0,2,5,Not at intersection,3,100,255315.0,N,2226275.492,2470861.976,SOUTHERN GRAMPIANS,SOUTH WESTERN REGION,RURAL_VICTORIA,-37.22262,141.91485,3407.0
T20120021216,15/9/12,15.30.00,3,Struck animal,7,Saturday,167,STRUCK ANIMAL                        ,VCS,9,47,F,8,9,Unknown,255211,1,1,1,0,0,0,2,5,Not at intersection,2,80,255211.0,N,2574723.328,2509403.19,STRATHBOGIE,NORTH EASTERN REGION,RURAL_VICTORIA,-36.912290000000006,145.83865,3666.0
T20120021820,27/8/12,20.00.00,3,Struck animal,2,Monday,167,STRUCK ANIMAL                        ,VCS,9,58,D,6,5,Dark No street lights,254363,1,1,0,1,0,0,2,4,Multiple intersection,3,100,254363.0,N,2388504.348,2469698.637,HEPBURN,WESTERN REGION,RURAL_VICTORIA,-37.26644,143.74278999999999,3370.0
T20120021961,28/9/12,00.50.00,3,Struck animal,6,Friday,167,STRUCK ANIMAL                        ,VCS,9,58,G,8,5,Dark No street lights,273814,1,1,0,1,0,0,1,5,Not at intersection,3,100,273814.0,N,2404080.738,2453636.468,HEPBURN,WESTERN REGION,RURAL_VICTORIA,-37.4129,143.91635,3364.0
T20120022356,17/9/12,00.10.00,3,Struck animal,2,Monday,167,STRUCK ANIMAL                        ,VCS,9,44,E,9,5,Dark No street lights,255029,1,1,0,1,0,0,2,5,Not at intersection,3,100,255029.0,N,2432428.681,2504246.934,MOUNT ALEXANDER,NORTHERN REGION,RURAL_VICTORIA,-36.9593,144.24115,3453.0