ACCIDENT_NO,ACCIDENT_DATE,ACCIDENT_TIME,ACCIDENT_TYPE,ACCIDENT_TYPE_DESC,DAY_OF_WEEK,DAY_WEEK_DESC,DCA_CODE,DCA_DESC,DIRECTORY,EDITION,PAGE,GRID_REFERENCE_X,GRID_REFERENCE_Y,LIGHT_CONDITION,LIGHT_CONDITION_DESC,NODE_ID_x,NO_OF_VEHICLES,NO_PERSONS,NO_PERSONS_INJ_2,NO_PERSONS_INJ_3,NO_PERSONS_KILLED,NO_PERSONS_NOT_INJ,POLICE_ATTEND,ROAD_GEOMETRY,ROAD_GEOMETRY_DESC,SEVERITY,SPEED_ZONE,NODE_ID_y,NODE_TYPE,AMG_X,AMG_Y,LG_AREA_NAME,REGION_NAME,DEG_URBAN_NAME,LATITUDE,LONGITUDE,POSTCODE
T20120022433,30/9/12,15.30.00,3,Struck animal,1,Sunday,167,STRUCK ANIMAL                        ,VCS,9,71,F,3,1,Day,255021,1,1,1,0,0,0,1,5,Not at intersection,2,100,255021.0,N,2169310.45,2430355.946,GLENELG,SOUTH WESTERN REGION,RURAL_VICTORIA,-37.56899,141.25545,3311.0
T20120022555,3/10/12,19.00.00,3,Struck animal,4,Wednesday,167,STRUCK ANIMAL                        ,MEL,40,386,G,8,2,Dusk/Dawn,256157,1,1,0,1,0,0,2,5,Not at intersection,3,100,256157.0,N,2492441.128,2433938.179,HUME,METROPOLITAN NORTH WEST REGION,MELB_URBAN,-37.595290000000006,144.9144,3064.0
T20120022845,8/10/12,21.00.00,3,Struck animal,2,Monday,167,STRUCK ANIMAL                        ,VCS,9,32,J,5,5,Dark No street lights,269569,1,1,0,1,0,0,2,5,Not at intersection,3,100,269569.0,N,2542970.979,2586431.624,SHEPPARTON,NORTH EASTERN REGION,RURAL_VICTORIA,-36.22006,145.47795,3634.0
T20120023641,19/10/12,17.52.00,3,Struck animal,6,Friday,167,STRUCK ANIMAL                        ,VCS,9,93,D,7,1,Day,255658,1,2,1,1,0,0,1,5,Not at intersection,2,100,255658.0,N,2427692.56,2350421.562,SURF COAST,SOUTH WESTERN REGION,RURAL_VICTORIA,-38.34492,144.17296000000002,3230.0
T20120023650,19/10/12,21.10.00,3,Struck animal,6,Friday,167,STRUCK ANIMAL                        ,MEL,40,472,E,9,5,Dark No street lights,273844,1,1,1,0,0,0,1,5,Not at intersection,2,100,273844.0,N,2468263.031,2365320.304,GEELONG,SOUTH WESTERN REGION,RURAL_VICTORIA,-38.213,144.63764,3222.0
T20120023992,20/10/12,20.30.00,3,Struck animal,7,Saturday,167,STRUCK ANIMAL                        ,MEL,40,140,D,5,6,Dark Street lights unknown,255761,1,2,0,1,0,1,2,5,Not at intersection,3,100,255761.0,N,2518924.05,2366915.597,CASEY,METROPOLITAN SOUTH EAST REGION,MELB_URBAN,-38.19898,145.21603000000002,3911.0
T20120024118,25/10/12,20.10.00,3,Struck animal,5,Thursday,167,STRUCK ANIMAL                        ,MEL,40,183,H,9,3,Dark Street lights on,255599,2,3,0,1,0,2,1,5,Not at intersection,3,70,255599.0,N,2508484.233,2428946.592,WHITTLESEA,METROPOLITAN NORTH WEST REGION,MELB_URBAN,-37.64026,145.09614,3752.0
T20120024427,29/10/12,16.05.00,3,Struck animal,2,Monday,167,STRUCK ANIMAL                        ,VCS,9,626,B,5,1,Day,255954,1,1,0,1,0,0,1,5,Not at intersection,3,100,255954.0,N,2472458.831,2508869.286,BENDIGO,NORTHERN REGION,RURAL_VICTORIA,-36.91966,144.69087,3523.0
T20120024583,4/10/12,19.15.00,3,Struck animal,5,Thursday,167,STRUCK ANIMAL                        ,VCS,9,92,G,8,5,Dark No street lights,269583,1,1,0,1,0,0,2,5,Not at intersection,3,100,269583.0,N,2403307.487,2342750.991,SURF COAST,SOUTH WESTERN REGION,RURAL_VICTORIA,-38.41178,143.89305,3235.0
T20120025169,8/11/12,19.15.00,3,Struck animal,5,Thursday,167,STRUCK ANIMAL                        ,VCS,9,632,F,6,1,Day,256665,1,1,1,0,0,0,1,5,Not at intersection,2,50,256665.0,N,2452562.204,2471862.714,MACEDON RANGES,NORTHERN REGION,TOWNS,-37.25237,144.46521,3444.0
T20120025243,9/11/12,21.50.00,3,Struck animal,6,Friday,167,STRUCK ANIMAL                        ,VCS,9,48,B,7,5,Dark No street lights,256509,1,2,0,2,0,0,1,2,T intersection,3,100,256509.0,I,2589914.606,2519102.252,BENALLA,NORTH EASTERN REGION,RURAL_VICTORIA,-36.82355,146.00798999999998,3673.0
T20120025379,5/11/12,20.30.00,3,Struck animal,2,Monday,167,STRUCK ANIMAL                        ,VCS,9,82,G,7,1,Day,256805,1,1,0,1,0,0,2,5,Not at intersection,3,999,256805.0,N,2668417.108,2402157.309,WELLINGTON,EASTERN REGION,RURAL_VICTORIA,-37.86642,146.91422,3859.0
T20120025505,7/11/12,17.00.00,3,Struck animal,4,Wednesday,167,STRUCK ANIMAL                        ,MEL,40,178,E,7,1,Day,257469,1,1,0,1,0,0,2,5,Not at intersection,3,80,257469.0,N,2488044.178,2429765.504,HUME,METROPOLITAN NORTH WEST REGION,RURAL_VICTORIA,-37.63284,144.86453999999998,3059.0
T20120025658,15/11/12,12.04.00,3,Struck animal,5,Thursday,167,STRUCK ANIMAL                        ,VCS,9,47,D,9,1,Day,256315,1,1,1,0,0,0,1,5,Not at intersection,2,100,256315.0,N,2563421.987,2502244.497,MANSFIELD,NORTH EASTERN REGION,RURAL_VICTORIA,-36.97763,145.71242,3715.0
T20120025789,8/11/12,20.00.00,3,Struck animal,5,Thursday,167,STRUCK ANIMAL                        ,VCS,9,415,E,13,5,Dark No street lights,269595,1,1,1,0,0,0,2,5,Not at intersection,2,100,269595.0,N,2467822.142,2448874.295,MACEDON RANGES,NORTHERN REGION,RURAL_VICTORIA,-37.46018,144.63625,3438.0
T20120025910,17/11/12,17.00.00,3,Struck animal,7,Saturday,167,STRUCK ANIMAL                        ,VCS,9,34,J,1,1,Day,256306,1,2,0,2,0,0,2,5,Not at intersection,3,100,256306.0,N,2633553.151,2610142.728,INDIGO,NORTH EASTERN REGION,RURAL_VICTORIA,-35.99798,146.48125,3685.0
T20120026174,21/11/12,22.45.00,3,Struck animal,4,Wednesday,167,STRUCK ANIMAL                        ,MEL,40,306,D,5,5,Dark No street lights,256438,1,1,0,1,0,0,1,5,Not at intersection,3,80,256438.0,N,2546186.366,2410707.876,YARRA RANGES,METROPOLITAN SOUTH EAST REGION,RURAL_VICTORIA,-37.803490000000004,145.52448,3139.0
T20120026954,1/12/12,15.10.00,3,Struck animal,7,Saturday,167,STRUCK ANIMAL                        ,MEL,40,38,B,2,1,Day,256838,2,1,0,1,0,0,1,5,Not at intersection,3,70,256838.0,N,2529676.825,2416854.7,YARRA RANGES,METROPOLITAN SOUTH EAST REGION,MELB_URBAN,-37.74878,145.33676,3140.0
T20120027843,12/12/12,23.10.00,3,Struck animal,4,Wednesday,167,STRUCK ANIMAL                        ,MEL,40,77,E,3,6,Dark Street lights unknown,256832,1,1,0,1,0,0,2,2,T intersection,3,60,256832.0,I,2503498.265,2396893.938,GLEN EIRA,METROPOLITAN SOUTH EAST REGION,MELB_URBAN,-37.92909,145.03978999999998,3204.0
T20120028037,11/12/12,19.00.00,3,Struck animal,3,Tuesday,167,STRUCK ANIMAL                        ,VCS,9,96,B,5,1,Day,256890,1,1,1,0,0,0,2,5,Not at intersection,2,100,256890.0,N,2550663.308,2367162.683,CARDINIA,METROPOLITAN SOUTH EAST REGION,RURAL_VICTORIA,-38.19556,145.57832,3981.0
T20120028266,17/12/12,06.30.00,3,Struck animal,2,Monday,167,STRUCK ANIMAL                        ,VCS,9,567,O,12,1,Day,258397,1,1,0,1,0,0,2,5,Not at intersection,3,80,258397.0,N,2404123.559,2435162.056,BALLARAT,WESTERN REGION,RURAL_VICTORIA,-37.579370000000004,143.91445,3352.0
T20120028492,19/12/12,21.25.00,3,Struck animal,4,Wednesday,167,STRUCK ANIMAL                        ,VCS,9,73,D,8,5,Dark No street lights,274242,1,2,1,1,0,0,2,5,Not at intersection,2,999,274242.0,N,2251785.832,2393724.205,SOUTHERN GRAMPIANS,SOUTH WESTERN REGION,RURAL_VICTORIA,-37.924490000000006,142.17642,3289.0
T20120028621,11/12/12,05.15.00,3,Struck animal,3,Tuesday,167,STRUCK ANIMAL                        ,MEL,40,45,A,2,2,Dusk/Dawn,257292,1,1,0,1,0,0,2,5,Not at intersection,3,100,257292.0,N,2502086.501,2412195.117,BOROONDARA,METROPOLITAN SOUTH EAST REGION,MELB_URBAN,-37.79123,145.02369,3101.0
T20120028884,25/12/12,14.00.00,3,Struck animal,3,Tuesday,167,STRUCK ANIMAL                        ,VCS,9,614,A,6,1,Day,257186,1,1,1,0,0,0,2,5,Not at intersection,2,80,257186.0,N,2436935.191,2520412.005,BENDIGO,NORTHERN REGION,RURAL_VICTORIA,-36.81393,144.29311,3551.0
T20120029098,30/12/12,16.00.00,3,Struck animal,1,Sunday,167,STRUCK ANIMAL                        ,VCS,9,73,H,2,1,Day,269634,2,2,0,2,0,0,2,5,Not at intersection,3,100,269634.0,N,2271191.593,2438530.981,ARARAT,WESTERN REGION,RURAL_VICTORIA,-37.5259,142.41092,3379.0
T20120029116,29/12/12,05.50.00,3,Struck animal,7,Saturday,167,STRUCK ANIMAL                        ,MEL,40,111,D,12,2,Dusk/Dawn,274396,6,13,1,1,0,11,1,5,Not at intersection,2,100,274396.0,N,2530579.362,2383638.926,CASEY,METROPOLITAN SOUTH EAST REGION,MELB_URBAN,-38.04801,145.34838,3806.0
T20130000062,2/1/13,01.10.00,3,Struck animal,4,Wednesday,167,STRUCK ANIMAL                        ,VCS,9,44,F,8,5,Dark No street lights,257244,1,1,0,1,0,0,1,5,Not at intersection,3,100,257244.0,N,2438783.919,2512561.723,BENDIGO,NORTHERN REGION,RURAL_VICTORIA,-36.8848,144.31319,3551.0
T20130000083,31/12/12,05.20.00,3,Struck animal,2,Monday,167,STRUCK ANIMAL                        ,VCS,9,453,C,2,2,Dusk/Dawn,257009,1,1,0,1,0,0,2,5,Not at intersection,3,80,257009.0,N,2427287.232,2376070.271,GOLDEN PLAINS,SOUTH WESTERN REGION,RURAL_VICTORIA,-38.11385,144.17088,3218.0
T20130000546,6/1/13,13.30.00,3,Struck animal,1,Sunday,167,STRUCK ANIMAL                        ,VCS,9,48,E,8,1,Day,267852,1,1,1,0,0,0,2,5,Not at intersection,2,100,267852.0,N,2610343.896,2507135.748,MANSFIELD,NORTH EASTERN REGION,RURAL_VICTORIA,-36.92922,146.23873,3723.0
T20130000570,4/1/13,18.00.00,3,Struck animal,6,Friday,167,STRUCK ANIMAL                        ,VCS,9,552,G,8,1,Day,267858,1,1,1,0,0,0,2,5,Not at intersection,2,80,267858.0,N,2280450.75,2479951.042,NORTHERN GRAMPIANS,WESTERN REGION,SMALL_TOWNS,-37.154990000000005,142.52781000000002,3381.0
T20130000800,13/1/13,09.30.00,3,Struck animal,1,Sunday,167,STRUCK ANIMAL                        ,VCS,9,36,H,4,1,Day,267897,1,1,1,0,0,0,1,5,Not at intersection,2,100,267897.0,N,2718600.797,2591924.881,TOWONG,NORTH EASTERN REGION,RURAL_VICTORIA,-36.146390000000004,147.42935,3704.0
T20130000980,15/1/13,23.30.00,3,Struck animal,3,Tuesday,167,STRUCK ANIMAL                        ,VCS,9,88,C,6,5,Dark No street lights,257456,1,3,0,1,0,2,1,5,Not at intersection,3,100,257456.0,N,2205381.176,2352377.026,GLENELG,SOUTH WESTERN REGION,RURAL_VICTORIA,-38.283190000000005,141.63231000000002,3305.0
T20130001128,18/1/13,03.00.00,3,Struck animal,6,Friday,167,STRUCK ANIMAL                        ,VCS,9,41,B,9,5,Dark No street lights,267929,1,1,1,0,0,0,1,5,Not at intersection,2,100,267929.0,N,2283141.844,2503257.993,NORTHERN GRAMPIANS,WESTERN REGION,RURAL_VICTORIA,-36.945640000000004,142.56481000000002,3385.0
T20130001281,20/1/13,10.30.00,3,Struck animal,1,Sunday,167,STRUCK ANIMAL                        ,VCS,9,44,E,7,1,Day,257302,1,1,1,0,0,0,1,5,Not at intersection,2,100,257302.0,N,2430359.625,2514265.517,BENDIGO,NORTHERN REGION,RURAL_VICTORIA,-36.86886,144.21884,3453.0
T20130001665,19/1/13,01.00.00,3,Struck animal,7,Saturday,167,STRUCK ANIMAL                        ,VCS,9,35,C,7,5,Dark No street lights,257629,1,1,0,1,0,0,2,5,Not at intersection,3,100,257629.0,N,2651172.893,2573868.684,INDIGO,NORTH EASTERN REGION,RURAL_VICTORIA,-36.32221,146.68375,3747.0
T20130001860,27/1/13,19.30.00,3,Struck animal,1,Sunday,167,STRUCK ANIMAL                        ,VCS,9,63,B,7,2,Dusk/Dawn,267998,1,1,0,1,0,0,2,5,Not at intersection,3,100,267998.0,N,2593705.665,2458299.081,MURRINDINDI,NORTH EASTERN REGION,RURAL_VICTORIA,-37.371109999999994,146.05806,3713.0
T20130002036,25/1/13,02.50.00,3,Struck animal,6,Friday,167,STRUCK ANIMAL                        ,VCS,9,32,E,7,5,Dark No street lights,257883,1,1,0,1,0,0,2,5,Not at intersection,3,100,257883.0,N,2517219.11,2569611.999,SHEPPARTON,NORTH EASTERN REGION,RURAL_VICTORIA,-36.37247,145.1919,3618.0
T20130002139,5/1/13,10.20.00,3,Struck animal,7,Saturday,167,STRUCK ANIMAL                        ,MEL,40,100,A,12,1,Day,43405,1,1,0,1,0,0,2,2,T intersection,3,60,43405.0,I,2513527.433,2373887.949,FRANKSTON,METROPOLITAN SOUTH EAST REGION,MELB_URBAN,-38.13626,145.15429,3199.0
T20130002460,3/2/13,15.00.00,3,Struck animal,1,Sunday,167,STRUCK ANIMAL                        ,VCS,9,92,H,7,1,Day,268054,1,1,0,1,0,0,2,2,T intersection,3,999,268054.0,N,2411635.773,2348974.524,SURF COAST,SOUTH WESTERN REGION,RURAL_VICTORIA,-38.356559999999995,143.98914,3241.0
T20130002592,28/12/12,05.45.00,3,Struck animal,6,Friday,167,STRUCK ANIMAL                        ,MEL,40,361,E,3,1,Day,258085,1,1,0,1,0,0,2,5,Not at intersection,3,90,258085.0,N,2472423.911,2440935.662,HUME,METROPOLITAN NORTH WEST REGION,RURAL_VICTORIA,-37.531859999999995,144.68798,3429.0
T20130002787,24/1/13,10.00.00,3,Struck animal,5,Thursday,167,STRUCK ANIMAL                        ,VCS,9,21,F,8,1,Day,268082,1,1,0,1,0,0,2,5,Not at intersection,3,100,268082.0,N,2437495.374,2621177.058,GANNAWARRA,NORTHERN REGION,RURAL_VICTORIA,-35.90585,144.3076,3567.0
T20130003021,12/12/12,22.30.00,3,Struck animal,4,Wednesday,167,STRUCK ANIMAL                        ,VCS,9,30,H,6,5,Dark No street lights,260981,1,1,0,1,0,0,2,5,Not at intersection,3,100,260981.0,N,2448769.752,2577621.619,CAMPASPE,NORTHERN REGION,RURAL_VICTORIA,-36.29905,144.4296,3572.0
T20130003308,16/2/13,06.15.00,3,Struck animal,7,Saturday,167,STRUCK ANIMAL                        ,VCS,9,62,C,4,2,Dusk/Dawn,258527,1,1,0,1,0,0,1,5,Not at intersection,3,100,258527.0,N,2558470.292,2482446.131,MURRINDINDI,NORTH EASTERN REGION,RURAL_VICTORIA,-37.15637,145.65833999999998,3714.0
T20130003593,20/2/13,04.59.00,3,Struck animal,4,Wednesday,167,STRUCK ANIMAL                        ,MEL,40,177,K,1,5,Dark No street lights,268202,1,1,1,0,0,0,1,5,Not at intersection,2,80,268202.0,N,2485850.952,2432143.027,HUME,METROPOLITAN NORTH WEST REGION,RURAL_VICTORIA,-37.61139,144.83973999999998,3063.0
T20130003670,20/2/13,20.55.00,3,Struck animal,4,Wednesday,167,STRUCK ANIMAL                        ,VCS,9,42,G,7,5,Dark No street lights,268209,1,1,1,0,0,0,2,5,Not at intersection,2,100,268209.0,N,2351386.577,2513693.647,NORTHERN GRAMPIANS,WESTERN REGION,RURAL_VICTORIA,-36.86486,143.33302,3477.0
T20130004091,6/5/12,23.00.00,3,Struck animal,1,Sunday,167,STRUCK ANIMAL                        ,VCS,9,76,G,5,5,Dark No street lights,273083,1,1,0,1,0,0,2,5,Not at intersection,3,100,273083.0,N,2401091.043,2421876.949,BALLARAT,WESTERN REGION,RURAL_VICTORIA,-37.69875,143.87835,3352.0
T20130004231,27/2/13,15.14.00,3,Struck animal,4,Wednesday,167,STRUCK ANIMAL                        ,VCS,9,414,H,9,1,Day,268279,1,2,0,2,0,0,2,5,Not at intersection,3,60,268279.0,N,2453827.608,2457842.336,MACEDON RANGES,NORTHERN REGION,RURAL_VICTORIA,-37.37878,144.47861,3442.0
T20130004542,3/3/13,09.20.00,3,Struck animal,1,Sunday,167,STRUCK ANIMAL                        ,MEL,40,23,G,5,1,Day,268313,1,1,0,1,0,0,1,5,Not at intersection,3,60,268313.0,N,2519865.243,2420606.069,NILLUMBIK,METROPOLITAN NORTH WEST REGION,RURAL_VICTORIA,-37.71524,145.22531999999998,3097.0
T20130004578,3/3/13,20.30.00,3,Struck animal,1,Sunday,167,STRUCK ANIMAL                        ,MEL,40,331,G,1,5,Dark No street lights,258842,1,1,1,0,0,0,1,5,Not at intersection,2,100,258842.0,N,2465271.617,2432153.819,MELTON,METROPOLITAN NORTH WEST REGION,RURAL_VICTORIA,-37.61075,144.60664,3337.0
T20130004598,25/2/13,22.30.00,3,Struck animal,2,Monday,167,STRUCK ANIMAL                        ,VCS,9,49,G,5,5,Dark No street lights,268322,1,1,0,1,0,0,2,5,Not at intersection,3,100,268322.0,N,2668084.556,2532450.333,ALPINE,NORTH EASTERN REGION,RURAL_VICTORIA,-36.69258,146.88118,3740.0
T20130004770,5/3/13,23.20.00,3,Struck animal,3,Tuesday,167,STRUCK ANIMAL                        ,VCS,9,34,H,4,5,Dark No street lights,268331,1,1,0,1,0,0,1,5,Not at intersection,3,100,268331.0,N,2625614.663,2595314.437,INDIGO,NORTH EASTERN REGION,RURAL_VICTORIA,-36.13268,146.39563,3682.0
T20130005065,3/3/13,22.30.00,3,Struck animal,1,Sunday,167,STRUCK ANIMAL                        ,VCS,9,44,E,9,5,Dark No street lights,259242,1,1,0,1,0,0,2,5,Not at intersection,3,100,259242.0,N,2433171.712,2503015.266,MOUNT ALEXANDER,NORTHERN REGION,RURAL_VICTORIA,-36.97045,144.24938999999998,3453.0
T20130005241,12/3/13,06.50.00,3,Struck animal,3,Tuesday,167,STRUCK ANIMAL                        ,VCS,9,415,C,3,2,Dusk/Dawn,258891,1,1,1,0,0,0,1,5,Not at intersection,2,100,258891.0,N,2465156.876,2468958.261,MACEDON RANGES,NORTHERN REGION,RURAL_VICTORIA,-37.2791,144.60706000000002,3442.0
T20130005423,14/3/13,04.15.00,3,Struck animal,5,Thursday,167,STRUCK ANIMAL                        ,VCS,9,660,D,7,5,Dark No street lights,259258,1,1,0,1,0,0,2,5,Not at intersection,3,60,259258.0,N,2654859.747,2546556.435,ALPINE,NORTH EASTERN REGION,TOWNS,-36.56773,146.73033,3737.0
T20130005623,16/3/13,18.05.00,3,Struck animal,7,Saturday,167,STRUCK ANIMAL                        ,VCS,9,57,D,7,2,Dusk/Dawn,268433,1,3,0,1,0,2,1,5,Not at intersection,3,100,268433.0,N,2334750.842,2459819.807,ARARAT,WESTERN REGION,RURAL_VICTORIA,-37.34751,143.13461999999998,3375.0
T20130005873,19/3/13,20.15.00,3,Struck animal,3,Tuesday,167,STRUCK ANIMAL                        ,VCS,9,427,D,5,5,Dark No street lights,259045,2,3,1,2,0,0,1,5,Not at intersection,2,80,259045.0,N,2502572.501,2440539.921,WHITTLESEA,METROPOLITAN NORTH WEST REGION,RURAL_VICTORIA,-37.53583,145.02911,3751.0
T20130005906,20/3/13,12.01.00,3,Struck animal,4,Wednesday,167,STRUCK ANIMAL                        ,VCS,9,3,C,7,9,Unknown,260993,1,1,0,1,0,0,2,5,Not at intersection,3,999,260993.0,N,2230063.776,2792674.03,MILDURA,WESTERN REGION,RURAL_VICTORIA,-34.32528,142.06915,3501.0
T20130006114,22/3/13,23.48.00,3,Struck animal,6,Friday,167,STRUCK ANIMAL                        ,MEL,40,139,K,9,5,Dark No street lights,268484,1,1,1,0,0,0,1,5,Not at intersection,2,100,268484.0,N,2532864.737,2370136.156,CASEY,METROPOLITAN SOUTH EAST REGION,RURAL_VICTORIA,-38.169579999999996,145.37502,3980.0
T20130006187,22/3/13,23.15.00,3,Struck animal,6,Friday,167,STRUCK ANIMAL                        ,VCS,9,32,G,7,5,Dark No street lights,268492,2,2,0,1,0,1,1,5,Not at intersection,3,100,268492.0,N,2528405.024,2573740.327,SHEPPARTON,NORTH EASTERN REGION,RURAL_VICTORIA,-36.334990000000005,145.31641000000002,3629.0
T20130006368,13/7/11,23.00.00,3,Struck animal,4,Wednesday,167,STRUCK ANIMAL                        ,VCS,9,45,B,7,2,Dusk/Dawn,261290,1,1,0,1,0,0,2,5,Not at intersection,3,100,261290.0,N,2464726.11,2517435.187,BENDIGO,NORTHERN REGION,RURAL_VICTORIA,-36.842209999999994,144.60447,3523.0
T20130006409,27/3/13,02.42.00,3,Struck animal,4,Wednesday,167,STRUCK ANIMAL                        ,MEL,40,390,G,11,5,Dark No street lights,258837,1,1,1,0,0,0,1,5,Not at intersection,2,80,258837.0,N,2508355.383,2432868.778,WHITTLESEA,METROPOLITAN NORTH WEST REGION,MELB_URBAN,-37.60492,145.09463,3754.0
T20130006415,27/3/13,05.55.00,3,Struck animal,4,Wednesday,167,STRUCK ANIMAL                        ,VCS,9,582,B,1,3,Dark Street lights on,259933,1,1,0,1,0,0,1,5,Not at intersection,3,60,259933.0,N,2422678.977,2466165.509,HEPBURN,WESTERN REGION,TOWNS,-37.30172,144.12775,3461.0
T20130006801,28/2/13,17.00.00,3,Struck animal,5,Thursday,167,STRUCK ANIMAL                        ,VCS,9,98,A,6,1,Day,268557,1,1,0,1,0,0,2,5,Not at intersection,3,999,268557.0,N,2634066.926,2358777.828,LATROBE,EASTERN REGION,RURAL_VICTORIA,-38.26276,146.5318,3844.0
T20130006935,25/3/13,21.30.00,3,Struck animal,2,Monday,167,STRUCK ANIMAL                        ,VCS,9,62,F,2,5,Dark No street lights,225221,1,1,1,0,0,0,2,2,T intersection,2,60,225221.0,I,2577260.572,2496410.652,MANSFIELD,NORTH EASTERN REGION,RURAL_VICTORIA,-37.02917,145.86846,3720.0
T20130007182,7/4/13,11.59.00,3,Struck animal,1,Sunday,167,STRUCK ANIMAL                        ,VCS,9,48,G,6,1,Day,268597,1,1,0,1,0,0,1,5,Not at intersection,3,100,268597.0,N,2621324.007,2524261.557,WANGARATTA,NORTH EASTERN REGION,RURAL_VICTORIA,-36.773540000000004,146.35923,3678.0
T20130007208,7/4/13,17.25.00,3,Struck animal,1,Sunday,167,STRUCK ANIMAL                        ,VCS,9,552,E,5,2,Dusk/Dawn,268604,1,2,0,1,0,1,1,5,Not at intersection,3,60,268604.0,N,2279745.291,2481187.12,NORTHERN GRAMPIANS,WESTERN REGION,SMALL_TOWNS,-37.14369,142.52023,3381.0
T20130008079,18/4/13,04.30.00,3,Struck animal,5,Thursday,167,STRUCK ANIMAL                        ,MEL,40,319,G,6,5,Dark No street lights,268688,1,1,0,1,0,0,2,5,Not at intersection,3,100,268688.0,N,2551125.641,2381048.427,CARDINIA,METROPOLITAN SOUTH EAST REGION,RURAL_VICTORIA,-38.07045,145.58263,3812.0
T20130008225,21/4/13,05.45.00,3,Struck animal,1,Sunday,167,STRUCK ANIMAL                        ,MEL,40,334,C,4,5,Dark No street lights,259858,1,2,1,1,0,0,1,5,Not at intersection,2,110,259858.0,N,2451913.538,2425899.148,MOORABOOL,WESTERN REGION,RURAL_VICTORIA,-37.66652,144.45493000000002,3340.0
T20130008260,20/4/13,23.45.00,3,Struck animal,7,Saturday,167,STRUCK ANIMAL                        ,VCS,9,429,C,3,5,Dark No street lights,268712,1,1,1,0,0,0,1,5,Not at intersection,2,100,268712.0,N,2537047.077,2444767.873,MURRINDINDI,NORTH EASTERN REGION,RURAL_VICTORIA,-37.497,145.41899999999998,3763.0
T20130008279,20/4/13,11.45.00,3,Struck animal,7,Saturday,167,STRUCK ANIMAL                        ,VCS,9,63,G,4,1,Day,268715,1,1,1,0,0,0,1,5,Not at intersection,2,999,268715.0,N,2619272.375,2478794.538,MANSFIELD,NORTH EASTERN REGION,RURAL_VICTORIA,-37.18352,146.34344,3723.0
T20130008347,23/4/13,01.25.00,3,Struck animal,3,Tuesday,167,STRUCK ANIMAL                        ,VCS,9,46,E,3,5,Dark No street lights,268730,1,1,1,0,0,0,1,1,Cross intersection,2,100,268730.0,I,2520159.936,2544827.757,SHEPPARTON,NORTH EASTERN REGION,RURAL_VICTORIA,-36.59578,145.22533,3610.0
T20130008377,2/4/13,07.15.00,3,Struck animal,3,Tuesday,167,STRUCK ANIMAL                        ,VCS,9,93,F,7,1,Day,260613,1,1,0,1,0,0,1,5,Not at intersection,3,80,260613.0,N,2436391.366,2349145.941,SURF COAST,SOUTH WESTERN REGION,RURAL_VICTORIA,-38.35705,144.27233999999999,3228.0
T20130008823,15/4/13,05.40.00,3,Struck animal,2,Monday,167,STRUCK ANIMAL                        ,MEL,40,646,E,12,5,Dark No street lights,268790,1,2,0,1,0,1,2,5,Not at intersection,3,110,268790.0,N,2499443.283,2453464.282,MITCHELL,NORTHERN REGION,RURAL_VICTORIA,-37.41937,144.99371000000002,3756.0
T20130008832,28/4/13,03.45.00,3,Struck animal,1,Sunday,167,STRUCK ANIMAL                        ,VCS,9,76,G,7,5,Dark No street lights,268792,1,1,0,1,0,0,2,5,Not at intersection,3,100,268792.0,N,2402090.275,2407771.637,GOLDEN PLAINS,SOUTH WESTERN REGION,RURAL_VICTORIA,-37.82594,143.88781,3352.0
T20130008844,27/4/13,14.00.00,3,Struck animal,7,Saturday,167,STRUCK ANIMAL                        ,MEL,40,185,E,2,1,Day,259961,1,2,0,2,0,0,2,5,Not at intersection,3,999,259961.0,N,2515343.064,2431635.935,NILLUMBIK,METROPOLITAN NORTH WEST REGION,RURAL_VICTORIA,-37.61594,145.1738,3754.0
T20130008952,29/4/13,18.30.00,3,Struck animal,2,Monday,167,STRUCK ANIMAL                        ,VCS,9,76,G,4,5,Dark No street lights,268806,1,1,1,0,0,0,2,5,Not at intersection,2,80,268806.0,N,2403203.193,2426841.472,BALLARAT,WESTERN REGION,RURAL_VICTORIA,-37.65424,143.90295,3357.0
T20130009047,2/5/13,06.50.00,3,Struck animal,5,Thursday,167,STRUCK ANIMAL                        ,VCS,9,72,H,5,2,Dusk/Dawn,268822,1,1,1,0,0,0,1,1,Cross intersection,2,100,268822.0,I,2231716.094,2419422.567,SOUTHERN GRAMPIANS,SOUTH WESTERN REGION,RURAL_VICTORIA,-37.687490000000004,141.9576,3301.0
T20130009409,7/5/13,06.40.00,3,Struck animal,3,Tuesday,167,STRUCK ANIMAL                        ,VCS,9,552,J,2,2,Dusk/Dawn,268867,1,1,1,0,0,0,1,5,Not at intersection,2,100,268867.0,N,2281428.832,2482942.795,NORTHERN GRAMPIANS,WESTERN REGION,RURAL_VICTORIA,-37.12827,142.53968999999998,3381.0
T20130009643,9/5/13,20.55.00,3,Struck animal,5,Thursday,167,STRUCK ANIMAL                        ,VCS,9,612,J,7,6,Dark Street lights unknown,261613,1,2,1,0,0,1,1,5,Not at intersection,2,100,261613.0,N,2431095.629,2520008.576,BENDIGO,NORTHERN REGION,LARGE_PROVINCIAL_CITIES,-36.81716,144.22762,3555.0