ACCIDENT_NO,ACCIDENT_DATE,ACCIDENT_TIME,ACCIDENT_TYPE,ACCIDENT_TYPE_DESC,DAY_OF_WEEK,DAY_WEEK_DESC,DCA_CODE,DCA_DESC,DIRECTORY,EDITION,PAGE,GRID_REFERENCE_X,GRID_REFERENCE_Y,LIGHT_CONDITION,LIGHT_CONDITION_DESC,NODE_ID_x,NO_OF_VEHICLES,NO_PERSONS,NO_PERSONS_INJ_2,NO_PERSONS_INJ_3,NO_PERSONS_KILLED,NO_PERSONS_NOT_INJ,POLICE_ATTEND,ROAD_GEOMETRY,ROAD_GEOMETRY_DESC,SEVERITY,SPEED_ZONE,NODE_ID_y,NODE_TYPE,AMG_X,AMG_Y,LG_AREA_NAME,REGION_NAME,DEG_URBAN_NAME,LATITUDE,LONGITUDE,POSTCODE
T20130009708,10/5/13,04.45.00,3,Struck animal,6,Friday,167,STRUCK ANIMAL                        ,VCS,9,102,C,2,5,Dark No street lights,268914,1,3,2,0,0,1,2,5,Not at intersection,2,100,268914.0,N,2551717.179,2327951.997,BASS COAST,EASTERN REGION,RURAL_VICTORIA,-38.54869,145.59313999999998,3992.0
T20130009815,11/5/13,19.45.00,3,Struck animal,7,Saturday,167,STRUCK ANIMAL                        ,VCS,9,42,F,3,5,Dark No street lights,268931,1,2,0,1,0,1,1,5,Not at intersection,3,100,268931.0,N,2346183.377,2540616.639,NORTHERN GRAMPIANS,WESTERN REGION,RURAL_VICTORIA,-36.62142,143.28011999999998,3477.0
T20130010150,15/5/13,23.00.00,3,Struck animal,4,Wednesday,167,STRUCK ANIMAL                        ,MEL,40,353,J,2,5,Dark No street lights,55844,1,1,1,0,0,0,1,1,Cross intersection,2,100,55844.0,I,2473771.03,2426902.375,MELTON,METROPOLITAN NORTH WEST REGION,RURAL_VICTORIA,-37.65835,144.70272,3427.0
T20130010381,18/5/13,18.00.00,3,Struck animal,7,Saturday,167,STRUCK ANIMAL                        ,VCS,9,34,F,3,5,Dark No street lights,268996,1,2,0,1,0,1,1,5,Not at intersection,3,100,268996.0,N,2614853.133,2601621.774,INDIGO,NORTH EASTERN REGION,RURAL_VICTORIA,-36.0772,146.27514,3685.0
T20130010440,19/5/13,12.30.00,3,Struck animal,1,Sunday,167,STRUCK ANIMAL                        ,VCS,9,87,D,3,1,Day,269001,1,1,0,1,0,0,1,5,Not at intersection,3,100,269001.0,N,2165549.23,2374727.878,GLENELG,SOUTH WESTERN REGION,RURAL_VICTORIA,-38.068459999999995,141.18769,3292.0
T20130010473,20/5/13,06.40.00,3,Struck animal,2,Monday,167,STRUCK ANIMAL                        ,VCS,9,47,G,3,2,Dusk/Dawn,269004,1,1,1,0,0,0,1,5,Not at intersection,2,100,269004.0,N,2579789.009,2546270.001,BENALLA,NORTH EASTERN REGION,RURAL_VICTORIA,-36.57963,145.89163,3670.0
T20130010608,22/5/13,06.55.00,3,Struck animal,4,Wednesday,167,STRUCK ANIMAL                        ,VCS,9,57,G,5,5,Dark No street lights,269024,1,1,0,1,0,0,1,5,Not at intersection,3,100,269024.0,N,2355638.712,2477401.178,PYRENEES,WESTERN REGION,RURAL_VICTORIA,-37.19255,143.37375,3468.0
T20130010638,26/3/13,17.00.00,3,Struck animal,3,Tuesday,167,STRUCK ANIMAL                        ,MEL,40,291,A,11,9,Unknown,269027,1,1,0,1,0,0,2,5,Not at intersection,3,999,269027.0,N,2564284.762,2416513.291,YARRA RANGES,METROPOLITAN SOUTH EAST REGION,SMALL_TOWNS,-37.75011,145.72949,3799.0
T20130010725,21/5/13,08.20.00,3,Struck animal,3,Tuesday,167,STRUCK ANIMAL                        ,VCS,9,93,F,7,1,Day,260728,1,1,0,1,0,0,2,2,T intersection,3,80,260728.0,I,2435070.734,2349953.718,SURF COAST,SOUTH WESTERN REGION,RURAL_VICTORIA,-38.34968,144.2573,3228.0
T20130010785,23/5/13,19.45.00,3,Struck animal,5,Thursday,167,STRUCK ANIMAL                        ,VCS,9,31,D,4,5,Dark No street lights,269044,1,1,0,1,0,0,2,5,Not at intersection,3,100,269044.0,N,2474355.86,2590686.473,CAMPASPE,NORTHERN REGION,RURAL_VICTORIA,-36.18234,144.71491,3564.0
T20130010870,25/5/13,06.50.00,3,Struck animal,7,Saturday,167,STRUCK ANIMAL                        ,VCS,9,21,E,6,2,Dusk/Dawn,19627,1,1,1,0,0,0,1,2,T intersection,2,100,19627.0,I,2428144.173,2633781.557,GANNAWARRA,NORTHERN REGION,RURAL_VICTORIA,-35.7916,144.20518,3568.0
T20130010999,27/5/13,23.26.00,3,Struck animal,2,Monday,167,STRUCK ANIMAL                        ,VCS,9,84,C,7,5,Dark No street lights,269072,1,1,0,1,0,0,1,5,Not at intersection,3,100,269072.0,N,2732854.956,2402387.906,EAST GIPPSLAND,EASTERN REGION,RURAL_VICTORIA,-37.85044,147.64621,3875.0
T20130011356,29/5/13,20.50.00,3,Struck animal,4,Wednesday,167,STRUCK ANIMAL                        ,MEL,40,287,J,6,3,Dark Street lights on,269115,1,4,0,1,0,3,1,5,Not at intersection,3,80,269115.0,N,2551850.022,2413758.747,YARRA RANGES,METROPOLITAN SOUTH EAST REGION,RURAL_VICTORIA,-37.7757,145.58858,3139.0
T20130011423,24/3/13,00.59.00,3,Struck animal,0,Sunday,167,STRUCK ANIMAL                        ,MEL,43,385,J,7,5,Dark No street lights,330623,1,3,0,1,0,2,1,1,Cross intersection,3,80,330623.0,I,2489375.195,2434538.389,HUME,METROPOLITAN NORTH WEST REGION,RURAL_VICTORIA,-37.58985,144.87968999999998,3064.0
T20130011938,9/6/13,02.40.00,3,Struck animal,1,Sunday,167,STRUCK ANIMAL                        ,MEL,40,658,K,11,5,Dark No street lights,261387,1,1,1,0,0,0,1,5,Not at intersection,2,100,261387.0,N,2466406.667,2447330.37,MACEDON RANGES,NORTHERN REGION,RURAL_VICTORIA,-37.47404,144.62018,3438.0
T20130012017,10/6/13,10.00.00,3,Struck animal,1,Monday,167,STRUCK ANIMAL                        ,VCS,9,35,E,7,1,Day,331507,1,1,1,0,0,0,2,5,Not at intersection,2,100,331507.0,N,2657892.91,2571180.868,INDIGO,NORTH EASTERN REGION,RURAL_VICTORIA,-36.34534,146.75913,3747.0
T20130012082,22/5/13,00.30.00,3,Struck animal,4,Wednesday,167,STRUCK ANIMAL                        ,MEL,40,388,F,11,5,Dark No street lights,269215,1,1,0,1,0,0,2,5,Not at intersection,3,100,269215.0,N,2499959.387,2432809.67,WHITTLESEA,METROPOLITAN NORTH WEST REGION,RURAL_VICTORIA,-37.60549,144.99954,3750.0
T20130013189,25/6/13,00.50.00,3,Struck animal,3,Tuesday,167,STRUCK ANIMAL                        ,VCS,9,424,J,4,5,Dark No street lights,261363,1,1,0,1,0,0,1,2,T intersection,3,100,261363.0,I,2455797.456,2444823.539,MACEDON RANGES,NORTHERN REGION,RURAL_VICTORIA,-37.496190000000006,144.50008,3437.0
T20130013193,25/6/13,06.30.00,3,Struck animal,3,Tuesday,167,STRUCK ANIMAL                        ,VCS,9,565,L,9,5,Dark No street lights,269352,1,1,0,1,0,0,1,5,Not at intersection,3,100,269352.0,N,2392685.472,2436403.476,BALLARAT,WESTERN REGION,LARGE_PROVINCIAL_CITIES,-37.56694,143.78513999999998,3350.0
T20130013347,18/6/13,12.30.00,3,Struck animal,3,Tuesday,167,STRUCK ANIMAL                        ,VCS,9,44,E,7,1,Day,261417,1,1,0,1,0,0,2,5,Not at intersection,3,100,261417.0,N,2430841.479,2515456.58,BENDIGO,NORTHERN REGION,RURAL_VICTORIA,-36.85816,144.22435,3453.0
T20130013577,30/6/13,14.30.00,3,Struck animal,1,Sunday,167,STRUCK ANIMAL                        ,VCS,9,44,G,3,1,Day,269416,1,1,1,0,0,0,1,5,Not at intersection,2,100,269416.0,N,2440746.581,2548192.779,BENDIGO,NORTHERN REGION,RURAL_VICTORIA,-36.56381,144.33799,3551.0
T20130013621,1/7/13,04.45.00,3,Struck animal,2,Monday,167,STRUCK ANIMAL                        ,VCS,9,44,D,6,5,Dark No street lights,261715,1,1,0,1,0,0,1,5,Not at intersection,3,100,261715.0,N,2426894.2,2520974.972,BENDIGO,NORTHERN REGION,RURAL_VICTORIA,-36.80813,144.18062,3551.0
T20130013773,3/7/13,06.10.00,3,Struck animal,4,Wednesday,167,STRUCK ANIMAL                        ,VCS,9,97,G,4,5,Dark No street lights,261665,1,1,0,1,0,0,1,5,Not at intersection,3,100,261665.0,N,2617965.588,2369012.577,LATROBE,EASTERN REGION,RURAL_VICTORIA,-38.17277,146.34621,3825.0
T20130013806,22/6/13,19.00.00,3,Struck animal,7,Saturday,167,STRUCK ANIMAL                        ,VCS,9,594,C,8,5,Dark No street lights,269427,1,1,0,1,0,0,2,5,Not at intersection,3,100,269427.0,N,2405067.771,2544268.006,LODDON,NORTHERN REGION,RURAL_VICTORIA,-36.596270000000004,143.93891000000002,3516.0
T20130013983,5/7/13,15.50.00,3,Struck animal,6,Friday,167,STRUCK ANIMAL                        ,VCS,9,50,E,2,1,Day,261673,1,1,0,1,0,0,1,5,Not at intersection,3,100,261673.0,N,2699511.887,2552647.445,TOWONG,NORTH EASTERN REGION,RURAL_VICTORIA,-36.50448,147.2275,3701.0
T20130014115,8/7/13,07.22.00,3,Struck animal,2,Monday,167,STRUCK ANIMAL                        ,VCS,9,89,H,5,2,Dusk/Dawn,261739,1,1,0,1,0,0,1,5,Not at intersection,3,100,261739.0,N,2274120.669,2362755.878,MOYNE,SOUTH WESTERN REGION,RURAL_VICTORIA,-38.20908,142.42082,3276.0
T20130014264,10/7/13,00.05.00,3,Struck animal,4,Wednesday,167,STRUCK ANIMAL                        ,VCS,9,633,Q,7,5,Dark No street lights,261796,1,2,1,1,0,0,1,2,T intersection,2,80,261796.0,I,2458192.063,2459495.346,MACEDON RANGES,NORTHERN REGION,TOWNS,-37.364090000000004,144.52799,3442.0
T20130014293,6/6/13,17.25.00,3,Struck animal,5,Thursday,167,STRUCK ANIMAL                        ,VCS,9,60,H,4,2,Dusk/Dawn,269437,1,3,0,1,0,2,2,5,Not at intersection,3,100,269437.0,N,2499702.862,2479491.919,MITCHELL,NORTHERN REGION,RURAL_VICTORIA,-37.18482,144.99665,3658.0
T20130014303,9/7/13,17.50.00,3,Struck animal,3,Tuesday,167,STRUCK ANIMAL                        ,MEL,40,66,A,12,2,Dusk/Dawn,262362,1,1,0,1,0,0,2,5,Not at intersection,3,70,262362.0,N,2529380.164,2403339.061,YARRA RANGES,METROPOLITAN SOUTH EAST REGION,MELB_URBAN,-37.87057,145.33393,3787.0
T20130014644,5/6/13,19.45.00,3,Struck animal,4,Wednesday,167,STRUCK ANIMAL                        ,VCS,9,503,N,8,3,Dark Street lights on,261878,1,1,0,1,0,0,2,2,T intersection,3,60,261878.0,N,2202234.364,2342991.019,GLENELG,SOUTH WESTERN REGION,TOWNS,-38.36668,141.59253,3305.0
T20130014835,16/7/13,21.21.00,3,Struck animal,3,Tuesday,167,STRUCK ANIMAL                        ,MEL,40,198,C,3,5,Dark No street lights,262088,1,2,1,0,0,1,1,5,Not at intersection,2,80,262088.0,N,2475600.076,2397157.823,WYNDHAM,METROPOLITAN NORTH WEST REGION,RURAL_VICTORIA,-37.9264,144.72247,3030.0
T20130014838,17/7/13,19.10.00,3,Struck animal,4,Wednesday,167,STRUCK ANIMAL                        ,VCS,9,37,C,5,5,Dark No street lights,262049,1,1,0,1,0,0,1,5,Not at intersection,3,100,262049.0,N,2739753.566,2582750.992,TOWONG,NORTH EASTERN REGION,RURAL_VICTORIA,-36.22394,147.66716,3691.0
T20130014874,18/7/13,21.55.00,3,Struck animal,5,Thursday,167,STRUCK ANIMAL                        ,VCS,9,89,G,4,5,Dark No street lights,262366,1,1,0,1,0,0,2,5,Not at intersection,3,100,262366.0,N,2265996.752,2370083.161,MOYNE,SOUTH WESTERN REGION,RURAL_VICTORIA,-38.14108,142.33045,3287.0
T20130015138,15/9/12,19.00.00,3,Struck animal,7,Saturday,167,STRUCK ANIMAL                        ,MEL,40,108,G,2,5,Dark No street lights,273132,1,1,0,1,0,0,2,2,T intersection,3,80,273132.0,N,2527863.09,2392583.965,CASEY,METROPOLITAN SOUTH EAST REGION,RURAL_VICTORIA,-37.96751,145.31708999999998,3804.0
T20130015245,24/7/13,05.30.00,3,Struck animal,4,Wednesday,167,STRUCK ANIMAL                        ,VCS,9,459,C,3,5,Dark No street lights,262100,1,1,1,0,0,0,1,5,Not at intersection,2,100,262100.0,N,2534998.788,2373081.612,CASEY,METROPOLITAN SOUTH EAST REGION,SMALL_TOWNS,-38.14297,145.39923000000002,3978.0
T20130015590,28/7/13,01.45.00,3,Struck animal,1,Sunday,167,STRUCK ANIMAL                        ,VCS,9,674,E,5,5,Dark No street lights,262286,1,2,0,2,0,0,1,5,Not at intersection,3,100,262286.0,N,2530919.768,2564854.034,SHEPPARTON,NORTH EASTERN REGION,RURAL_VICTORIA,-36.415,145.34478000000001,3629.0
T20130016389,9/7/13,23.40.00,3,Struck animal,3,Tuesday,167,STRUCK ANIMAL                        ,VCS,9,84,D,7,5,Dark No street lights,262559,1,2,0,1,0,1,1,5,Not at intersection,3,70,262559.0,N,2741979.128,2406005.67,EAST GIPPSLAND,EASTERN REGION,RURAL_VICTORIA,-37.815529999999995,147.74866,3882.0
T20130016586,12/8/13,10.18.00,3,Struck animal,2,Monday,167,STRUCK ANIMAL                        ,MEL,40,93,B,11,1,Day,262673,1,1,1,0,0,0,1,5,Not at intersection,2,50,262673.0,N,2510149.315,2384137.334,KINGSTON,METROPOLITAN SOUTH EAST REGION,MELB_URBAN,-38.04397,145.11562,3196.0
T20130016778,14/8/13,20.10.00,3,Struck animal,4,Wednesday,167,STRUCK ANIMAL                        ,MEL,40,389,J,9,5,Dark No street lights,263129,1,1,1,0,0,0,1,5,Not at intersection,2,100,263129.0,N,2505238.162,2433807.146,WHITTLESEA,METROPOLITAN NORTH WEST REGION,RURAL_VICTORIA,-37.59649,145.05931999999999,3754.0
T20130016984,17/8/13,00.25.00,3,Struck animal,7,Saturday,167,STRUCK ANIMAL                        ,VCS,9,32,E,4,5,Dark No street lights,264974,1,1,1,0,0,0,1,5,Not at intersection,2,100,264974.0,N,2517125.467,2596012.891,MOIRA,NORTH EASTERN REGION,RURAL_VICTORIA,-36.13453,145.19027,3638.0
T20130017100,18/8/13,13.45.00,3,Struck animal,1,Sunday,167,STRUCK ANIMAL                        ,VCS,9,82,C,3,1,Day,262815,1,1,0,1,0,0,2,5,Not at intersection,3,999,262815.0,N,2644888.8,2432035.854,WELLINGTON,EASTERN REGION,RURAL_VICTORIA,-37.601209999999995,146.641,3858.0
T20130017222,20/8/13,19.05.00,3,Struck animal,3,Tuesday,167,STRUCK ANIMAL                        ,VCS,9,47,H,9,5,Dark No street lights,263254,1,1,0,1,0,0,1,5,Not at intersection,3,100,263254.0,N,2588804.045,2503437.4,MANSFIELD,NORTH EASTERN REGION,RURAL_VICTORIA,-36.96483,145.99738,3723.0
T20130017315,11/5/13,05.45.00,3,Struck animal,6,Saturday,167,STRUCK ANIMAL                        ,VCS,9,97,G,6,2,Dusk/Dawn,277428,2,2,0,1,0,1,2,5,Not at intersection,3,100,277428.0,N,2615571.444,2357283.421,LATROBE,EASTERN REGION,RURAL_VICTORIA,-38.27872,146.32075,3840.0
T20130017388,9/7/13,06.40.00,3,Struck animal,3,Tuesday,167,STRUCK ANIMAL                        ,VCS,9,613,S,9,5,Dark No street lights,262907,1,1,0,1,0,0,2,5,Not at intersection,3,100,262907.0,N,2435484.513,2519008.562,BENDIGO,NORTHERN REGION,RURAL_VICTORIA,-36.82648,144.27673000000001,3551.0
T20130017838,27/5/13,00.20.00,3,Struck animal,2,Monday,167,STRUCK ANIMAL                        ,MEL,40,211,K,3,5,Dark No street lights,269481,1,1,0,1,0,0,2,5,Not at intersection,3,90,269481.0,N,2540668.318,2392229.675,CARDINIA,METROPOLITAN SOUTH EAST REGION,RURAL_VICTORIA,-37.97023,145.46284,3808.0
T20130018029,31/8/13,21.00.00,3,Struck animal,7,Saturday,167,STRUCK ANIMAL                        ,VCS,9,36,B,4,3,Dark Street lights on,263220,1,1,1,0,0,0,1,5,Not at intersection,2,40,263220.0,N,2680411.083,2594261.504,WODONGA,NORTH EASTERN REGION,RURAL_VICTORIA,-36.13335,147.00453000000002,3691.0
T20130018058,31/8/13,19.25.00,3,Struck animal,7,Saturday,167,STRUCK ANIMAL                        ,VCS,9,32,H,3,5,Dark No street lights,263439,1,2,1,0,0,1,1,5,Not at intersection,2,100,263439.0,N,2538901.176,2603305.942,MOIRA,NORTH EASTERN REGION,RURAL_VICTORIA,-36.06816,145.43183,3636.0
T20130018227,3/9/13,18.50.00,3,Struck animal,3,Tuesday,167,STRUCK ANIMAL                        ,VCS,9,84,G,5,5,Dark No street lights,263177,2,4,0,1,0,3,1,5,Not at intersection,3,100,263177.0,N,2754074.121,2415766.039,EAST GIPPSLAND,EASTERN REGION,RURAL_VICTORIA,-37.7244,147.88261,3885.0
T20130018614,8/9/13,15.30.00,3,Struck animal,1,Sunday,167,STRUCK ANIMAL                        ,VCS,9,101,E,3,1,Day,263543,1,1,0,1,0,0,2,5,Not at intersection,3,999,263543.0,N,2395655.512,2322288.12,COLAC OTWAY,SOUTH WESTERN REGION,RURAL_VICTORIA,-38.595240000000004,143.80251,3249.0
T20130018772,11/9/13,21.05.00,3,Struck animal,4,Wednesday,167,STRUCK ANIMAL                        ,MEL,40,182,C,2,5,Dark No street lights,263328,2,3,1,0,0,2,1,5,Not at intersection,2,80,263328.0,N,2502651.752,2431653.983,WHITTLESEA,METROPOLITAN NORTH WEST REGION,RURAL_VICTORIA,-37.6159,145.03003999999999,3750.0
T20130018853,13/9/13,00.01.00,3,Struck animal,6,Friday,167,STRUCK ANIMAL                        ,VCS,9,35,F,7,5,Dark No street lights,263490,1,1,0,1,0,0,1,5,Not at intersection,3,100,263490.0,N,2667578.098,2572981.496,INDIGO,NORTH EASTERN REGION,RURAL_VICTORIA,-36.32745,146.86661999999998,3749.0
T20130019231,11/9/13,18.30.00,3,Struck animal,4,Wednesday,167,STRUCK ANIMAL                        ,VCS,9,45,A,6,5,Dark No street lights,263506,1,1,0,1,0,0,2,5,Not at intersection,3,100,263506.0,N,2459216.268,2522831.176,BENDIGO,NORTHERN REGION,RURAL_VICTORIA,-36.79336,144.54298,3551.0
T20130020064,29/9/13,18.45.00,3,Struck animal,1,Sunday,167,STRUCK ANIMAL                        ,VCS,9,427,D,2,5,Dark No street lights,264850,1,1,1,0,0,0,1,5,Not at intersection,2,100,264850.0,N,2502108.575,2447360.857,WHITTLESEA,METROPOLITAN NORTH WEST REGION,RURAL_VICTORIA,-37.47437,145.02383999999998,3753.0
T20130020143,22/9/13,15.00.00,3,Struck animal,1,Sunday,167,STRUCK ANIMAL                        ,MEL,40,289,G,4,1,Day,264288,1,1,0,1,0,0,2,5,Not at intersection,3,80,264288.0,N,2559055.002,2416090.225,YARRA RANGES,METROPOLITAN SOUTH EAST REGION,RURAL_VICTORIA,-37.75427,145.67018000000002,3799.0
T20130020232,22/9/13,19.00.00,3,Struck animal,1,Sunday,167,STRUCK ANIMAL                        ,MEL,40,227,F,7,5,Dark No street lights,264289,1,1,0,1,0,0,2,5,Not at intersection,3,100,264289.0,N,2465066.266,2410094.495,WYNDHAM,METROPOLITAN NORTH WEST REGION,RURAL_VICTORIA,-37.809509999999996,144.60327,3024.0
T20130020366,3/10/13,01.00.00,3,Struck animal,5,Thursday,167,STRUCK ANIMAL                        ,VCS,9,91,E,6,5,Dark No street lights,264443,1,1,0,1,0,0,2,5,Not at intersection,3,100,264443.0,N,2346879.706,2359467.797,CORANGAMITE,SOUTH WESTERN REGION,RURAL_VICTORIA,-38.25359,143.25069,3260.0
T20130020967,9/9/13,19.10.00,3,Struck animal,2,Monday,167,STRUCK ANIMAL                        ,VCS,9,55,E,4,5,Dark No street lights,264197,1,2,0,1,0,1,2,5,Not at intersection,3,100,264197.0,N,2253947.281,2475891.87,SOUTHERN GRAMPIANS,SOUTH WESTERN REGION,RURAL_VICTORIA,-37.184979999999996,142.2282,3314.0
T20130021144,13/10/13,00.30.00,3,Struck animal,1,Sunday,167,STRUCK ANIMAL                        ,VCS,9,73,H,3,5,Dark No street lights,264641,1,2,0,2,0,0,1,5,Not at intersection,3,100,264641.0,N,2268939.803,2433120.626,ARARAT,WESTERN REGION,RURAL_VICTORIA,-37.57408,142.38377,3379.0
T20130021235,21/9/13,02.50.00,3,Struck animal,7,Saturday,167,STRUCK ANIMAL                        ,MEL,40,358,A,2,5,Dark No street lights,263879,1,1,1,0,0,0,2,5,Not at intersection,2,100,263879.0,N,2474655.832,2416912.827,MELTON,METROPOLITAN NORTH WEST REGION,RURAL_VICTORIA,-37.74838,144.71241,3335.0
T20130021274,15/10/13,06.30.00,3,Struck animal,3,Tuesday,167,STRUCK ANIMAL                        ,MEL,40,332,F,5,2,Dusk/Dawn,263964,2,2,1,0,0,1,1,5,Not at intersection,2,100,263964.0,N,2468999.288,2430502.868,MELTON,METROPOLITAN NORTH WEST REGION,RURAL_VICTORIA,-37.62576,144.64879,3337.0
T20130021440,16/10/13,18.00.00,3,Struck animal,4,Wednesday,167,STRUCK ANIMAL                        ,VCS,9,68,B,8,1,Day,264711,1,1,0,1,0,0,2,5,Not at intersection,3,100,264711.0,N,2821014.56,2451132.91,EAST GIPPSLAND,EASTERN REGION,RURAL_VICTORIA,-37.38528,148.62615,3888.0
T20130021585,18/10/13,21.10.00,3,Struck animal,6,Friday,167,STRUCK ANIMAL                        ,VCS,9,97,G,5,5,Dark No street lights,264735,1,3,0,1,0,2,1,5,Not at intersection,3,110,264735.0,N,2615646.617,2364999.622,LATROBE,EASTERN REGION,RURAL_VICTORIA,-38.20921,146.32038,3825.0
T20130021732,19/10/13,13.30.00,3,Struck animal,7,Saturday,167,STRUCK ANIMAL                        ,VCS,9,34,E,3,1,Day,264129,1,1,1,0,0,0,2,5,Not at intersection,2,999,264129.0,N,2607152.613,2601582.474,MOIRA,NORTH EASTERN REGION,RURAL_VICTORIA,-36.07845,146.18966,3730.0
T20130021824,20/10/13,08.45.00,3,Struck animal,1,Sunday,167,STRUCK ANIMAL                        ,MEL,40,2S,H,2,1,Day,264835,1,2,0,1,0,1,2,2,T intersection,3,999,264835.0,I,2491495.182,2412402.393,MOONEE VALLEY,METROPOLITAN NORTH WEST REGION,MELB_URBAN,-37.78933,144.90344,3031.0
T20130022046,11/9/13,17.30.00,3,Struck animal,4,Wednesday,167,STRUCK ANIMAL                        ,VCS,9,61,G,3,2,Dusk/Dawn,264105,1,1,1,0,0,0,2,5,Not at intersection,2,999,264105.0,N,2532152.93,2492865.857,MITCHELL,NORTHERN REGION,RURAL_VICTORIA,-37.06374,145.36158,3660.0
T20130022242,8/3/13,19.05.00,3,Struck animal,6,Friday,167,STRUCK ANIMAL                        ,MEL,40,153,J,9,2,Dusk/Dawn,107277,1,1,0,1,0,0,1,5,Not at intersection,3,90,107277.0,N,2512737.382,2355802.905,MORNINGTON PENINSULA,METROPOLITAN SOUTH EAST REGION,RURAL_VICTORIA,-38.29919,145.1456,3915.0
T20130022317,12/9/13,22.30.00,3,Struck animal,5,Thursday,167,STRUCK ANIMAL                        ,VCS,9,424,G,6,5,Dark No street lights,264246,1,1,0,1,0,0,2,4,Multiple intersection,3,100,264246.0,N,2452882.529,2439107.617,MOORABOOL,WESTERN REGION,RURAL_VICTORIA,-37.54755,144.46675,3340.0
T20130022353,29/10/13,05.45.00,3,Struck animal,3,Tuesday,167,STRUCK ANIMAL                        ,VCS,9,97,B,3,2,Dusk/Dawn,265049,1,1,0,1,0,0,1,5,Not at intersection,3,100,265049.0,N,2591031.271,2377673.625,BAW BAW,EASTERN REGION,RURAL_VICTORIA,-38.09779,146.03779,3821.0
T20130022817,5/11/13,10.36.00,3,Struck animal,3,Tuesday,167,STRUCK ANIMAL                        ,VCS,9,7,F,4,1,Day,272691,1,1,0,1,0,0,1,2,T intersection,3,100,272691.0,N,2301339.409,2757776.504,SWAN HILL,NORTHERN REGION,RURAL_VICTORIA,-34.656690000000005,142.83409,3549.0
T20130022949,6/11/13,20.30.00,3,Struck animal,4,Wednesday,167,STRUCK ANIMAL                        ,VCS,9,419,A,5,5,Dark No street lights,264355,1,2,2,0,0,0,1,2,T intersection,2,100,264355.0,I,2531839.432,2464978.407,MURRINDINDI,NORTH EASTERN REGION,RURAL_VICTORIA,-37.31507,145.35924,3717.0
T20130023035,8/11/13,05.30.00,3,Struck animal,6,Friday,167,STRUCK ANIMAL                        ,VCS,9,59,E,2,2,Dusk/Dawn,264395,1,1,1,0,0,0,1,5,Not at intersection,2,100,264395.0,N,2432571.755,2498050.974,MOUNT ALEXANDER,NORTHERN REGION,RURAL_VICTORIA,-37.01515,144.24221,3451.0
T20130023247,10/11/13,11.59.00,3,Struck animal,0,Sunday,167,STRUCK ANIMAL                        ,VCS,9,427,D,4,9,Unknown,279293,3,4,1,1,0,2,2,5,Not at intersection,2,100,279293.0,N,2502403.79,2442400.009,WHITTLESEA,METROPOLITAN NORTH WEST REGION,RURAL_VICTORIA,-37.51907,145.02719,3753.0
T20130023342,12/11/13,08.10.00,3,Struck animal,3,Tuesday,167,STRUCK ANIMAL                        ,MEL,40,685,J,4,1,Day,265340,1,1,0,1,0,0,1,5,Not at intersection,3,110,265340.0,N,2497343.035,2446636.974,MITCHELL,NORTHERN REGION,RURAL_VICTORIA,-37.48089,144.96996000000001,3753.0
T20130023723,16/11/13,03.35.00,3,Struck animal,7,Saturday,167,STRUCK ANIMAL                        ,VCS,9,82,E,9,5,Dark No street lights,264773,1,2,0,1,0,1,1,5,Not at intersection,3,100,264773.0,N,2658306.832,2389665.464,WELLINGTON,EASTERN REGION,RURAL_VICTORIA,-37.98072,146.80202,3858.0
T20130023784,15/11/13,22.05.00,3,Struck animal,6,Friday,167,STRUCK ANIMAL                        ,VCS,9,415,J,2,5,Dark No street lights,265413,1,3,0,1,0,2,1,5,Not at intersection,3,100,265413.0,N,2476624.534,2470978.346,MACEDON RANGES,NORTHERN REGION,RURAL_VICTORIA,-37.26125,144.73645,3435.0
T20130023867,18/11/13,06.05.00,3,Struck animal,2,Monday,167,STRUCK ANIMAL                        ,VCS,9,92,F,7,2,Dusk/Dawn,265462,1,1,0,1,0,0,1,5,Not at intersection,3,100,265462.0,N,2399452.1,2351963.765,COLAC OTWAY,SOUTH WESTERN REGION,RURAL_VICTORIA,-38.32839,143.85019,3242.0
T20130024439,27/11/13,04.30.00,3,Struck animal,4,Wednesday,167,STRUCK ANIMAL                        ,VCS,9,98,H,2,5,Dark No street lights,265806,1,1,0,1,0,0,1,5,Not at intersection,3,100,265806.0,N,2670982.469,2382024.285,WELLINGTON,EASTERN REGION,RURAL_VICTORIA,-38.0473,146.94805,3858.0
T20130024731,1/12/13,03.38.00,3,Struck animal,1,Sunday,167,STRUCK ANIMAL                        ,MEL,40,33,G,3,3,Dark Street lights on,265825,1,1,0,1,0,0,1,2,T intersection,3,60,265825.0,I,2512279.429,2416430.276,MANNINGHAM,METROPOLITAN SOUTH EAST REGION,MELB_URBAN,-37.753,145.13935,3106.0