ACCIDENT_NO,ACCIDENT_DATE,ACCIDENT_TIME,ACCIDENT_TYPE,ACCIDENT_TYPE_DESC,DAY_OF_WEEK,DAY_WEEK_DESC,DCA_CODE,DCA_DESC,DIRECTORY,EDITION,PAGE,GRID_REFERENCE_X,GRID_REFERENCE_Y,LIGHT_CONDITION,LIGHT_CONDITION_DESC,NODE_ID_x,NO_OF_VEHICLES,NO_PERSONS,NO_PERSONS_INJ_2,NO_PERSONS_INJ_3,NO_PERSONS_KILLED,NO_PERSONS_NOT_INJ,POLICE_ATTEND,ROAD_GEOMETRY,ROAD_GEOMETRY_DESC,SEVERITY,SPEED_ZONE,NODE_ID_y,NODE_TYPE,AMG_X,AMG_Y,LG_AREA_NAME,REGION_NAME,DEG_URBAN_NAME,LATITUDE,LONGITUDE,POSTCODE
T20130024867,2/12/13,16.15.00,3,Struck animal,2,Monday,167,STRUCK ANIMAL                        ,VCS,9,87,J,7,1,Day,266019,1,1,1,0,0,0,1,5,Not at intersection,2,100,266019.0,N,2193702.845,2344913.827,GLENELG,SOUTH WESTERN REGION,RURAL_VICTORIA,-38.346579999999996,141.4958,3305.0
T20130025394,5/12/12,07.30.00,3,Struck animal,4,Wednesday,167,STRUCK ANIMAL                        ,VCS,9,443,G,2,2,Dusk/Dawn,269639,1,1,0,1,0,0,2,5,Not at intersection,3,80,269639.0,N,2434491.594,2400657.652,GEELONG,SOUTH WESTERN REGION,RURAL_VICTORIA,-37.89288,144.25522,3213.0
T20130025593,7/12/13,18.00.00,3,Struck animal,7,Saturday,167,STRUCK ANIMAL                        ,VCS,9,66,A,4,1,Day,265284,1,1,1,0,0,0,2,2,T intersection,2,80,265284.0,I,2724263.569,2482459.205,EAST GIPPSLAND,EASTERN REGION,RURAL_VICTORIA,-37.13128,147.5245,3898.0
T20130025659,6/12/13,00.30.00,3,Struck animal,6,Friday,167,STRUCK ANIMAL                        ,VCS,9,42,F,9,5,Dark No street lights,265965,1,2,0,1,0,1,2,2,T intersection,3,100,265965.0,I,2349392.656,2500994.407,PYRENEES,WESTERN REGION,RURAL_VICTORIA,-36.97898,143.30812,3478.0
T20130025814,15/12/13,02.40.00,3,Struck animal,1,Sunday,167,STRUCK ANIMAL                        ,MEL,40,367,C,12,5,Dark No street lights,266147,1,1,0,1,0,0,2,5,Not at intersection,3,100,266147.0,N,2494867.183,2437439.215,HUME,METROPOLITAN NORTH WEST REGION,MELB_URBAN,-37.563759999999995,144.9419,3064.0
T20130026120,19/12/13,07.00.00,3,Struck animal,5,Thursday,167,STRUCK ANIMAL                        ,MEL,40,385,D,6,1,Day,265506,1,1,1,0,0,0,1,5,Not at intersection,2,100,265506.0,N,2487560.215,2434815.141,HUME,METROPOLITAN NORTH WEST REGION,RURAL_VICTORIA,-37.587340000000005,144.85914,3063.0
T20130026418,23/12/13,03.56.00,3,Struck animal,2,Monday,167,STRUCK ANIMAL                        ,VCS,9,48,B,7,5,Dark No street lights,266342,1,1,0,1,0,0,1,5,Not at intersection,3,100,266342.0,N,2589916.361,2519092.714,BENALLA,NORTH EASTERN REGION,RURAL_VICTORIA,-36.823640000000005,146.00801,3673.0
T20130026506,24/12/13,08.20.00,3,Struck animal,3,Tuesday,167,STRUCK ANIMAL                        ,VCS,9,96,C,9,1,Day,265650,1,1,1,0,0,0,1,5,Not at intersection,2,100,265650.0,N,2556447.87,2338415.218,BASS COAST,EASTERN REGION,RURAL_VICTORIA,-38.45417,145.64658,3945.0
T20130026688,26/12/13,22.30.00,3,Struck animal,5,Thursday,167,STRUCK ANIMAL                        ,VCS,9,98,D,6,5,Dark No street lights,266393,1,1,0,1,0,0,1,5,Not at intersection,3,100,266393.0,N,2648880.707,2355032.994,WELLINGTON,EASTERN REGION,RURAL_VICTORIA,-38.29423,146.70179,3873.0
T20130026871,22/12/13,06.00.00,3,Struck animal,1,Sunday,167,STRUCK ANIMAL                        ,VCS,9,35,F,9,9,Unknown,266935,1,1,0,1,0,0,2,5,Not at intersection,3,100,266935.0,N,2664323.517,2554612.297,ALPINE,NORTH EASTERN REGION,RURAL_VICTORIA,-36.49354,146.83432,3737.0
T20140000116,2/1/14,18.40.00,3,Struck animal,5,Thursday,167,STRUCK ANIMAL                        ,MEL,40,2C,H,11,1,Day,169,1,1,1,0,0,0,1,1,Cross intersection,2,70,169.0,I,2499306.962,2410668.511,YARRA,METROPOLITAN NORTH WEST REGION,MELB_URBAN,-37.804990000000004,144.99213,3067.0
T20140000273,4/1/14,13.00.00,3,Struck animal,7,Saturday,167,STRUCK ANIMAL                        ,VCS,9,98,F,6,1,Day,267061,1,1,0,1,0,0,2,5,Not at intersection,3,100,267061.0,N,2661462.465,2356684.637,WELLINGTON,EASTERN REGION,RURAL_VICTORIA,-38.27724,146.84521,3847.0
T20140000371,15/12/13,19.00.00,3,Struck animal,1,Sunday,167,STRUCK ANIMAL                        ,VCS,9,57,G,8,1,Day,265830,1,3,2,0,0,1,2,5,Not at intersection,2,100,265830.0,N,2353929.721,2451694.613,PYRENEES,WESTERN REGION,RURAL_VICTORIA,-37.42391,143.34948,3373.0
T20140000387,5/12/13,05.00.00,3,Struck animal,5,Thursday,167,STRUCK ANIMAL                        ,VCS,9,57,G,8,2,Dusk/Dawn,267677,1,1,0,1,0,0,2,5,Not at intersection,3,100,267677.0,N,2354585.901,2451512.263,PYRENEES,WESTERN REGION,RURAL_VICTORIA,-37.42565,143.35686,3373.0
T20140000761,12/1/14,18.50.00,3,Struck animal,1,Sunday,167,STRUCK ANIMAL                        ,VCS,9,57,F,6,1,Day,270547,1,1,1,0,0,0,1,5,Not at intersection,2,100,270547.0,N,2349123.943,2468043.286,PYRENEES,WESTERN REGION,RURAL_VICTORIA,-37.27584,143.29849,3469.0
T20140000782,15/12/13,09.00.00,3,Struck animal,1,Sunday,167,STRUCK ANIMAL                        ,VCS,9,97,F,7,1,Day,265954,1,1,1,0,0,0,2,5,Not at intersection,2,60,265954.0,N,2611062.046,2348893.107,LATROBE,EASTERN REGION,RURAL_VICTORIA,-38.35484,146.2705,3871.0
T20140001139,16/1/14,07.10.00,3,Struck animal,5,Thursday,167,STRUCK ANIMAL                        ,VCS,9,595,P,9,1,Day,266798,1,1,0,1,0,0,1,5,Not at intersection,3,60,266798.0,N,2473984.502,2571142.312,CAMPASPE,NORTHERN REGION,TOWNS,-36.358470000000004,144.71012,3561.0
T20140001479,21/1/14,11.30.00,3,Struck animal,3,Tuesday,167,STRUCK ANIMAL                        ,VCS,9,98,F,6,1,Day,266055,1,1,1,0,0,0,2,2,T intersection,2,100,266055.0,N,2661456.015,2356655.831,WELLINGTON,EASTERN REGION,RURAL_VICTORIA,-38.2775,146.84514,3847.0
T20140001488,27/3/13,06.45.00,3,Struck animal,4,Wednesday,167,STRUCK ANIMAL                        ,VCS,9,42,J,3,2,Dusk/Dawn,266170,1,1,1,0,0,0,2,5,Not at intersection,2,100,266170.0,N,2365080.948,2540830.013,LODDON,NORTHERN REGION,RURAL_VICTORIA,-36.62239,143.49142,3475.0
T20140001500,23/1/14,17.40.00,3,Struck animal,5,Thursday,167,STRUCK ANIMAL                        ,MEL,40,514,E,7,1,Day,266874,1,1,0,1,0,0,1,5,Not at intersection,3,50,266874.0,N,2428481.331,2343092.203,SURF COAST,SOUTH WESTERN REGION,TOWNS,-38.411,144.18126,3230.0
T20140001601,24/1/14,21.40.00,3,Struck animal,6,Friday,167,STRUCK ANIMAL                        ,VCS,9,32,E,7,5,Dark No street lights,266938,1,4,0,1,0,3,1,5,Not at intersection,3,100,266938.0,N,2519903.738,2576133.563,SHEPPARTON,NORTH EASTERN REGION,RURAL_VICTORIA,-36.31364,145.22165,3629.0
T20140001804,27/1/14,23.15.00,3,Struck animal,2,Monday,167,STRUCK ANIMAL                        ,VCS,9,415,J,5,5,Dark No street lights,266095,1,1,1,0,0,0,1,5,Not at intersection,2,100,266095.0,N,2476987.336,2465004.92,MACEDON RANGES,NORTHERN REGION,RURAL_VICTORIA,-37.315090000000005,144.74035,3434.0
T20140001832,17/7/13,05.45.00,3,Struck animal,4,Wednesday,167,STRUCK ANIMAL                        ,VCS,9,59,B,9,5,Dark No street lights,266096,1,1,0,1,0,0,2,5,Not at intersection,3,100,266096.0,N,2413679.202,2445767.477,HEPBURN,WESTERN REGION,RURAL_VICTORIA,-37.48474,144.02387,3352.0
T20140001896,27/1/14,21.20.00,3,Struck animal,2,Monday,167,STRUCK ANIMAL                        ,VCS,9,2,H,5,5,Dark No street lights,266134,1,1,1,0,0,0,1,5,Not at intersection,2,80,266134.0,N,2222942.26,2807735.617,MILDURA,WESTERN REGION,RURAL_VICTORIA,-34.1877,141.99703,3505.0
T20140002241,30/1/14,08.20.00,3,Struck animal,5,Thursday,167,STRUCK ANIMAL                        ,VCS,9,61,B,5,1,Day,267038,1,1,0,1,0,0,2,5,Not at intersection,3,110,267038.0,N,2504789.722,2473415.119,MITCHELL,NORTHERN REGION,RURAL_VICTORIA,-37.23957,145.05399,3658.0
T20140002281,19/12/13,09.00.00,3,Struck animal,5,Thursday,167,STRUCK ANIMAL                        ,VCS,9,57,J,6,1,Day,270768,1,3,0,1,0,2,2,5,Not at intersection,3,100,270768.0,N,2364029.392,2464306.976,PYRENEES,WESTERN REGION,RURAL_VICTORIA,-37.31179,143.46588,3373.0
T20140002289,4/2/14,10.40.00,3,Struck animal,2,Tuesday,167,STRUCK ANIMAL                        ,MEL,40,137,C,2,1,Day,279078,1,1,0,1,0,0,1,5,Not at intersection,3,50,279078.0,N,2522146.522,2373006.654,CASEY,METROPOLITAN SOUTH EAST REGION,MELB_URBAN,-38.144040000000004,145.25263,3977.0
T20140002574,6/2/14,06.10.00,3,Struck animal,5,Thursday,167,STRUCK ANIMAL                        ,VCS,9,47,E,6,5,Dark No street lights,267362,1,1,1,0,0,0,2,5,Not at intersection,2,100,267362.0,N,2570793.017,2522889.477,STRATHBOGIE,NORTH EASTERN REGION,RURAL_VICTORIA,-36.79105,145.79328,3669.0
T20140002729,1/2/14,20.30.00,3,Struck animal,7,Saturday,167,STRUCK ANIMAL                        ,VCS,9,104,C,2,2,Dusk/Dawn,266886,1,1,1,0,0,0,2,5,Not at intersection,2,100,266886.0,N,2640047.427,2330102.632,WELLINGTON,EASTERN REGION,RURAL_VICTORIA,-38.52013,146.60565,3971.0
T20140002798,10/2/14,03.30.00,3,Struck animal,2,Monday,167,STRUCK ANIMAL                        ,VCS,9,700,H,6,5,Dark No street lights,267319,2,2,0,1,0,1,1,5,Not at intersection,3,110,267319.0,N,2611923.298,2367668.971,LATROBE,EASTERN REGION,RURAL_VICTORIA,-38.18562,146.27747,3825.0
T20140003009,13/2/14,20.55.00,3,Struck animal,5,Thursday,167,STRUCK ANIMAL                        ,MEL,40,645,C,5,5,Dark No street lights,267454,1,1,0,1,0,0,1,5,Not at intersection,3,100,267454.0,N,2495092.423,2456044.067,MITCHELL,NORTHERN REGION,RURAL_VICTORIA,-37.39611,144.94457,3756.0
T20140003178,15/2/14,18.47.00,3,Struck animal,7,Saturday,167,STRUCK ANIMAL                        ,MEL,40,182,B,4,1,Day,269763,1,1,1,0,0,0,1,5,Not at intersection,2,60,269763.0,N,2502342.689,2430887.855,WHITTLESEA,METROPOLITAN NORTH WEST REGION,MELB_URBAN,-37.6228,145.02653999999998,3750.0
T20140003178,15/2/14,18.47.00,3,Struck animal,7,Saturday,167,STRUCK ANIMAL                        ,MEL,40,182,B,4,1,Day,269763,1,1,1,0,0,0,1,5,Not at intersection,2,60,269763.0,N,2502342.689,2430887.855,WHITTLESEA,METROPOLITAN NORTH WEST REGION,RURAL_VICTORIA,-37.6228,145.02653999999998,3750.0
T20140003323,17/2/14,16.30.00,3,Struck animal,2,Monday,167,STRUCK ANIMAL                        ,VCS,9,50,H,2,1,Day,272493,1,1,0,1,0,0,2,5,Not at intersection,3,100,272493.0,N,2714964.48,2547916.397,TOWONG,NORTH EASTERN REGION,RURAL_VICTORIA,-36.54372,147.40129,3701.0
T20140003351,18/2/14,08.45.00,3,Struck animal,3,Tuesday,167,STRUCK ANIMAL                        ,VCS,9,76,B,4,1,Day,266736,1,1,0,1,0,0,1,5,Not at intersection,3,80,266736.0,N,2374507.569,2423486.35,GOLDEN PLAINS,SOUTH WESTERN REGION,SMALL_TOWNS,-37.68105,143.5772,3360.0
T20140003448,18/2/14,17.45.00,3,Struck animal,3,Tuesday,167,STRUCK ANIMAL                        ,VCS,9,77,B,4,1,Day,269941,1,1,0,1,0,0,2,5,Not at intersection,3,100,269941.0,N,2414494.05,2424470.598,MOORABOOL,WESTERN REGION,RURAL_VICTORIA,-37.67671,144.03063,3352.0
T20140003513,20/2/14,06.00.00,3,Struck animal,5,Thursday,167,STRUCK ANIMAL                        ,VCS,9,3,D,8,2,Dusk/Dawn,267373,1,1,1,0,0,0,1,5,Not at intersection,2,110,267373.0,N,2241111.235,2785356.208,MILDURA,WESTERN REGION,RURAL_VICTORIA,-34.39416,142.18668,3494.0
T20140003827,23/2/14,21.00.00,3,Struck animal,1,Sunday,167,STRUCK ANIMAL                        ,VCS,9,40,B,7,5,Dark No street lights,267703,1,1,0,1,0,0,1,5,Not at intersection,3,100,267703.0,N,2232815.618,2515313.13,HORSHAM,WESTERN REGION,RURAL_VICTORIA,-36.8241,142.00427,3409.0
T20140004037,17/2/14,19.00.00,3,Struck animal,2,Monday,167,STRUCK ANIMAL                        ,MEL,40,183,H,8,2,Dusk/Dawn,270548,1,1,1,0,0,0,1,5,Not at intersection,2,70,270548.0,N,2508436.079,2429226.327,WHITTLESEA,METROPOLITAN NORTH WEST REGION,MELB_URBAN,-37.63774,145.09559,3752.0
T20140004521,27/2/14,06.55.00,3,Struck animal,5,Thursday,167,STRUCK ANIMAL                        ,VCS,9,510,B,11,2,Dusk/Dawn,270011,1,1,0,1,0,0,2,2,T intersection,3,80,270011.0,N,2268467.835,2351647.43,MOYNE,SOUTH WESTERN REGION,RURAL_VICTORIA,-38.30771,142.35278,3282.0
T20140004595,11/2/14,16.00.00,3,Struck animal,3,Tuesday,167,STRUCK ANIMAL                        ,VCS,9,59,E,7,1,Day,267576,1,1,1,0,0,0,2,5,Not at intersection,2,80,267576.0,N,2431954.405,2463504.514,HEPBURN,WESTERN REGION,RURAL_VICTORIA,-37.32642,144.23214,3461.0
T20140004641,6/3/14,07.00.00,3,Struck animal,5,Thursday,167,STRUCK ANIMAL                        ,VCS,9,44,D,7,2,Dusk/Dawn,267485,1,1,1,0,0,0,1,2,T intersection,2,100,267485.0,I,2424683.23,2516514.326,BENDIGO,NORTHERN REGION,RURAL_VICTORIA,-36.84816,144.1554,3551.0
T20140004729,7/3/14,09.41.00,3,Struck animal,5,Friday,167,STRUCK ANIMAL                        ,VCS,9,65,D,8,1,Day,267390,1,1,1,0,0,0,2,5,Not at intersection,2,999,267390.0,N,2693535.991,2456021.04,WELLINGTON,EASTERN REGION,RURAL_VICTORIA,-37.37631,147.18556999999998,3862.0
T20140004884,8/3/14,21.45.00,3,Struck animal,7,Saturday,167,STRUCK ANIMAL                        ,VCS,9,419,A,4,5,Dark No street lights,270279,1,3,0,2,0,1,1,5,Not at intersection,3,100,270279.0,N,2533100.722,2466503.783,MURRINDINDI,NORTH EASTERN REGION,RURAL_VICTORIA,-37.30128,145.3734,3717.0
T20140005106,6/3/14,20.55.00,3,Struck animal,5,Thursday,167,STRUCK ANIMAL                        ,VCS,9,48,H,5,2,Dusk/Dawn,270104,1,1,0,1,0,0,2,5,Not at intersection,3,100,270104.0,N,2626646.158,2532398.946,WANGARATTA,NORTH EASTERN REGION,RURAL_VICTORIA,-36.69951,146.41749,3678.0
T20140005175,13/3/14,00.10.00,3,Struck animal,5,Thursday,167,STRUCK ANIMAL                        ,MEL,40,23,D,2,5,Dark No street lights,30411,1,1,0,1,0,0,1,2,T intersection,3,80,30411.0,I,2518711.115,2422043.942,NILLUMBIK,METROPOLITAN NORTH WEST REGION,RURAL_VICTORIA,-37.70231,145.21219,3097.0
T20140005269,14/3/14,02.00.00,3,Struck animal,6,Friday,167,STRUCK ANIMAL                        ,VCS,9,414,E,5,5,Dark No street lights,267556,1,1,1,0,0,0,1,5,Not at intersection,2,100,267556.0,N,2447978.498,2465598.25,MACEDON RANGES,NORTHERN REGION,RURAL_VICTORIA,-37.30858,144.4131,3444.0
T20140005357,15/3/14,06.55.00,3,Struck animal,7,Saturday,167,STRUCK ANIMAL                        ,VCS,9,30,C,3,2,Dusk/Dawn,270347,1,2,0,2,0,0,1,5,Not at intersection,3,100,270347.0,N,2421320.61,2598641.531,LODDON,NORTHERN REGION,RURAL_VICTORIA,-36.10774,144.12614,3575.0
T20140005502,17/3/14,12.30.00,3,Struck animal,2,Monday,167,STRUCK ANIMAL                        ,VCS,9,31,G,6,9,Unknown,270298,1,1,0,1,0,0,2,5,Not at intersection,3,100,270298.0,N,2489418.945,2580561.435,CAMPASPE,NORTHERN REGION,RURAL_VICTORIA,-36.27388,144.88223,3622.0
T20140005550,18/3/14,04.30.00,3,Struck animal,3,Tuesday,167,STRUCK ANIMAL                        ,VCS,9,459,C,4,5,Dark No street lights,269760,2,2,0,0,1,1,1,5,Not at intersection,1,80,269760.0,N,2535299.204,2369722.942,CARDINIA,METROPOLITAN SOUTH EAST REGION,RURAL_VICTORIA,-38.17321,145.40282,3981.0
T20140005634,18/3/14,22.45.00,3,Struck animal,3,Tuesday,167,STRUCK ANIMAL                        ,VCS,9,97,G,8,5,Dark No street lights,269774,1,1,1,0,0,0,1,5,Not at intersection,2,80,269774.0,N,2618626.392,2345827.976,LATROBE,EASTERN REGION,RURAL_VICTORIA,-38.38151,146.35752,3869.0
T20140005746,20/3/14,00.00.00,3,Struck animal,5,Thursday,167,STRUCK ANIMAL                        ,VCS,9,21,B,5,5,Dark No street lights,270338,1,1,0,1,0,0,1,5,Not at intersection,3,100,270338.0,N,2411239.905,2643404.667,GANNAWARRA,NORTHERN REGION,RURAL_VICTORIA,-35.70346,144.01931000000002,3579.0
T20140005856,21/3/14,17.30.00,3,Struck animal,6,Friday,167,STRUCK ANIMAL                        ,VCS,9,62,C,8,2,Dusk/Dawn,269780,1,1,1,0,0,0,2,5,Not at intersection,2,100,269780.0,N,2559282.725,2452933.662,MURRINDINDI,NORTH EASTERN REGION,RURAL_VICTORIA,-37.422270000000005,145.66982,3717.0
T20140006042,23/3/14,15.30.00,3,Struck animal,1,Sunday,167,STRUCK ANIMAL                        ,MEL,40,285,H,10,1,Day,270404,1,2,0,1,0,1,2,5,Not at intersection,3,90,270404.0,N,2543858.375,2413823.076,YARRA RANGES,METROPOLITAN SOUTH EAST REGION,RURAL_VICTORIA,-37.775529999999996,145.49786,3139.0
T20140006116,20/3/14,19.40.00,3,Struck animal,5,Thursday,167,STRUCK ANIMAL                        ,MEL,40,37,G,1,2,Dusk/Dawn,270344,1,1,0,1,0,0,2,5,Not at intersection,3,50,270344.0,N,2527843.596,2417256.15,YARRA RANGES,METROPOLITAN SOUTH EAST REGION,RURAL_VICTORIA,-37.74522,145.31593999999998,3116.0
T20140006806,27/3/14,18.50.00,3,Struck animal,5,Thursday,167,STRUCK ANIMAL                        ,VCS,9,55,H,3,2,Dusk/Dawn,269737,1,1,1,0,0,0,2,5,Not at intersection,2,100,269737.0,N,2268409.085,2485706.326,NORTHERN GRAMPIANS,WESTERN REGION,RURAL_VICTORIA,-37.10025,142.39406,3401.0
T20140006831,2/4/14,16.30.00,3,Struck animal,4,Wednesday,167,STRUCK ANIMAL                        ,VCS,9,44,J,4,9,Unknown,270587,1,1,0,1,0,0,2,5,Not at intersection,3,100,270587.0,N,2454758.781,2538091.054,BENDIGO,NORTHERN REGION,RURAL_VICTORIA,-36.65562,144.49393999999998,3557.0
T20140006854,2/4/14,20.05.00,3,Struck animal,4,Wednesday,167,STRUCK ANIMAL                        ,VCS,9,703,L,11,5,Dark No street lights,269829,1,1,1,0,0,0,1,5,Not at intersection,2,100,269829.0,N,2592358.328,2365123.419,BAW BAW,EASTERN REGION,RURAL_VICTORIA,-38.21071,146.0545,3823.0
T20140006962,4/4/14,00.06.00,3,Struck animal,5,Friday,167,STRUCK ANIMAL                        ,MEL,40,183,C,12,6,Dark Street lights unknown,283015,1,1,0,1,0,0,2,5,Not at intersection,3,60,283015.0,O,2506741.313,2427530.996,WHITTLESEA,METROPOLITAN NORTH WEST REGION,MELB_URBAN,-37.65303,145.0764,3082.0
T20140007105,6/4/14,06.00.00,3,Struck animal,1,Sunday,167,STRUCK ANIMAL                        ,VCS,9,93,D,7,5,Dark No street lights,270764,1,2,2,0,0,0,1,5,Not at intersection,2,100,270764.0,N,2425779.725,2352250.221,SURF COAST,SOUTH WESTERN REGION,RURAL_VICTORIA,-38.3283,144.15126999999998,3240.0
T20140007194,4/4/14,19.50.00,3,Struck animal,6,Friday,167,STRUCK ANIMAL                        ,VCS,9,20,H,7,2,Dusk/Dawn,270672,1,1,0,1,0,0,1,5,Not at intersection,3,100,270672.0,N,2405615.225,2631228.895,GANNAWARRA,NORTHERN REGION,RURAL_VICTORIA,-35.81264,143.95569,3579.0
T20140007418,10/4/14,05.30.00,3,Struck animal,5,Thursday,167,STRUCK ANIMAL                        ,MEL,40,308,E,6,5,Dark No street lights,270912,1,1,0,1,0,0,2,5,Not at intersection,3,100,270912.0,N,2546445.146,2405766.378,YARRA RANGES,METROPOLITAN SOUTH EAST REGION,RURAL_VICTORIA,-37.848,145.52773,3139.0
T20140007455,10/4/14,10.30.00,3,Struck animal,5,Thursday,167,STRUCK ANIMAL                        ,VCS,9,77,B,2,1,Day,271425,1,1,0,1,0,0,1,5,Not at intersection,3,100,271425.0,N,2412021.562,2441824.935,MOORABOOL,WESTERN REGION,RURAL_VICTORIA,-37.520109999999995,144.00466,3352.0
T20140007497,2/4/14,05.30.00,3,Struck animal,4,Wednesday,167,STRUCK ANIMAL                        ,VCS,9,59,J,5,2,Dusk/Dawn,270618,1,1,0,1,0,0,2,5,Not at intersection,3,100,270618.0,N,2452846.245,2475706.144,MACEDON RANGES,NORTHERN REGION,RURAL_VICTORIA,-37.21775,144.46865,3444.0
T20140007660,12/4/14,21.55.00,3,Struck animal,7,Saturday,167,STRUCK ANIMAL                        ,VCS,9,3,F,8,5,Dark No street lights,270780,1,1,0,1,0,0,1,5,Not at intersection,3,100,270780.0,N,2250283.542,2783941.662,MILDURA,WESTERN REGION,RURAL_VICTORIA,-34.409290000000006,142.28586,3494.0
T20140007939,17/4/14,00.23.00,3,Struck animal,5,Thursday,167,STRUCK ANIMAL                        ,MEL,40,277,D,9,5,Dark No street lights,108840,1,2,0,1,0,1,1,5,Not at intersection,3,100,108840.0,N,2542308.45,2423897.021,YARRA RANGES,METROPOLITAN SOUTH EAST REGION,RURAL_VICTORIA,-37.68484,145.47968999999998,3770.0
T20140008022,18/4/14,01.20.00,3,Struck animal,6,Friday,167,STRUCK ANIMAL                        ,VCS,9,43,D,3,5,Dark No street lights,270062,1,3,1,0,0,2,1,5,Not at intersection,2,100,270062.0,N,2382862.353,2541196.466,LODDON,NORTHERN REGION,RURAL_VICTORIA,-36.62146,143.69027,3517.0
T20140008035,9/4/14,14.00.00,3,Struck animal,4,Wednesday,167,STRUCK ANIMAL                        ,VCS,9,76,E,7,1,Day,270753,1,1,0,1,0,0,2,5,Not at intersection,3,100,270753.0,N,2390599.785,2408310.251,GOLDEN PLAINS,SOUTH WESTERN REGION,RURAL_VICTORIA,-37.81981,143.75738,3352.0
T20140008103,19/4/14,00.05.00,3,Struck animal,7,Saturday,167,STRUCK ANIMAL                        ,VCS,9,50,E,5,5,Dark No street lights,270887,1,2,0,1,0,1,1,5,Not at intersection,3,100,270887.0,N,2697524.752,2530599.925,ALPINE,NORTH EASTERN REGION,RURAL_VICTORIA,-36.70355,147.21104,3697.0
T20140008143,19/4/14,22.10.00,3,Struck animal,7,Saturday,167,STRUCK ANIMAL                        ,VCS,9,37,A,4,5,Dark No street lights,270898,1,1,0,1,0,0,1,5,Not at intersection,3,100,270898.0,N,2726741.0,2590339.595,TOWONG,NORTH EASTERN REGION,RURAL_VICTORIA,-36.15876,147.52024,3704.0
T20140008154,19/4/14,14.30.00,3,Struck animal,7,Saturday,167,STRUCK ANIMAL                        ,VCS,9,50,J,4,1,Day,270077,1,1,1,0,0,0,1,5,Not at intersection,2,100,270077.0,N,2718025.875,2533904.896,TOWONG,NORTH EASTERN REGION,RURAL_VICTORIA,-36.669259999999994,147.43948,3701.0
T20140008280,22/4/14,13.36.00,3,Struck animal,3,Tuesday,167,STRUCK ANIMAL                        ,MEL,40,278,A,6,1,Day,108860,1,1,0,1,0,0,1,5,Not at intersection,3,80,108860.0,N,2544926.712,2425110.571,YARRA RANGES,METROPOLITAN SOUTH EAST REGION,RURAL_VICTORIA,-37.67378,145.5093,3777.0
T20140008300,22/4/14,16.00.00,3,Struck animal,3,Tuesday,167,STRUCK ANIMAL                        ,VCS,9,667,O,10,1,Day,270612,1,1,1,0,0,0,1,5,Not at intersection,2,50,270612.0,N,2558596.198,2619101.453,MOIRA,NORTH EASTERN REGION,TOWNS,-35.9248,145.64926,3644.0
T20140008559,16/3/14,10.00.00,3,Struck animal,1,Sunday,167,STRUCK ANIMAL                        ,VCS,9,59,H,4,1,Day,270369,1,1,0,1,0,0,2,5,Not at intersection,3,100,270369.0,N,2445926.747,2484932.591,MOUNT ALEXANDER,NORTHERN REGION,RURAL_VICTORIA,-37.13423,144.39135,3448.0
T20140008850,27/4/14,16.30.00,3,Struck animal,1,Sunday,167,STRUCK ANIMAL                        ,VCS,9,46,C,7,1,Day,270999,1,1,0,1,0,0,2,5,Not at intersection,3,100,270999.0,N,2508543.051,2515880.528,STRATHBOGIE,NORTH EASTERN REGION,RURAL_VICTORIA,-36.856840000000005,145.09581,3608.0
T20140009156,3/5/14,22.30.00,3,Struck animal,7,Saturday,167,STRUCK ANIMAL                        ,MEL,40,389,H,8,5,Dark No street lights,204351,1,2,0,2,0,0,1,5,Not at intersection,3,80,204351.0,N,2504641.239,2433856.089,WHITTLESEA,METROPOLITAN NORTH WEST REGION,RURAL_VICTORIA,-37.59605,145.05256,3750.0
T20140009173,3/5/14,10.00.00,3,Struck animal,6,Saturday,167,STRUCK ANIMAL                        ,VCS,9,57,G,3,1,Day,301942,1,1,1,0,0,0,1,5,Not at intersection,2,100,301942.0,O,2352265.0583,2488901.2244,PYRENEES,WESTERN REGION,RURAL_VICTORIA,-37.0884,143.33801,3478.0
T20140009189,1/5/14,17.45.00,3,Struck animal,5,Thursday,167,STRUCK ANIMAL                        ,VCS,9,50,B,6,5,Dark No street lights,270819,1,1,1,0,0,0,2,5,Not at intersection,2,100,270819.0,N,2680332.175,2525272.629,ALPINE,NORTH EASTERN REGION,RURAL_VICTORIA,-36.75499,147.01991999999998,3741.0
T20140009257,26/4/14,14.00.00,3,Struck animal,7,Saturday,167,STRUCK ANIMAL                        ,MEL,40,278,B,3,1,Day,271645,1,1,0,1,0,0,1,5,Not at intersection,3,60,271645.0,N,2545291.705,2426317.349,YARRA RANGES,METROPOLITAN SOUTH EAST REGION,TOWNS,-37.662890000000004,145.51337,3777.0
T20140009472,6/5/14,18.20.00,3,Struck animal,3,Tuesday,167,STRUCK ANIMAL                        ,VCS,9,21,C,8,2,Dusk/Dawn,271612,1,2,0,1,0,1,1,5,Not at intersection,3,100,271612.0,N,2418812.353,2618962.059,GANNAWARRA,NORTHERN REGION,RURAL_VICTORIA,-35.9244,144.10041999999999,3568.0