ACCIDENT_NO,ACCIDENT_DATE,ACCIDENT_TIME,ACCIDENT_TYPE,ACCIDENT_TYPE_DESC,DAY_OF_WEEK,DAY_WEEK_DESC,DCA_CODE,DCA_DESC,DIRECTORY,EDITION,PAGE,GRID_REFERENCE_X,GRID_REFERENCE_Y,LIGHT_CONDITION,LIGHT_CONDITION_DESC,NODE_ID_x,NO_OF_VEHICLES,NO_PERSONS,NO_PERSONS_INJ_2,NO_PERSONS_INJ_3,NO_PERSONS_KILLED,NO_PERSONS_NOT_INJ,POLICE_ATTEND,ROAD_GEOMETRY,ROAD_GEOMETRY_DESC,SEVERITY,SPEED_ZONE,NODE_ID_y,NODE_TYPE,AMG_X,AMG_Y,LG_AREA_NAME,REGION_NAME,DEG_URBAN_NAME,LATITUDE,LONGITUDE,POSTCODE
T20140009647,10/5/14,01.18.00,3,Struck animal,7,Saturday,167,STRUCK ANIMAL                        ,MEL,40,344,D,5,5,Dark No street lights,271717,1,2,0,1,0,1,1,5,Not at intersection,3,90,271717.0,N,2468056.064,2420650.934,MELTON,METROPOLITAN NORTH WEST REGION,RURAL_VICTORIA,-37.7145,144.63768000000002,3335.0
T20140009957,18/4/14,06.45.00,3,Struck animal,6,Friday,167,STRUCK ANIMAL                        ,VCS,9,428,E,2,2,Dusk/Dawn,271035,1,1,1,0,0,0,2,5,Not at intersection,2,80,271035.0,N,2519354.723,2445655.332,WHITTLESEA,METROPOLITAN NORTH WEST REGION,RURAL_VICTORIA,-37.489540000000005,145.21888,3757.0
T20140010043,15/5/14,10.45.00,3,Struck animal,5,Thursday,167,STRUCK ANIMAL                        ,VCS,9,73,G,3,1,Day,271204,1,1,1,0,0,0,1,5,Not at intersection,2,100,271204.0,N,2265378.629,2427664.867,SOUTHERN GRAMPIANS,SOUTH WESTERN REGION,RURAL_VICTORIA,-37.62233,142.34174,3294.0
T20140010558,22/5/14,09.14.00,3,Struck animal,5,Thursday,167,STRUCK ANIMAL                        ,MEL,40,393,E,3,1,Day,271924,1,1,0,1,0,0,1,5,Not at intersection,3,100,271924.0,N,2519205.844,2436075.993,NILLUMBIK,METROPOLITAN NORTH WEST REGION,RURAL_VICTORIA,-37.57586,145.21743999999998,3099.0
T20140010769,16/4/14,17.02.00,3,Struck animal,4,Wednesday,167,STRUCK ANIMAL                        ,MEL,40,388,B,11,2,Dusk/Dawn,271995,1,1,0,1,0,0,2,5,Not at intersection,3,80,271995.0,N,2498346.209,2433005.679,WHITTLESEA,METROPOLITAN NORTH WEST REGION,RURAL_VICTORIA,-37.60372,144.98127,3750.0
T20140011039,23/5/14,18.30.00,3,Struck animal,6,Friday,167,STRUCK ANIMAL                        ,VCS,9,37,C,5,2,Dusk/Dawn,272421,1,1,1,0,0,0,2,5,Not at intersection,2,100,272421.0,N,2738617.907,2583247.348,TOWONG,NORTH EASTERN REGION,RURAL_VICTORIA,-36.21975,147.65438,3691.0
T20140011053,28/5/14,20.00.00,3,Struck animal,4,Wednesday,167,STRUCK ANIMAL                        ,MEL,40,2J,A,4,3,Dark Street lights on,272018,1,1,0,1,0,0,1,5,Not at intersection,3,50,272018.0,N,2494077.117,2407103.975,PORT PHILLIP,METROPOLITAN NORTH WEST REGION,MELB_URBAN,-37.83709,144.93271000000001,3207.0
T20140011083,29/5/14,06.56.00,3,Struck animal,5,Thursday,167,STRUCK ANIMAL                        ,VCS,9,45,D,5,2,Dusk/Dawn,271707,1,2,1,0,1,0,1,5,Not at intersection,1,100,271707.0,N,2472276.476,2528478.922,CAMPASPE,NORTHERN REGION,RURAL_VICTORIA,-36.74293,144.68954,3551.0
T20140011560,4/6/14,18.35.00,3,Struck animal,4,Wednesday,167,STRUCK ANIMAL                        ,MEL,40,211,F,6,5,Dark No street lights,277435,1,1,0,1,0,0,1,2,T intersection,3,90,277435.0,I,2538832.094,2390814.564,CARDINIA,METROPOLITAN SOUTH EAST REGION,RURAL_VICTORIA,-37.983059999999995,145.44201999999999,3808.0
T20140011746,6/6/14,19.50.00,3,Struck animal,6,Friday,167,STRUCK ANIMAL                        ,MEL,40,646,J,12,5,Dark No street lights,271655,1,1,1,0,0,0,9,2,T intersection,2,100,271655.0,I,2501108.94,2453383.3,MITCHELL,NORTHERN REGION,RURAL_VICTORIA,-37.4201,145.01253,3756.0
T20140011932,9/6/14,18.00.00,3,Struck animal,2,Monday,167,STRUCK ANIMAL                        ,VCS,9,22,G,8,2,Dusk/Dawn,272803,2,2,0,1,0,1,1,5,Not at intersection,3,100,272803.0,N,2529157.187,2619176.495,MOIRA,NORTH EASTERN REGION,RURAL_VICTORIA,-35.92548,145.32307,3637.0
T20140012058,9/6/14,21.00.00,3,Struck animal,2,Monday,167,STRUCK ANIMAL                        ,VCS,9,61,D,5,5,Dark No street lights,271688,1,1,1,0,0,0,2,5,Not at intersection,2,100,271688.0,N,2511978.059,2474727.396,MITCHELL,NORTHERN REGION,RURAL_VICTORIA,-37.22768,145.13499,3658.0
T20140012480,7/4/14,18.40.00,3,Struck animal,2,Monday,167,STRUCK ANIMAL                        ,VCS,9,30,C,3,5,Dark No street lights,272031,1,2,0,1,0,1,2,5,Not at intersection,3,100,272031.0,N,2421008.235,2599005.796,LODDON,NORTHERN REGION,RURAL_VICTORIA,-36.10443,144.12271,3575.0
T20140012963,29/5/14,22.00.00,3,Struck animal,5,Thursday,167,STRUCK ANIMAL                        ,VCS,9,83,H,8,5,Dark No street lights,272204,1,1,0,1,0,0,2,5,Not at intersection,3,100,272204.0,N,2712543.415,2399384.045,EAST GIPPSLAND,EASTERN REGION,RURAL_VICTORIA,-37.88236,147.41636,3875.0
T20140013128,26/6/14,06.40.00,3,Struck animal,5,Thursday,167,STRUCK ANIMAL                        ,MEL,40,697,F,10,5,Dark No street lights,272655,1,2,1,0,0,1,1,5,Not at intersection,2,80,272655.0,N,2469004.891,2438268.367,MACEDON RANGES,NORTHERN REGION,RURAL_VICTORIA,-37.55579,144.64918,3437.0
T20140013227,26/6/14,18.00.00,3,Struck animal,5,Thursday,167,STRUCK ANIMAL                        ,MEL,40,21,G,12,2,Dusk/Dawn,273649,2,2,0,2,0,0,1,5,Not at intersection,3,80,273649.0,N,2511979.36,2417748.817,MANNINGHAM,METROPOLITAN SOUTH EAST REGION,MELB_URBAN,-37.74112,145.13592,3106.0
T20140013688,23/9/13,04.00.00,3,Struck animal,2,Monday,167,STRUCK ANIMAL                        ,MEL,40,14,D,2,5,Dark No street lights,273275,1,1,0,1,0,0,2,5,Not at intersection,3,100,273275.0,N,2483677.225,2421957.647,BRIMBANK,METROPOLITAN NORTH WEST REGION,MELB_URBAN,-37.70313,144.81489,3036.0
T20140013874,6/7/14,03.15.00,3,Struck animal,1,Sunday,167,STRUCK ANIMAL                        ,MEL,40,337,C,12,5,Dark No street lights,272792,5,5,1,1,0,3,1,5,Not at intersection,2,110,272792.0,N,2463566.004,2422833.638,MELTON,METROPOLITAN NORTH WEST REGION,RURAL_VICTORIA,-37.69467,144.58686,3338.0
T20140014206,16/6/14,07.15.00,3,Struck animal,2,Monday,167,STRUCK ANIMAL                        ,VCS,9,60,B,5,2,Dusk/Dawn,272988,1,1,0,1,0,0,2,5,Not at intersection,3,100,272988.0,N,2462568.841,2476297.53,MACEDON RANGES,NORTHERN REGION,RURAL_VICTORIA,-37.21286,144.57824,3444.0
T20140014229,10/7/14,17.55.00,3,Struck animal,5,Thursday,167,STRUCK ANIMAL                        ,VCS,9,92,E,6,2,Dusk/Dawn,272996,1,4,0,3,0,1,1,5,Not at intersection,3,100,272996.0,N,2395140.709,2355408.321,COLAC OTWAY,SOUTH WESTERN REGION,RURAL_VICTORIA,-38.296890000000005,143.80139,3242.0
T20140014551,10/7/14,05.10.00,3,Struck animal,5,Thursday,167,STRUCK ANIMAL                        ,MEL,40,215,E,9,5,Dark No street lights,273044,1,1,0,1,0,0,1,5,Not at intersection,3,100,273044.0,N,2538717.276,2379868.854,CARDINIA,METROPOLITAN SOUTH EAST REGION,RURAL_VICTORIA,-38.08167,145.44128999999998,3810.0
T20140014651,8/5/14,18.30.00,3,Struck animal,5,Thursday,167,STRUCK ANIMAL                        ,VCS,9,85,B,4,2,Dusk/Dawn,273298,1,1,0,1,0,0,2,5,Not at intersection,3,999,273298.0,N,2769317.785,2420246.082,EAST GIPPSLAND,EASTERN REGION,RURAL_VICTORIA,-37.67977,148.05381,3887.0
T20140015030,21/7/14,18.27.00,3,Struck animal,2,Monday,167,STRUCK ANIMAL                        ,VCS,9,21,E,7,2,Dusk/Dawn,273594,1,2,2,0,0,0,1,5,Not at intersection,2,100,273594.0,N,2430104.896,2626309.565,GANNAWARRA,NORTHERN REGION,RURAL_VICTORIA,-35.85908,144.2262,3568.0
T20140015307,19/3/14,07.30.00,3,Struck animal,4,Wednesday,167,STRUCK ANIMAL                        ,VCS,9,424,K,3,2,Dusk/Dawn,273676,1,1,0,1,0,0,1,5,Not at intersection,3,100,273676.0,N,2458143.689,2446717.195,MACEDON RANGES,NORTHERN REGION,RURAL_VICTORIA,-37.47923,144.52671999999998,3437.0
T20140015368,26/7/14,06.35.00,3,Struck animal,7,Saturday,167,STRUCK ANIMAL                        ,MEL,40,315,D,11,2,Dusk/Dawn,273785,1,1,0,1,0,0,1,5,Not at intersection,3,80,273785.0,N,2542232.264,2384059.129,CARDINIA,METROPOLITAN SOUTH EAST REGION,RURAL_VICTORIA,-38.04377,145.48111,3810.0
T20140015370,26/7/14,08.10.00,3,Struck animal,7,Saturday,167,STRUCK ANIMAL                        ,VCS,9,59,C,7,2,Dusk/Dawn,273786,1,1,0,1,0,0,1,5,Not at intersection,3,80,273786.0,N,2421832.943,2460708.522,HEPBURN,WESTERN REGION,RURAL_VICTORIA,-37.35083,144.11763,3461.0
T20140015695,25/7/14,22.00.00,3,Struck animal,6,Friday,167,STRUCK ANIMAL                        ,VCS,9,89,F,4,5,Dark No street lights,274183,1,1,0,1,0,0,2,2,T intersection,3,100,274183.0,I,2259435.784,2368599.097,MOYNE,SOUTH WESTERN REGION,RURAL_VICTORIA,-38.15276,142.25516000000002,3283.0
T20140015725,6/7/14,13.00.00,3,Struck animal,1,Sunday,167,STRUCK ANIMAL                        ,VCS,9,417,H,4,1,Day,274047,1,1,1,0,0,0,2,2,T intersection,2,999,274047.0,I,2510254.576,2466921.727,MITCHELL,NORTHERN REGION,RURAL_VICTORIA,-37.29804,145.11567,3658.0
T20140015851,1/8/14,15.00.00,3,Struck animal,6,Friday,167,STRUCK ANIMAL                        ,MEL,40,82,B,11,1,Day,274064,2,2,0,1,0,1,1,5,Not at intersection,3,80,274064.0,N,2521952.54,2393737.18,CASEY,METROPOLITAN SOUTH EAST REGION,MELB_URBAN,-37.95728,145.2498,3802.0
T20140015957,2/8/14,18.20.00,3,Struck animal,7,Saturday,167,STRUCK ANIMAL                        ,VCS,9,100,F,5,5,Dark No street lights,274168,1,3,1,0,0,2,1,5,Not at intersection,2,100,274168.0,N,2352575.142,2306087.665,COLAC OTWAY,SOUTH WESTERN REGION,RURAL_VICTORIA,-38.73523,143.30489,3237.0
T20140016035,1/8/14,05.10.00,3,Struck animal,6,Friday,167,STRUCK ANIMAL                        ,VCS,9,58,D,5,5,Dark No street lights,274114,1,1,0,1,0,0,1,5,Not at intersection,3,100,274114.0,N,2388081.755,2477245.933,CENTRAL GOLDFIELDS,WESTERN REGION,RURAL_VICTORIA,-37.19838,143.73915,3371.0
T20140016123,5/8/14,09.00.00,3,Struck animal,3,Tuesday,167,STRUCK ANIMAL                        ,MEL,40,277,D,9,1,Day,275560,1,1,0,1,0,0,1,5,Not at intersection,3,100,275560.0,N,2542289.924,2423899.201,YARRA RANGES,METROPOLITAN SOUTH EAST REGION,RURAL_VICTORIA,-37.68482,145.47948,3770.0
T20140016264,5/8/14,06.20.00,3,Struck animal,3,Tuesday,167,STRUCK ANIMAL                        ,VCS,9,83,G,8,2,Dusk/Dawn,274870,2,2,2,0,0,0,1,5,Not at intersection,2,100,274870.0,N,2704131.747,2396704.195,EAST GIPPSLAND,EASTERN REGION,RURAL_VICTORIA,-37.90838,147.32151000000002,3864.0
T20140016347,7/8/14,20.20.00,3,Struck animal,5,Thursday,167,STRUCK ANIMAL                        ,VCS,9,90,C,7,5,Dark No street lights,274478,1,3,1,0,0,2,1,5,Not at intersection,2,100,274478.0,N,2295382.418,2347428.661,MOYNE,SOUTH WESTERN REGION,RURAL_VICTORIA,-38.35205,142.65919,3265.0
T20140016642,27/7/14,17.50.00,3,Struck animal,1,Sunday,167,STRUCK ANIMAL                        ,VCS,9,84,E,6,5,Dark No street lights,274882,1,1,0,1,0,0,2,5,Not at intersection,3,100,274882.0,N,2746886.647,2410114.824,EAST GIPPSLAND,EASTERN REGION,RURAL_VICTORIA,-37.777229999999996,147.803,3885.0
T20140016665,7/8/14,18.00.00,3,Struck animal,5,Thursday,167,STRUCK ANIMAL                        ,VCS,9,58,H,6,5,Dark No street lights,274515,2,2,0,1,0,1,1,5,Not at intersection,3,100,274515.0,N,2407641.363,2470189.276,HEPBURN,WESTERN REGION,RURAL_VICTORIA,-37.2641,143.95862,3364.0
T20140016854,14/8/14,18.30.00,3,Struck animal,5,Thursday,167,STRUCK ANIMAL                        ,VCS,9,50,C,3,5,Dark No street lights,274508,1,1,1,0,0,0,1,5,Not at intersection,2,100,274508.0,N,2688292.008,2542503.601,ALPINE,NORTH EASTERN REGION,RURAL_VICTORIA,-36.59818,147.10478,3691.0
T20140017459,23/8/14,13.45.00,3,Struck animal,7,Saturday,167,STRUCK ANIMAL                        ,VCS,9,61,G,5,1,Day,277978,1,1,0,1,0,0,1,5,Not at intersection,3,100,277978.0,N,2531839.35,2477283.905,MURRINDINDI,NORTH EASTERN REGION,RURAL_VICTORIA,-37.20418,145.35871,3717.0
T20140017576,21/8/14,18.35.00,3,Struck animal,5,Thursday,167,STRUCK ANIMAL                        ,VCS,9,80,D,2,9,Unknown,275552,1,1,1,0,0,0,2,5,Not at intersection,2,100,275552.0,N,2562506.046,2440538.602,MURRINDINDI,NORTH EASTERN REGION,RURAL_VICTORIA,-37.53375,145.70728,3779.0
T20140017765,24/8/14,13.30.00,3,Struck animal,1,Sunday,167,STRUCK ANIMAL                        ,VCS,9,97,G,7,1,Day,274803,1,1,0,1,0,0,2,5,Not at intersection,3,999,274803.0,N,2615601.53,2348086.694,LATROBE,EASTERN REGION,RURAL_VICTORIA,-38.36155,146.32255,3869.0
T20140017826,26/8/14,21.45.00,3,Struck animal,3,Tuesday,167,STRUCK ANIMAL                        ,MEL,40,263,E,5,5,Dark No street lights,274807,1,1,0,1,0,0,2,5,Not at intersection,3,100,274807.0,N,2519007.66,2430524.465,NILLUMBIK,METROPOLITAN NORTH WEST REGION,RURAL_VICTORIA,-37.625890000000005,145.21534,3099.0
T20140017923,19/8/14,06.30.00,3,Struck animal,3,Tuesday,167,STRUCK ANIMAL                        ,VCS,9,600,E,11,2,Dusk/Dawn,274889,1,1,0,1,0,0,2,5,Not at intersection,3,90,274889.0,N,2439404.224,2535792.434,BENDIGO,NORTHERN REGION,LARGE_PROVINCIAL_CITIES,-36.67548,144.32201,3551.0
T20140017996,28/8/14,18.00.00,3,Struck animal,5,Thursday,167,STRUCK ANIMAL                        ,MEL,40,646,C,5,6,Dark Street lights unknown,274917,1,1,0,1,0,0,2,5,Not at intersection,3,60,274917.0,N,2498676.357,2456162.99,MITCHELL,NORTHERN REGION,TOWNS,-37.39505,144.98505,3756.0
T20140018457,5/9/14,18.40.00,3,Struck animal,6,Friday,167,STRUCK ANIMAL                        ,VCS,9,414,C,2,5,Dark No street lights,275079,1,4,0,1,0,3,1,5,Not at intersection,3,100,275079.0,N,2445812.923,2472081.586,MACEDON RANGES,NORTHERN REGION,RURAL_VICTORIA,-37.250029999999995,144.38914,3444.0
T20140018541,6/9/14,23.00.00,3,Struck animal,7,Saturday,167,STRUCK ANIMAL                        ,VCS,9,414,B,1,5,Dark No street lights,275083,1,1,1,0,0,0,2,2,T intersection,2,80,275083.0,I,2443341.652,2473635.091,MACEDON RANGES,NORTHERN REGION,RURAL_VICTORIA,-37.235890000000005,144.3614,3444.0
T20140018974,13/9/14,06.40.00,3,Struck animal,7,Saturday,167,STRUCK ANIMAL                        ,VCS,9,427,F,6,3,Dark Street lights on,275724,1,1,1,0,0,0,1,5,Not at intersection,2,100,275724.0,N,2507133.542,2438453.359,WHITTLESEA,METROPOLITAN NORTH WEST REGION,RURAL_VICTORIA,-37.55461,145.08074,3751.0
T20140019460,19/9/14,19.00.00,3,Struck animal,6,Friday,167,STRUCK ANIMAL                        ,VCS,9,82,E,9,5,Dark No street lights,275391,1,1,1,0,0,0,2,5,Not at intersection,2,100,275391.0,N,2658141.43,2392701.874,WELLINGTON,EASTERN REGION,RURAL_VICTORIA,-37.9534,146.79948000000002,3858.0
T20140019729,23/9/14,21.00.00,3,Struck animal,3,Tuesday,167,STRUCK ANIMAL                        ,VCS,9,417,E,5,5,Dark No street lights,286241,2,2,1,0,0,1,1,5,Not at intersection,2,110,286241.0,N,2504255.658,2464891.081,MITCHELL,NORTHERN REGION,RURAL_VICTORIA,-37.316390000000006,145.04802,3658.0
T20140019867,6/1/13,10.30.00,3,Struck animal,0,Sunday,167,STRUCK ANIMAL                        ,VCS,9,80,D,8,1,Day,277486,1,1,0,1,0,0,2,5,Not at intersection,3,999,277486.0,N,2563672.964,2400801.627,CARDINIA,METROPOLITAN SOUTH EAST REGION,RURAL_VICTORIA,-37.891709999999996,145.7239,3797.0
T20140020220,24/9/14,21.51.00,3,Struck animal,4,Wednesday,167,STRUCK ANIMAL                        ,VCS,9,47,H,4,5,Dark No street lights,277866,1,1,0,1,0,0,1,5,Not at intersection,3,100,277866.0,N,2586942.133,2537577.981,BENALLA,NORTH EASTERN REGION,RURAL_VICTORIA,-36.65733,145.97255,3672.0
T20140020289,24/8/14,20.00.00,3,Struck animal,0,Sunday,167,STRUCK ANIMAL                        ,VCS,9,59,F,3,5,Dark No street lights,278140,1,2,0,1,0,1,2,5,Not at intersection,3,100,278140.0,N,2437520.355,2488356.133,MOUNT ALEXANDER,NORTHERN REGION,RURAL_VICTORIA,-37.10286,144.29701,3451.0
T20140020311,2/10/14,08.00.00,3,Struck animal,5,Thursday,167,STRUCK ANIMAL                        ,VCS,9,89,G,7,1,Day,275678,1,1,0,1,0,0,2,5,Not at intersection,3,30,275678.0,N,2269566.378,2350408.328,MOYNE,SOUTH WESTERN REGION,RURAL_VICTORIA,-38.319140000000004,142.36494,3283.0
T20140020471,4/10/14,11.00.00,3,Struck animal,7,Saturday,167,STRUCK ANIMAL                        ,VCS,9,89,E,7,1,Day,275687,1,1,1,0,0,0,1,5,Not at intersection,2,100,275687.0,N,2258140.329,2347341.001,MOYNE,SOUTH WESTERN REGION,RURAL_VICTORIA,-38.34384,142.23334,3284.0
T20140020923,10/10/14,08.48.00,3,Struck animal,6,Friday,167,STRUCK ANIMAL                        ,MEL,40,323,A,7,1,Day,277676,1,3,2,1,0,0,1,5,Not at intersection,2,100,277676.0,N,2540833.374,2375989.508,CARDINIA,METROPOLITAN SOUTH EAST REGION,RURAL_VICTORIA,-38.11653,145.46562,3810.0
T20140020971,10/10/14,20.05.00,3,Struck animal,6,Friday,167,STRUCK ANIMAL                        ,VCS,9,710,H,1,2,Dusk/Dawn,277239,2,3,2,0,0,1,1,5,Not at intersection,2,100,277239.0,N,2602014.71,2345257.595,SOUTH GIPPSLAND,EASTERN REGION,RURAL_VICTORIA,-38.38863,146.16752,3871.0
T20140021058,12/10/14,00.45.00,3,Struck animal,1,Sunday,167,STRUCK ANIMAL                        ,VCS,9,63,C,2,5,Dark No street lights,275852,1,5,0,2,0,3,2,5,Not at intersection,3,100,275852.0,N,2597225.748,2496179.644,MANSFIELD,NORTH EASTERN REGION,RURAL_VICTORIA,-37.0294,146.09288999999998,3722.0
T20140021476,3/10/14,22.45.00,3,Struck animal,6,Friday,167,STRUCK ANIMAL                        ,VCS,9,444,K,7,3,Dark Street lights on,275955,1,1,0,1,0,0,2,5,Not at intersection,3,100,275955.0,N,2456563.756,2389353.341,GEELONG,SOUTH WESTERN REGION,RURAL_VICTORIA,-37.99602,144.50548999999998,3212.0
T20140021490,17/10/14,10.00.00,3,Struck animal,6,Friday,167,STRUCK ANIMAL                        ,VCS,9,86,A,3,1,Day,275990,1,1,0,1,0,0,2,5,Not at intersection,3,80,275990.0,N,2813090.536,2430164.896,EAST GIPPSLAND,EASTERN REGION,RURAL_VICTORIA,-37.57678,148.54554,3888.0
T20140021497,18/10/14,12.30.00,3,Struck animal,7,Saturday,167,STRUCK ANIMAL                        ,VCS,9,81,C,8,1,Day,277329,1,1,1,0,0,0,1,5,Not at intersection,2,100,277329.0,N,2597887.566,2395985.013,BAW BAW,EASTERN REGION,RURAL_VICTORIA,-37.93213,146.1135,3825.0
T20140021755,21/10/14,15.00.00,3,Struck animal,3,Tuesday,167,STRUCK ANIMAL                        ,VCS,9,1,F,6,1,Day,277707,1,1,0,1,0,0,1,5,Not at intersection,3,110,277707.0,N,2158891.393,2795720.203,MILDURA,WESTERN REGION,RURAL_VICTORIA,-34.27554,141.29837,3496.0
T20140021943,23/10/14,22.05.00,3,Struck animal,5,Thursday,167,STRUCK ANIMAL                        ,VCS,9,84,F,7,5,Dark No street lights,277609,1,1,0,1,0,0,1,1,Cross intersection,3,100,277609.0,I,2747789.046,2405509.589,EAST GIPPSLAND,EASTERN REGION,RURAL_VICTORIA,-37.81847,147.81478,3902.0
T20140021956,24/10/14,06.10.00,3,Struck animal,5,Friday,167,STRUCK ANIMAL                        ,MEL,40,118,H,8,5,Dark No street lights,277769,1,1,0,1,0,0,2,5,Not at intersection,3,70,277769.0,N,2535780.901,2414665.242,YARRA RANGES,METROPOLITAN SOUTH EAST REGION,MELB_URBAN,-37.76829,145.40613000000002,3139.0
T20140024428,31/10/14,09.30.00,3,Struck animal,6,Friday,167,STRUCK ANIMAL                        ,VCS,9,90,D,3,1,Day,278282,1,1,0,1,0,0,2,2,T intersection,3,100,278282.0,I,2299882.01,2378549.826,MOYNE,SOUTH WESTERN REGION,RURAL_VICTORIA,-38.07277,142.71917,3272.0
T20140024472,25/11/14,22.00.00,3,Struck animal,3,Tuesday,167,STRUCK ANIMAL                        ,VCS,9,98,F,4,5,Dark No street lights,278449,1,1,0,1,0,0,1,5,Not at intersection,3,100,278449.0,N,2664369.306,2369425.752,WELLINGTON,EASTERN REGION,RURAL_VICTORIA,-38.161970000000004,146.87555,3847.0
T20140024508,26/11/14,07.30.00,3,Struck animal,4,Wednesday,167,STRUCK ANIMAL                        ,VCS,9,88,A,5,2,Dusk/Dawn,278369,1,1,1,0,0,0,2,5,Not at intersection,2,100,278369.0,N,2195690.978,2356695.389,GLENELG,SOUTH WESTERN REGION,RURAL_VICTORIA,-38.24118,141.52345,3305.0
T20140024611,26/11/14,21.30.00,3,Struck animal,4,Wednesday,167,STRUCK ANIMAL                        ,VCS,9,439,K,11,5,Dark No street lights,278426,1,1,0,1,0,0,2,5,Not at intersection,3,999,278426.0,N,2549330.157,2403385.888,YARRA RANGES,METROPOLITAN SOUTH EAST REGION,RURAL_VICTORIA,-37.8693,145.56067,3139.0
T20140024746,29/11/14,09.10.00,3,Struck animal,7,Saturday,167,STRUCK ANIMAL                        ,VCS,9,76,H,2,1,Day,279290,1,1,0,1,0,0,1,5,Not at intersection,3,100,279290.0,N,2409299.899,2441491.969,MOORABOOL,WESTERN REGION,RURAL_VICTORIA,-37.52285,143.97383,3352.0
T20140024856,1/12/14,03.45.00,3,Struck animal,2,Monday,167,STRUCK ANIMAL                        ,MEL,40,140,E,5,5,Dark No street lights,279398,1,1,1,0,0,0,1,5,Not at intersection,2,90,279398.0,N,2518947.466,2367063.137,CASEY,METROPOLITAN SOUTH EAST REGION,MELB_URBAN,-38.19765,145.21629,3911.0
T20140025042,18/11/14,07.45.00,3,Struck animal,3,Tuesday,167,STRUCK ANIMAL                        ,VCS,9,35,C,5,2,Dusk/Dawn,279619,1,1,0,1,0,0,2,5,Not at intersection,3,100,279619.0,N,2646527.808,2583387.837,INDIGO,NORTH EASTERN REGION,RURAL_VICTORIA,-36.237159999999996,146.63021,3683.0
T20140025199,2/12/14,03.30.00,3,Struck animal,3,Tuesday,167,STRUCK ANIMAL                        ,VCS,9,33,D,8,5,Dark No street lights,280451,1,1,0,1,0,0,2,5,Not at intersection,3,100,280451.0,N,2563680.112,2564415.708,SHEPPARTON,NORTH EASTERN REGION,RURAL_VICTORIA,-36.41731,145.71011000000001,3646.0
T20140025335,7/12/14,09.00.00,3,Struck animal,1,Sunday,167,STRUCK ANIMAL                        ,VCS,9,673,L,10,1,Day,280223,2,2,1,0,0,1,1,5,Not at intersection,2,80,280223.0,N,2534293.734,2568013.356,SHEPPARTON,NORTH EASTERN REGION,RURAL_VICTORIA,-36.38641,145.38226,3629.0
T20140025335,7/12/14,09.00.00,3,Struck animal,1,Sunday,167,STRUCK ANIMAL                        ,VCS,9,673,L,10,1,Day,280223,2,2,1,0,0,1,1,5,Not at intersection,2,80,280223.0,N,2534293.734,2568013.356,SHEPPARTON,NORTH EASTERN REGION,SMALL_CITIES,-36.38641,145.38226,3629.0
T20140025778,12/12/14,21.50.00,3,Struck animal,6,Friday,167,STRUCK ANIMAL                        ,VCS,9,43,A,6,5,Dark No street lights,280113,1,1,1,0,0,0,1,5,Not at intersection,2,100,280113.0,N,2371642.106,2521062.198,CENTRAL GOLDFIELDS,WESTERN REGION,RURAL_VICTORIA,-36.80144,143.56143,3475.0
T20140026060,2/10/14,04.20.00,3,Struck animal,4,Thursday,167,STRUCK ANIMAL                        ,VCS,9,609,M,9,5,Dark No street lights,19747,1,1,0,1,0,0,2,5,Not at intersection,3,100,19747.0,N,2442543.506,2525033.324,BENDIGO,NORTHERN REGION,RURAL_VICTORIA,-36.77264,144.35631999999998,3551.0
T20140026703,20/12/14,15.00.00,3,Struck animal,6,Saturday,167,STRUCK ANIMAL                        ,VCS,9,71,H,7,1,Day,281762,1,1,1,0,0,0,2,5,Not at intersection,2,100,281762.0,N,2184030.336,2397080.754,GLENELG,SOUTH WESTERN REGION,RURAL_VICTORIA,-37.8737,141.40776,3304.0
T20140026866,26/12/14,08.00.00,3,Struck animal,6,Friday,167,STRUCK ANIMAL                        ,VCS,9,36,H,6,1,Day,280380,1,1,0,1,0,0,2,2,T intersection,3,100,280380.0,I,2715116.804,2575399.158,TOWONG,NORTH EASTERN REGION,RURAL_VICTORIA,-36.29607,147.39526999999998,3701.0
T20140026926,28/12/14,12.20.00,3,Struck animal,1,Sunday,167,STRUCK ANIMAL                        ,VCS,9,60,H,4,1,Day,280916,1,1,0,1,0,0,1,5,Not at intersection,3,100,280916.0,N,2495243.159,2484003.603,MITCHELL,NORTHERN REGION,RURAL_VICTORIA,-37.14415,144.94645,3764.0
T20150000041,1/1/15,19.30.00,3,Struck animal,5,Thursday,167,STRUCK ANIMAL                        ,VCS,9,92,A,8,2,Dusk/Dawn,280618,1,1,1,0,0,0,1,5,Not at intersection,2,100,280618.0,N,2372860.721,2341281.939,COLAC OTWAY,SOUTH WESTERN REGION,RURAL_VICTORIA,-38.42132,143.54428000000001,3249.0
T20150000153,3/1/15,14.55.00,3,Struck animal,7,Saturday,167,STRUCK ANIMAL                        ,VCS,9,48,E,9,1,Day,280401,1,2,0,2,0,0,1,5,Not at intersection,3,100,280401.0,N,2607039.42,2505207.32,MANSFIELD,NORTH EASTERN REGION,RURAL_VICTORIA,-36.946979999999996,146.20191,3723.0