ACCIDENT_NO,ACCIDENT_DATE,ACCIDENT_TIME,ACCIDENT_TYPE,ACCIDENT_TYPE_DESC,DAY_OF_WEEK,DAY_WEEK_DESC,DCA_CODE,DCA_DESC,DIRECTORY,EDITION,PAGE,GRID_REFERENCE_X,GRID_REFERENCE_Y,LIGHT_CONDITION,LIGHT_CONDITION_DESC,NODE_ID_x,NO_OF_VEHICLES,NO_PERSONS,NO_PERSONS_INJ_2,NO_PERSONS_INJ_3,NO_PERSONS_KILLED,NO_PERSONS_NOT_INJ,POLICE_ATTEND,ROAD_GEOMETRY,ROAD_GEOMETRY_DESC,SEVERITY,SPEED_ZONE,NODE_ID_y,NODE_TYPE,AMG_X,AMG_Y,LG_AREA_NAME,REGION_NAME,DEG_URBAN_NAME,LATITUDE,LONGITUDE,POSTCODE
T20150000258,3/1/15,23.00.00,3,Struck animal,7,Saturday,167,STRUCK ANIMAL                        ,VCS,9,34,H,2,5,Dark No street lights,281734,1,1,0,1,0,0,1,5,Not at intersection,3,100,281734.0,N,2628995.483,2605215.994,INDIGO,NORTH EASTERN REGION,RURAL_VICTORIA,-36.043,146.43153,3685.0
T20150000278,7/12/14,03.00.00,3,Struck animal,1,Sunday,167,STRUCK ANIMAL                        ,VCS,9,34,J,7,5,Dark No street lights,280412,1,2,0,1,0,1,1,5,Not at intersection,3,100,280412.0,N,2631499.38,2573491.698,WANGARATTA,NORTH EASTERN REGION,RURAL_VICTORIA,-36.328540000000004,146.46473,3678.0
T20150000655,10/1/15,15.15.00,3,Struck animal,7,Saturday,167,STRUCK ANIMAL                        ,VCS,9,415,E,5,1,Day,280890,1,1,1,0,0,0,1,5,Not at intersection,2,100,280890.0,N,2468962.033,2465082.412,MACEDON RANGES,NORTHERN REGION,RURAL_VICTORIA,-37.31416,144.64981,3442.0
T20150000731,12/1/15,04.50.00,3,Struck animal,1,Monday,167,STRUCK ANIMAL                        ,VCS,9,48,J,3,2,Dusk/Dawn,281297,1,1,0,1,0,0,1,5,Not at intersection,3,100,281297.0,N,2629745.403,2544681.117,WANGARATTA,NORTH EASTERN REGION,RURAL_VICTORIA,-36.588409999999996,146.45008,3678.0
T20150000859,28/11/14,21.22.00,3,Struck animal,6,Friday,167,STRUCK ANIMAL                        ,VCS,9,62,D,8,5,Dark No street lights,292202,1,3,2,1,0,0,1,5,Not at intersection,2,100,292202.0,N,2562980.322,2457147.397,MURRINDINDI,NORTH EASTERN REGION,RURAL_VICTORIA,-37.38406,145.71124,3714.0
T20150000902,13/1/15,22.37.00,3,Struck animal,3,Tuesday,167,STRUCK ANIMAL                        ,VCS,9,561,T,4,5,Dark No street lights,282813,1,1,0,1,0,0,1,5,Not at intersection,3,100,282813.0,N,2396678.1,2444863.468,BALLARAT,WESTERN REGION,RURAL_VICTORIA,-37.49116,143.83151,3352.0
T20150001142,16/1/15,23.05.00,3,Struck animal,6,Friday,167,STRUCK ANIMAL                        ,VCS,9,26,J,5,5,Dark No street lights,282635,1,1,0,1,0,0,1,5,Not at intersection,3,100,282635.0,N,2270188.623,2580583.572,YARRIAMBIACK,WESTERN REGION,RURAL_VICTORIA,-36.24592,142.44274,3393.0
T20150001600,22/1/15,23.00.00,3,Struck animal,4,Thursday,167,STRUCK ANIMAL                        ,VCS,9,609,Q,7,5,Dark No street lights,281246,1,2,0,1,0,1,2,5,Not at intersection,3,60,281246.0,N,2444649.672,2525687.62,BENDIGO,NORTHERN REGION,RURAL_VICTORIA,-36.766870000000004,144.37996,3551.0
T20150001789,26/1/15,08.30.00,3,Struck animal,2,Monday,167,STRUCK ANIMAL                        ,VCS,9,56,G,5,1,Day,281319,1,1,1,0,0,0,1,5,Not at intersection,2,100,281319.0,N,2314378.923,2471148.793,ARARAT,WESTERN REGION,RURAL_VICTORIA,-37.241620000000005,142.90753999999998,3377.0
T20150001847,29/12/14,04.00.00,3,Struck animal,2,Monday,167,STRUCK ANIMAL                        ,VCS,9,8,C,5,5,Dark No street lights,281859,1,1,0,1,0,0,2,5,Not at intersection,3,100,281859.0,N,2327526.74,2751268.977,SWAN HILL,NORTHERN REGION,RURAL_VICTORIA,-34.72031,143.11812,3599.0
T20150001895,16/9/14,21.00.00,3,Struck animal,3,Tuesday,167,STRUCK ANIMAL                        ,VCS,9,21,F,7,5,Dark No street lights,281917,1,2,0,1,0,1,2,5,Not at intersection,3,100,281917.0,N,2434317.691,2627076.4,GANNAWARRA,NORTHERN REGION,RURAL_VICTORIA,-35.852470000000004,144.2729,3568.0
T20150001972,28/1/15,20.00.00,3,Struck animal,3,Wednesday,167,STRUCK ANIMAL                        ,VCS,9,606,J,7,2,Dusk/Dawn,281902,1,2,0,2,0,0,1,5,Not at intersection,3,90,281902.0,N,2431233.88,2526304.905,BENDIGO,NORTHERN REGION,LARGE_PROVINCIAL_CITIES,-36.76042,144.22974,3551.0
T20150002133,30/1/15,23.20.00,3,Struck animal,6,Friday,167,STRUCK ANIMAL                        ,VCS,9,89,G,7,5,Dark No street lights,281575,1,1,0,1,0,0,1,5,Not at intersection,3,100,281575.0,N,2269828.201,2349413.386,MOYNE,SOUTH WESTERN REGION,RURAL_VICTORIA,-38.32817,142.36762,3283.0
T20150002285,2/2/15,13.30.00,3,Struck animal,1,Monday,167,STRUCK ANIMAL                        ,VCS,9,93,B,3,1,Day,281710,1,1,1,0,0,0,2,5,Not at intersection,2,999,281710.0,N,2414069.58,2381497.253,GOLDEN PLAINS,SOUTH WESTERN REGION,RURAL_VICTORIA,-38.063829999999996,144.02081,3321.0
T20150002353,1/2/15,10.00.00,3,Struck animal,1,Sunday,167,STRUCK ANIMAL                        ,VCS,9,49,D,4,1,Day,281788,1,1,0,1,0,0,2,5,Not at intersection,3,100,281788.0,N,2651374.814,2536604.763,ALPINE,NORTH EASTERN REGION,RURAL_VICTORIA,-36.65797,146.69338,3737.0
T20150002397,3/2/15,21.26.00,3,Struck animal,3,Tuesday,167,STRUCK ANIMAL                        ,MEL,40,3,F,8,5,Dark No street lights,282757,1,1,1,0,0,0,1,5,Not at intersection,2,100,282757.0,N,2480628.473,2424299.125,BRIMBANK,METROPOLITAN NORTH WEST REGION,MELB_URBAN,-37.68197,144.78038,3036.0
T20150002518,6/1/15,05.30.00,3,Struck animal,3,Tuesday,167,STRUCK ANIMAL                        ,VCS,9,90,E,7,9,Unknown,287494,1,1,1,0,0,0,2,5,Not at intersection,2,999,287494.0,N,2304167.03,2346621.738,MOYNE,SOUTH WESTERN REGION,RURAL_VICTORIA,-38.36122,142.75943,3265.0
T20150002833,8/2/15,08.30.00,3,Struck animal,0,Sunday,167,STRUCK ANIMAL                        ,VCS,9,55,F,8,1,Day,282236,1,1,0,1,0,0,2,5,Not at intersection,3,100,282236.0,N,2259478.088,2454783.428,SOUTHERN GRAMPIANS,SOUTH WESTERN REGION,RURAL_VICTORIA,-37.37656,142.28368999999998,3314.0
T20150003108,12/2/15,23.30.00,3,Struck animal,5,Thursday,167,STRUCK ANIMAL                        ,VCS,9,416,B,12,5,Dark No street lights,282121,1,1,1,0,0,0,1,5,Not at intersection,2,100,282121.0,N,2477538.588,2451574.48,MACEDON RANGES,NORTHERN REGION,RURAL_VICTORIA,-37.43613,144.74617,3432.0
T20150003153,1/2/15,17.00.00,3,Struck animal,1,Sunday,167,STRUCK ANIMAL                        ,VCS,9,59,G,4,1,Day,282329,1,1,0,1,0,0,2,5,Not at intersection,3,100,282329.0,N,2442575.467,2485399.919,MOUNT ALEXANDER,NORTHERN REGION,RURAL_VICTORIA,-37.12982,144.35366000000002,3447.0
T20150003213,14/2/15,10.30.00,3,Struck animal,7,Saturday,167,STRUCK ANIMAL                        ,VCS,9,55,J,4,1,Day,282132,1,1,0,1,0,0,1,5,Not at intersection,3,80,282132.0,N,2277890.006,2482370.551,NORTHERN GRAMPIANS,WESTERN REGION,RURAL_VICTORIA,-37.13259,142.4997,3381.0
T20150003216,7/2/15,15.00.00,3,Struck animal,7,Saturday,167,STRUCK ANIMAL                        ,VCS,9,29,B,9,1,Day,282754,1,1,0,1,0,0,2,5,Not at intersection,3,100,282754.0,N,2374652.728,2559316.226,LODDON,NORTHERN REGION,RURAL_VICTORIA,-36.45712,143.60147,3518.0
T20150003986,10/2/15,06.10.00,3,Struck animal,2,Tuesday,167,STRUCK ANIMAL                        ,VCS,9,609,U,8,2,Dusk/Dawn,282515,1,1,0,1,0,0,2,2,T intersection,3,90,282515.0,I,2446405.266,2525226.329,BENDIGO,NORTHERN REGION,RURAL_VICTORIA,-36.77113,144.3996,3551.0
T20150004025,24/2/15,06.45.00,3,Struck animal,3,Tuesday,167,STRUCK ANIMAL                        ,VCS,9,508,E,4,2,Dusk/Dawn,282855,1,1,1,0,0,0,2,5,Not at intersection,2,60,282855.0,I,2262374.658,2399221.567,SOUTHERN GRAMPIANS,SOUTH WESTERN REGION,SMALL_TOWNS,-37.87775,142.29858000000002,3289.0
T20150004263,12/2/15,06.00.00,3,Struck animal,5,Thursday,167,STRUCK ANIMAL                        ,VCS,9,46,D,3,2,Dusk/Dawn,287153,1,2,0,1,0,1,2,5,Not at intersection,3,100,287153.0,N,2512615.353,2544296.561,SHEPPARTON,NORTH EASTERN REGION,RURAL_VICTORIA,-36.6007,145.14101000000002,3610.0
T20150004349,28/2/15,17.10.00,3,Struck animal,7,Saturday,167,STRUCK ANIMAL                        ,VCS,9,613,S,12,1,Day,282808,1,2,2,0,0,0,1,5,Not at intersection,2,80,282808.0,N,2435773.105,2517593.699,BENDIGO,NORTHERN REGION,RURAL_VICTORIA,-36.83925,144.27983999999998,3551.0
T20150004417,1/3/15,19.45.00,3,Struck animal,1,Sunday,167,STRUCK ANIMAL                        ,VCS,9,59,E,2,2,Dusk/Dawn,282751,1,1,1,0,0,0,1,5,Not at intersection,2,80,282751.0,N,2432136.728,2495873.183,MOUNT ALEXANDER,NORTHERN REGION,RURAL_VICTORIA,-37.03474,144.23712,3451.0
T20150004533,3/3/15,07.00.00,3,Struck animal,3,Tuesday,167,STRUCK ANIMAL                        ,VCS,9,424,J,4,2,Dusk/Dawn,286074,1,1,0,1,0,0,2,2,T intersection,3,100,286074.0,N,2455801.547,2444826.937,MACEDON RANGES,NORTHERN REGION,RURAL_VICTORIA,-37.496159999999996,144.50013,3437.0
T20150004544,31/1/15,11.50.00,3,Struck animal,7,Saturday,167,STRUCK ANIMAL                        ,VCS,9,98,C,7,1,Day,282853,1,1,0,1,0,0,2,5,Not at intersection,3,999,282853.0,N,2642599.017,2347653.319,WELLINGTON,EASTERN REGION,RURAL_VICTORIA,-38.36168,146.63145,3844.0
T20150004645,4/3/15,00.50.00,3,Struck animal,3,Wednesday,167,STRUCK ANIMAL                        ,VCS,9,60,A,2,5,Dark No street lights,286303,1,1,0,1,0,0,2,5,Not at intersection,3,100,286303.0,N,2456042.188,2499181.183,BENDIGO,NORTHERN REGION,RURAL_VICTORIA,-37.00635,144.50603999999998,3444.0
T20150004914,7/3/15,11.15.00,3,Struck animal,6,Saturday,167,STRUCK ANIMAL                        ,VCS,9,609,P,9,1,Day,286434,1,1,0,1,0,0,1,5,Not at intersection,3,100,286434.0,N,2443818.234,2525032.995,BENDIGO,NORTHERN REGION,RURAL_VICTORIA,-36.77272,144.3706,3551.0
T20150005439,25/2/15,05.45.00,3,Struck animal,4,Wednesday,167,STRUCK ANIMAL                        ,VCS,9,104,D,2,2,Dusk/Dawn,287518,1,1,1,0,0,0,2,5,Not at intersection,2,100,287518.0,N,2643794.94,2330627.092,WELLINGTON,EASTERN REGION,RURAL_VICTORIA,-38.514829999999996,146.6485,3971.0
T20150005486,15/3/15,08.30.00,3,Struck animal,1,Sunday,167,STRUCK ANIMAL                        ,MEL,40,208,C,12,1,Day,286626,1,1,1,0,0,0,1,5,Not at intersection,2,70,286626.0,N,2479212.39,2398325.254,WYNDHAM,METROPOLITAN NORTH WEST REGION,MELB_URBAN,-37.91597,144.76359,3030.0
T20150005838,18/3/15,23.50.00,3,Struck animal,4,Wednesday,167,STRUCK ANIMAL                        ,VCS,9,49,E,3,5,Dark No street lights,287118,1,1,0,1,0,0,2,2,T intersection,3,100,287118.0,I,2657879.68,2543855.255,ALPINE,NORTH EASTERN REGION,RURAL_VICTORIA,-36.591570000000004,146.76463,3738.0
T20150005841,4/3/15,21.50.00,3,Struck animal,4,Wednesday,167,STRUCK ANIMAL                        ,VCS,9,672,D,6,5,Dark No street lights,286868,1,3,1,2,0,0,2,5,Not at intersection,2,80,286868.0,N,2530687.702,2570143.042,SHEPPARTON,NORTH EASTERN REGION,RURAL_VICTORIA,-36.367340000000006,145.34198,3629.0
T20150005879,19/3/15,06.10.00,3,Struck animal,5,Thursday,167,STRUCK ANIMAL                        ,VCS,9,664,K,4,5,Dark No street lights,286883,1,1,0,1,0,0,1,5,Not at intersection,3,80,286883.0,N,2620302.875,2572601.198,WANGARATTA,NORTH EASTERN REGION,RURAL_VICTORIA,-36.33805,146.34017,3678.0
T20150006344,12/2/15,20.30.00,3,Struck animal,4,Thursday,167,STRUCK ANIMAL                        ,VCS,9,90,E,6,2,Dusk/Dawn,287074,1,1,0,1,0,0,2,5,Not at intersection,3,100,287074.0,N,2306997.796,2353315.011,MOYNE,SOUTH WESTERN REGION,RURAL_VICTORIA,-38.30154,142.79358,3265.0
T20150006393,26/3/15,06.30.00,3,Struck animal,5,Thursday,167,STRUCK ANIMAL                        ,VCS,9,30,G,9,5,Dark No street lights,287126,1,1,1,0,0,0,1,5,Not at intersection,2,100,287126.0,N,2439320.912,2556671.059,LODDON,NORTHERN REGION,RURAL_VICTORIA,-36.48731,144.32273999999998,3570.0
T20150006537,12/3/15,15.00.00,3,Struck animal,5,Thursday,167,STRUCK ANIMAL                        ,VCS,9,88,F,5,1,Day,287197,1,1,0,1,0,0,2,2,T intersection,3,100,287197.0,I,2225301.119,2357831.779,GLENELG,SOUTH WESTERN REGION,RURAL_VICTORIA,-38.24021,141.86189,3285.0
T20150006656,29/3/15,08.14.00,3,Struck animal,1,Sunday,167,STRUCK ANIMAL                        ,VCS,9,35,B,8,1,Day,287241,1,2,1,0,0,1,1,5,Not at intersection,2,100,287241.0,N,2643049.863,2567293.979,WANGARATTA,NORTH EASTERN REGION,RURAL_VICTORIA,-36.38272,146.59452,3678.0
T20150006781,30/3/15,23.20.00,3,Struck animal,2,Monday,167,STRUCK ANIMAL                        ,VCS,9,44,D,7,5,Dark No street lights,287372,2,2,1,0,0,1,1,5,Not at intersection,2,100,287372.0,N,2424658.778,2516327.328,BENDIGO,NORTHERN REGION,RURAL_VICTORIA,-36.84984,144.1551,3551.0
T20150006867,31/3/15,22.00.00,3,Struck animal,3,Tuesday,167,STRUCK ANIMAL                        ,MEL,40,390,B,9,5,Dark No street lights,287588,1,3,0,3,0,0,1,5,Not at intersection,3,80,287588.0,N,2506071.649,2433694.367,WHITTLESEA,METROPOLITAN NORTH WEST REGION,RURAL_VICTORIA,-37.5975,145.06876,3754.0
T20150007015,26/3/15,07.00.00,3,Struck animal,5,Thursday,167,STRUCK ANIMAL                        ,VCS,9,417,C,6,2,Dusk/Dawn,287478,1,1,0,1,0,0,2,5,Not at intersection,3,80,287478.0,N,2501604.328,2462778.757,MITCHELL,NORTHERN REGION,RURAL_VICTORIA,-37.33543,145.01811,3758.0
T20150007019,2/4/15,20.08.00,3,Struck animal,5,Thursday,167,STRUCK ANIMAL                        ,VCS,9,92,A,7,5,Dark No street lights,288482,1,3,3,0,0,0,1,2,T intersection,2,100,288482.0,I,2370600.045,2350728.216,COLAC OTWAY,SOUTH WESTERN REGION,RURAL_VICTORIA,-38.33593,143.52008,3249.0
T20150007195,5/4/15,18.35.00,3,Struck animal,1,Sunday,167,STRUCK ANIMAL                        ,VCS,9,56,B,4,2,Dusk/Dawn,290899,1,1,0,1,0,0,1,5,Not at intersection,3,100,290899.0,N,2289111.949,2478047.113,ARARAT,WESTERN REGION,RURAL_VICTORIA,-37.17413,142.62476,3381.0
T20150007688,31/3/15,06.30.00,3,Struck animal,3,Tuesday,167,STRUCK ANIMAL                        ,VCS,9,33,F,8,2,Dusk/Dawn,287810,1,1,0,1,0,0,2,5,Not at intersection,3,100,287810.0,N,2577656.003,2564205.566,BENALLA,NORTH EASTERN REGION,RURAL_VICTORIA,-36.41817,145.86597,3725.0
T20150007721,4/4/15,08.35.00,3,Struck animal,7,Saturday,167,STRUCK ANIMAL                        ,VCS,9,56,G,5,1,Day,287838,1,1,0,1,0,0,2,5,Not at intersection,3,999,287838.0,N,2312434.434,2472293.566,ARARAT,WESTERN REGION,RURAL_VICTORIA,-37.230920000000005,142.88591,3377.0
T20150007748,13/4/15,16.30.00,3,Struck animal,2,Monday,167,STRUCK ANIMAL                        ,VCS,9,43,C,9,1,Day,287847,1,1,0,1,0,0,1,5,Not at intersection,3,100,287847.0,N,2380637.558,2503156.038,CENTRAL GOLDFIELDS,WESTERN REGION,RURAL_VICTORIA,-36.96398,143.65941,3465.0
T20150007919,30/3/15,23.00.00,3,Struck animal,2,Monday,167,STRUCK ANIMAL                        ,MEL,40,8,F,9,9,Unknown,287943,1,2,0,1,0,1,2,5,Not at intersection,3,100,287943.0,N,2500127.097,2423739.994,WHITTLESEA,METROPOLITAN NORTH WEST REGION,MELB_URBAN,-37.68721,145.00144,3074.0
T20150008094,10/3/15,20.10.00,3,Struck animal,3,Tuesday,167,STRUCK ANIMAL                        ,VCS,9,59,C,3,5,Dark No street lights,288191,1,1,0,1,0,0,2,5,Not at intersection,3,100,288191.0,N,2417029.406,2488616.761,MOUNT ALEXANDER,NORTHERN REGION,RURAL_VICTORIA,-37.09892,144.0665,3462.0
T20150008283,19/4/15,18.36.00,3,Struck animal,1,Sunday,171,LEFT OFF CARRIAGEWAY INTO OBJECT/PARKED VEHICLE       ,MEL,40,658,J,2,5,Dark No street lights,288564,1,1,1,0,0,0,1,5,Not at intersection,2,90,288564.0,N,2462486.952,2449737.775,MACEDON RANGES,NORTHERN REGION,RURAL_VICTORIA,-37.4522,144.57598000000002,3440.0
T20150008323,20/4/15,13.30.00,3,Struck animal,1,Monday,167,STRUCK ANIMAL                        ,VCS,9,63,D,6,1,Day,289253,1,1,0,1,0,0,1,5,Not at intersection,3,999,289253.0,O,2601852.82,2467673.7473,MANSFIELD,NORTH EASTERN REGION,RURAL_VICTORIA,-37.285779999999995,146.14876,3723.0
T20150008336,20/4/15,10.05.00,3,Struck animal,2,Monday,167,STRUCK ANIMAL                        ,VCS,9,45,E,9,1,Day,291779,1,2,0,1,0,1,1,5,Not at intersection,3,100,291779.0,N,2477870.979,2504296.411,BENDIGO,NORTHERN REGION,RURAL_VICTORIA,-36.96102,144.75148000000002,3523.0
T20150008445,21/4/15,19.15.00,3,Struck animal,3,Tuesday,167,STRUCK ANIMAL                        ,VCS,9,6,F,7,5,Dark No street lights,288289,1,2,2,0,0,0,1,5,Not at intersection,2,110,288289.0,N,2252772.688,2734941.628,MILDURA,WESTERN REGION,RURAL_VICTORIA,-34.85115,142.29779,3490.0
T20150008457,11/4/15,18.00.00,3,Struck animal,7,Saturday,167,STRUCK ANIMAL                        ,VCS,9,76,E,6,2,Dusk/Dawn,288533,1,2,0,2,0,0,2,5,Not at intersection,3,100,288533.0,N,2391628.907,2410771.772,GOLDEN PLAINS,SOUTH WESTERN REGION,RURAL_VICTORIA,-37.79775,143.76943,3352.0
T20150008819,26/4/15,18.45.00,3,Struck animal,1,Sunday,167,STRUCK ANIMAL                        ,MEL,40,160,C,9,5,Dark No street lights,288709,1,2,0,1,0,1,1,5,Not at intersection,3,80,288709.0,N,2498920.323,2350679.634,MORNINGTON PENINSULA,METROPOLITAN SOUTH EAST REGION,RURAL_VICTORIA,-38.34543,144.98765,3936.0
T20150008868,30/3/15,17.00.00,3,Struck animal,2,Monday,167,STRUCK ANIMAL                        ,VCS,9,57,H,7,9,Unknown,288453,1,1,1,0,0,0,2,5,Not at intersection,2,100,288453.0,I,2359970.509,2461243.648,PYRENEES,WESTERN REGION,RURAL_VICTORIA,-37.33879,143.41952,3373.0
T20150008908,27/4/15,21.10.00,3,Struck animal,2,Monday,167,STRUCK ANIMAL                        ,VCS,9,72,G,5,5,Dark No street lights,288454,1,1,1,0,0,0,1,5,Not at intersection,2,100,288454.0,N,2226241.779,2418717.389,SOUTHERN GRAMPIANS,SOUTH WESTERN REGION,RURAL_VICTORIA,-37.692240000000005,141.89531000000002,3301.0
T20150008922,1/2/15,05.00.00,3,Struck animal,1,Sunday,167,STRUCK ANIMAL                        ,VCS,9,702,D,2,3,Dark Street lights on,288643,1,1,0,1,0,0,2,5,Not at intersection,3,80,288643.0,N,2624380.882,2354629.582,LATROBE,EASTERN REGION,RURAL_VICTORIA,-38.30148,146.42186,3842.0
T20150009425,5/5/15,01.56.00,3,Struck animal,3,Tuesday,167,STRUCK ANIMAL                        ,VCS,9,98,C,2,5,Dark No street lights,288864,1,1,1,0,0,0,1,5,Not at intersection,2,100,288864.0,N,2646672.678,2385700.634,WELLINGTON,EASTERN REGION,RURAL_VICTORIA,-38.01835,146.67041,3857.0
T20150009791,9/5/15,17.33.00,3,Struck animal,7,Saturday,167,STRUCK ANIMAL                        ,VCS,9,59,J,5,5,Dark No street lights,289080,1,2,1,0,0,1,1,5,Not at intersection,2,100,289080.0,N,2453155.747,2477878.471,MACEDON RANGES,NORTHERN REGION,RURAL_VICTORIA,-37.198190000000004,144.47228,3444.0
T20150009973,24/4/15,15.00.00,3,Struck animal,6,Friday,167,STRUCK ANIMAL                        ,MEL,40,167,K,5,1,Day,289032,1,1,0,1,0,0,1,5,Not at intersection,3,50,289032.0,N,2481933.112,2347605.116,MORNINGTON PENINSULA,METROPOLITAN SOUTH EAST REGION,MELB_URBAN,-38.37294,144.79328,3941.0
T20150010136,13/4/15,21.30.00,3,Struck animal,1,Monday,167,STRUCK ANIMAL                        ,VCS,9,92,E,8,5,Dark No street lights,289175,1,1,0,1,0,0,2,5,Not at intersection,3,100,289175.0,N,2395305.257,2344777.087,COLAC OTWAY,SOUTH WESTERN REGION,RURAL_VICTORIA,-38.39266,143.80174,3243.0
T20150010436,17/5/15,15.40.00,3,Struck animal,1,Sunday,167,STRUCK ANIMAL                        ,MEL,40,394,D,11,1,Day,289191,1,1,0,1,0,0,1,5,Not at intersection,3,60,289191.0,N,2522821.975,2432850.955,NILLUMBIK,METROPOLITAN NORTH WEST REGION,RURAL_VICTORIA,-37.60484,145.25848,3761.0
T20150010466,6/4/15,11.45.00,3,Struck animal,2,Monday,167,STRUCK ANIMAL                        ,VCS,9,61,C,5,9,Unknown,291151,1,1,0,1,0,0,2,5,Not at intersection,3,100,291151.0,N,2508568.072,2478651.911,MITCHELL,NORTHERN REGION,RURAL_VICTORIA,-37.19235,145.09652,3658.0
T20150010751,21/5/15,05.00.00,3,Struck animal,5,Thursday,167,STRUCK ANIMAL                        ,VCS,9,76,G,3,5,Dark No street lights,290443,1,1,0,1,0,0,1,5,Not at intersection,3,100,290443.0,N,2403893.816,2431781.923,MOORABOOL,WESTERN REGION,RURAL_VICTORIA,-37.6098,143.91142,3352.0
T20150010779,27/4/15,17.30.00,3,Struck animal,2,Monday,167,STRUCK ANIMAL                        ,VCS,9,417,B,4,2,Dusk/Dawn,289880,1,1,0,1,0,0,2,5,Not at intersection,3,100,289880.0,N,2499463.768,2466444.745,MITCHELL,NORTHERN REGION,RURAL_VICTORIA,-37.3024,144.99395,3764.0
T20150010955,23/5/15,18.30.00,3,Struck animal,6,Saturday,167,STRUCK ANIMAL                        ,MEL,40,331,J,2,5,Dark No street lights,290031,1,1,0,1,0,0,1,5,Not at intersection,3,100,290031.0,N,2466110.154,2431658.594,MELTON,METROPOLITAN NORTH WEST REGION,RURAL_VICTORIA,-37.61525,144.61611000000002,3337.0
T20150011202,26/5/15,18.59.00,3,Struck animal,3,Tuesday,167,STRUCK ANIMAL                        ,MEL,40,351,J,5,5,Dark No street lights,291816,1,2,0,2,0,0,1,5,Not at intersection,3,80,291816.0,N,2473918.602,2430188.387,MELTON,METROPOLITAN NORTH WEST REGION,RURAL_VICTORIA,-37.62874,144.70451,3427.0
T20150011323,27/5/15,20.20.00,3,Struck animal,4,Wednesday,167,STRUCK ANIMAL                        ,VCS,9,83,F,8,5,Dark No street lights,291094,3,5,0,3,0,2,1,5,Not at intersection,3,100,291094.0,N,2700423.1,2395381.799,EAST GIPPSLAND,EASTERN REGION,RURAL_VICTORIA,-37.9211,147.27971000000002,3864.0
T20150011471,27/5/15,23.00.00,3,Struck animal,4,Wednesday,167,STRUCK ANIMAL                        ,MEL,40,91,J,1,5,Dark No street lights,289823,1,1,0,1,0,0,1,2,T intersection,3,80,289823.0,I,2524766.247,2393194.368,CASEY,METROPOLITAN SOUTH EAST REGION,MELB_URBAN,-37.9621,145.28183,3802.0
T20150011765,3/6/15,03.10.00,3,Struck animal,3,Wednesday,167,STRUCK ANIMAL                        ,VCS,9,80,D,2,5,Dark No street lights,290486,1,1,0,1,0,0,2,5,Not at intersection,3,100,290486.0,N,2563953.245,2441181.738,MURRINDINDI,NORTH EASTERN REGION,RURAL_VICTORIA,-37.52786,145.7236,3779.0
T20150011958,27/5/15,05.15.00,3,Struck animal,4,Wednesday,167,STRUCK ANIMAL                        ,MEL,40,335,G,10,5,Dark No street lights,290131,1,2,0,2,0,0,2,5,Not at intersection,3,110,290131.0,N,2457384.919,2423331.006,MELTON,WESTERN REGION,SMALL_CITIES,-37.68992,144.5168,3338.0
T20150012152,18/5/15,18.20.00,3,Struck animal,1,Monday,167,STRUCK ANIMAL                        ,VCS,9,76,B,3,5,Dark No street lights,291215,1,2,0,2,0,0,2,5,Not at intersection,3,999,291215.0,N,2377386.267,2430839.932,PYRENEES,WESTERN REGION,RURAL_VICTORIA,-37.61518,143.61105,3351.0
T20150012162,5/6/15,06.30.00,3,Struck animal,6,Friday,167,STRUCK ANIMAL                        ,VCS,9,97,E,5,5,Dark No street lights,290155,1,1,0,1,0,0,2,5,Not at intersection,3,110,290155.0,N,2606208.967,2367011.479,BAW BAW,EASTERN REGION,RURAL_VICTORIA,-38.19222,146.21235,3824.0
T20150012482,9/2/13,14.00.00,3,Struck animal,6,Saturday,167,STRUCK ANIMAL                        ,VCS,9,97,H,8,1,Day,291554,1,1,0,1,0,0,2,5,Not at intersection,3,100,291554.0,N,2623291.924,2344667.537,LATROBE,EASTERN REGION,RURAL_VICTORIA,-38.39135,146.4111,3869.0
T20150012491,19/5/15,23.15.00,3,Struck animal,2,Tuesday,167,STRUCK ANIMAL                        ,VCS,9,417,C,7,5,Dark No street lights,290375,1,1,0,1,0,0,2,5,Not at intersection,3,100,290375.0,N,2499979.523,2461516.211,MITCHELL,NORTHERN REGION,RURAL_VICTORIA,-37.34681,144.99976999999998,3758.0
T20150012501,10/6/15,13.00.00,3,Struck animal,4,Wednesday,167,STRUCK ANIMAL                        ,VCS,9,55,D,7,1,Day,291171,1,1,0,1,0,0,2,5,Not at intersection,3,50,291171.0,N,2250861.739,2456679.02,SOUTHERN GRAMPIANS,SOUTH WESTERN REGION,RURAL_VICTORIA,-37.35723,142.18707,3314.0
T20150012687,11/6/15,19.00.00,3,Struck animal,5,Thursday,167,STRUCK ANIMAL                        ,VCS,9,63,H,3,5,Dark No street lights,290474,1,1,0,1,0,0,2,5,Not at intersection,3,60,290474.0,N,2624120.204,2486876.387,(MOUNT BULLER),NORTH EASTERN REGION,SMALL_TOWNS,-37.11007,146.3967,3722.0
T20150012758,25/5/15,22.30.00,3,Struck animal,1,Monday,167,STRUCK ANIMAL                        ,VCS,9,417,E,11,5,Dark No street lights,290531,1,1,0,1,0,0,9,5,Not at intersection,3,80,290531.0,N,2505047.687,2452793.671,MITCHELL,NORTHERN REGION,RURAL_VICTORIA,-37.4254,145.05703,3756.0