ACCIDENT_NO,ACCIDENT_DATE,ACCIDENT_TIME,ACCIDENT_TYPE,ACCIDENT_TYPE_DESC,DAY_OF_WEEK,DAY_WEEK_DESC,DCA_CODE,DCA_DESC,DIRECTORY,EDITION,PAGE,GRID_REFERENCE_X,GRID_REFERENCE_Y,LIGHT_CONDITION,LIGHT_CONDITION_DESC,NODE_ID_x,NO_OF_VEHICLES,NO_PERSONS,NO_PERSONS_INJ_2,NO_PERSONS_INJ_3,NO_PERSONS_KILLED,NO_PERSONS_NOT_INJ,POLICE_ATTEND,ROAD_GEOMETRY,ROAD_GEOMETRY_DESC,SEVERITY,SPEED_ZONE,NODE_ID_y,NODE_TYPE,AMG_X,AMG_Y,LG_AREA_NAME,REGION_NAME,DEG_URBAN_NAME,LATITUDE,LONGITUDE,POSTCODE
T20150013257,22/6/15,17.15.00,3,Struck animal,2,Monday,167,STRUCK ANIMAL                        ,VCS,9,99,F,5,5,Dark No street lights,290742,2,5,0,5,0,0,1,5,Not at intersection,3,100,290742.0,N,2699857.272,2365464.621,WELLINGTON,EASTERN REGION,RURAL_VICTORIA,-38.190670000000004,147.28143,3851.0
T20150013491,12/6/15,18.00.00,3,Struck animal,5,Friday,167,STRUCK ANIMAL                        ,VCS,9,42,G,8,5,Dark No street lights,292283,1,1,0,1,0,0,2,1,Cross intersection,3,100,292283.0,N,2351322.521,2506082.091,PYRENEES,WESTERN REGION,RURAL_VICTORIA,-36.933440000000004,143.3308,3477.0
T20150013565,24/6/15,05.30.00,3,Struck animal,4,Wednesday,167,STRUCK ANIMAL                        ,VCS,9,46,G,2,5,Dark No street lights,291563,1,2,1,0,0,1,1,5,Not at intersection,2,100,291563.0,N,2532090.347,2549192.061,SHEPPARTON,NORTH EASTERN REGION,RURAL_VICTORIA,-36.55612,145.35849,3631.0
T20150013590,27/4/15,19.30.00,3,Struck animal,1,Monday,167,STRUCK ANIMAL                        ,VCS,9,59,F,2,2,Dusk/Dawn,290928,1,1,0,1,0,0,2,5,Not at intersection,3,110,290928.0,N,2436190.709,2494829.749,MOUNT ALEXANDER,NORTHERN REGION,RURAL_VICTORIA,-37.04443,144.2826,3451.0
T20150014017,3/7/15,18.20.00,3,Struck animal,6,Friday,167,STRUCK ANIMAL                        ,VCS,9,424,H,5,5,Dark No street lights,291336,1,2,1,0,0,1,1,5,Not at intersection,2,100,291336.0,N,2453819.41,2442261.338,MACEDON RANGES,NORTHERN REGION,RURAL_VICTORIA,-37.51918,144.47755,3437.0
T20150014020,3/7/15,18.30.00,3,Struck animal,6,Friday,167,STRUCK ANIMAL                        ,MEL,40,646,G,12,3,Dark Street lights on,291204,1,1,0,1,0,0,2,5,Not at intersection,3,60,291204.0,N,2500190.351,2453466.516,MITCHELL,NORTHERN REGION,RURAL_VICTORIA,-37.41935,145.00215,3756.0
T20150014069,28/6/15,19.10.00,3,Struck animal,1,Sunday,167,STRUCK ANIMAL                        ,VCS,9,74,E,7,5,Dark No street lights,291210,1,2,1,0,0,1,2,5,Not at intersection,2,100,291210.0,N,2305808.06,2401749.236,MOYNE,SOUTH WESTERN REGION,RURAL_VICTORIA,-37.86507,142.79282,3272.0
T20150014428,5/9/14,23.00.00,3,Struck animal,5,Friday,167,STRUCK ANIMAL                        ,VCS,9,77,F,2,5,Dark No street lights,292589,1,1,0,1,0,0,2,5,Not at intersection,3,80,292589.0,N,2438207.153,2440447.56,MOORABOOL,WESTERN REGION,RURAL_VICTORIA,-37.534620000000004,144.30078,3458.0
T20150014788,29/5/15,23.00.00,3,Struck animal,6,Friday,167,STRUCK ANIMAL                        ,VCS,9,76,H,4,5,Dark No street lights,292309,1,1,1,0,0,0,2,5,Not at intersection,2,100,292309.0,N,2408472.159,2429623.722,MOORABOOL,WESTERN REGION,RURAL_VICTORIA,-37.629709999999996,143.963,3352.0
T20150014843,16/7/15,18.30.00,3,Struck animal,5,Thursday,167,STRUCK ANIMAL                        ,VCS,9,98,F,3,5,Dark No street lights,291725,1,1,0,1,0,0,1,5,Not at intersection,3,100,291725.0,N,2662139.498,2376385.989,WELLINGTON,EASTERN REGION,RURAL_VICTORIA,-38.09968,146.84857,3847.0
T20150015291,22/7/15,18.45.00,3,Struck animal,4,Wednesday,167,STRUCK ANIMAL                        ,VCS,9,31,G,6,5,Dark No street lights,292161,2,2,0,1,0,1,1,5,Not at intersection,3,100,292161.0,N,2493979.704,2577808.826,CAMPASPE,NORTHERN REGION,RURAL_VICTORIA,-36.29873,144.93296999999998,3621.0
T20150015426,18/7/15,17.15.00,3,Struck animal,6,Saturday,167,STRUCK ANIMAL                        ,VCS,9,60,E,3,9,Unknown,292002,1,1,1,0,0,0,2,5,Not at intersection,2,100,292002.0,N,2478713.962,2486743.344,MITCHELL,NORTHERN REGION,RURAL_VICTORIA,-37.11923,144.76045,3522.0
T20150015589,26/7/15,18.05.00,3,Struck animal,1,Sunday,167,STRUCK ANIMAL                        ,VCS,9,61,E,3,2,Dusk/Dawn,292059,1,2,0,1,0,1,1,5,Not at intersection,3,100,292059.0,N,2518691.679,2487238.641,MITCHELL,NORTHERN REGION,RURAL_VICTORIA,-37.11482,145.21034,3660.0
T20150015628,26/7/15,20.15.00,3,Struck animal,1,Sunday,167,STRUCK ANIMAL                        ,VCS,9,83,C,6,5,Dark No street lights,293129,1,1,1,0,0,0,2,5,Not at intersection,2,100,293129.0,N,2685986.097,2410233.015,WELLINGTON,EASTERN REGION,RURAL_VICTORIA,-37.79033,147.11181000000002,3860.0
T20150015676,6/6/15,07.50.00,3,Struck animal,7,Saturday,167,STRUCK ANIMAL                        ,VCS,9,35,B,8,2,Dusk/Dawn,292172,1,1,0,1,0,0,2,5,Not at intersection,3,100,292172.0,N,2643377.702,2567311.315,WANGARATTA,NORTH EASTERN REGION,RURAL_VICTORIA,-36.382509999999996,146.59816999999998,3678.0
T20150015760,2/3/15,08.30.00,3,Struck animal,2,Monday,167,STRUCK ANIMAL                        ,VCS,9,45,D,8,1,Day,292268,1,1,0,1,0,0,2,5,Not at intersection,3,100,292268.0,N,2472269.699,2510979.754,BENDIGO,NORTHERN REGION,RURAL_VICTORIA,-36.90064,144.68882,3523.0
T20150015762,29/7/15,09.55.00,3,Struck animal,3,Wednesday,167,STRUCK ANIMAL                        ,MEL,40,20,G,6,1,Day,292206,1,1,0,1,0,0,1,5,Not at intersection,3,60,292206.0,N,2508113.295,2420402.709,BANYULE,METROPOLITAN NORTH WEST REGION,MELB_URBAN,-37.71725,145.09203,3088.0
T20150015825,29/7/15,23.55.00,3,Struck animal,4,Wednesday,167,STRUCK ANIMAL                        ,VCS,9,41,B,9,5,Dark No street lights,292266,1,1,1,0,0,0,1,5,Not at intersection,2,100,292266.0,N,2284449.756,2502385.847,NORTHERN GRAMPIANS,WESTERN REGION,RURAL_VICTORIA,-36.9538,142.57924,3385.0
T20150015832,30/7/15,06.40.00,3,Struck animal,5,Thursday,167,STRUCK ANIMAL                        ,VCS,9,91,E,4,5,Dark No street lights,293158,1,1,1,0,0,0,1,5,Not at intersection,2,100,293158.0,N,2343675.133,2368908.067,CORANGAMITE,SOUTH WESTERN REGION,RURAL_VICTORIA,-38.16803,143.21611000000001,3260.0
T20150015833,30/7/15,07.13.00,3,Struck animal,5,Thursday,167,STRUCK ANIMAL                        ,VCS,9,34,E,8,2,Dusk/Dawn,292450,1,1,1,0,0,0,1,5,Not at intersection,2,100,292450.0,N,2611983.986,2566088.907,WANGARATTA,NORTH EASTERN REGION,RURAL_VICTORIA,-36.39776,146.24846000000002,3678.0
T20150016142,30/7/15,07.20.00,3,Struck animal,4,Thursday,167,STRUCK ANIMAL                        ,VCS,9,57,G,7,2,Dusk/Dawn,292696,1,1,0,1,0,0,2,5,Not at intersection,3,100,292696.0,N,2355546.282,2457359.137,PYRENEES,WESTERN REGION,RURAL_VICTORIA,-37.37312,143.36883999999998,3373.0
T20150016149,30/7/15,16.00.00,3,Struck animal,5,Thursday,167,STRUCK ANIMAL                        ,MEL,40,335,B,9,2,Dusk/Dawn,292518,1,1,0,1,0,0,2,5,Not at intersection,3,60,292518.0,N,2455408.837,2423972.614,MOORABOOL,WESTERN REGION,SMALL_TOWNS,-37.68405,144.49443,3340.0
T20150016562,9/8/15,11.20.00,3,Struck animal,0,Sunday,167,STRUCK ANIMAL                        ,VCS,9,56,A,5,1,Day,292810,1,1,1,0,0,0,1,5,Not at intersection,2,100,292810.0,N,2281643.803,2471882.212,NORTHERN GRAMPIANS,WESTERN REGION,RURAL_VICTORIA,-37.227959999999996,142.53888999999998,3381.0
T20150016632,15/6/15,01.00.00,3,Struck animal,2,Monday,167,STRUCK ANIMAL                        ,VCS,9,80,B,4,5,Dark No street lights,292694,1,1,0,1,0,0,1,5,Not at intersection,3,999,292694.0,N,2551494.734,2429346.894,YARRA RANGES,METROPOLITAN SOUTH EAST REGION,RURAL_VICTORIA,-37.63527,145.58346,3777.0
T20150016647,10/8/15,18.50.00,3,Struck animal,2,Monday,167,STRUCK ANIMAL                        ,VCS,9,102,F,3,2,Dusk/Dawn,292732,1,3,1,2,0,0,1,5,Not at intersection,2,100,292732.0,N,2567867.675,2322189.603,BASS COAST,EASTERN REGION,RURAL_VICTORIA,-38.59953,145.7789,3996.0
T20150016688,8/8/15,18.20.00,3,Struck animal,7,Saturday,167,STRUCK ANIMAL                        ,VCS,9,44,G,4,5,Dark No street lights,292727,1,1,0,1,0,0,2,5,Not at intersection,3,100,292727.0,N,2444048.75,2535215.844,BENDIGO,NORTHERN REGION,RURAL_VICTORIA,-36.68096,144.37393,3551.0
T20150016709,11/8/15,06.55.00,3,Struck animal,3,Tuesday,167,STRUCK ANIMAL                        ,VCS,9,102,G,3,2,Dusk/Dawn,292890,1,1,0,1,0,0,1,5,Not at intersection,3,100,292890.0,N,2573146.821,2325454.311,SOUTH GIPPSLAND,EASTERN REGION,RURAL_VICTORIA,-38.56973,145.83916000000002,3996.0
T20150016806,12/8/15,19.30.00,3,Struck animal,4,Wednesday,167,STRUCK ANIMAL                        ,VCS,9,50,B,6,5,Dark No street lights,293503,1,2,0,2,0,0,1,5,Not at intersection,3,100,293503.0,N,2680362.426,2525229.741,ALPINE,NORTH EASTERN REGION,RURAL_VICTORIA,-36.75537,147.02026999999998,3741.0
T20150016917,14/8/15,09.40.00,3,Struck animal,6,Friday,167,STRUCK ANIMAL                        ,VCS,9,60,G,2,1,Day,295772,1,2,0,1,0,1,1,5,Not at intersection,3,100,295772.0,N,2494359.318,2498616.235,MITCHELL,NORTHERN REGION,RURAL_VICTORIA,-37.01245,144.93661,3522.0
T20150016975,9/8/15,16.30.00,3,Struck animal,0,Sunday,167,STRUCK ANIMAL                        ,VCS,9,425,G,3,2,Dusk/Dawn,292921,1,1,0,1,0,0,2,5,Not at intersection,3,100,292921.0,N,2472020.267,2444630.943,HUME,METROPOLITAN NORTH WEST REGION,RURAL_VICTORIA,-37.49855,144.68355,3429.0
T20150017040,16/8/15,02.30.00,3,Struck animal,1,Sunday,167,STRUCK ANIMAL                        ,VCS,9,71,F,8,5,Dark No street lights,292877,1,1,0,1,0,0,1,5,Not at intersection,3,100,292877.0,N,2174331.926,2390218.387,GLENELG,SOUTH WESTERN REGION,RURAL_VICTORIA,-37.93213,141.29457,3304.0
T20150017051,16/8/15,06.00.00,3,Struck animal,1,Sunday,167,STRUCK ANIMAL                        ,VCS,9,98,G,3,5,Dark No street lights,293346,5,8,0,1,0,7,1,5,Not at intersection,3,100,293346.0,N,2666109.424,2375318.889,WELLINGTON,EASTERN REGION,RURAL_VICTORIA,-38.108579999999996,146.89406,3851.0
T20150017099,11/8/15,05.20.00,3,Struck animal,3,Tuesday,167,STRUCK ANIMAL                        ,VCS,9,608,H,12,5,Dark No street lights,292953,1,1,0,1,0,0,1,5,Not at intersection,3,80,292953.0,N,2440480.586,2523239.245,BENDIGO,NORTHERN REGION,RURAL_VICTORIA,-36.78868,144.33307,3551.0
T20150017127,1/7/15,04.10.00,3,Struck animal,4,Wednesday,167,STRUCK ANIMAL                        ,MEL,40,75,G,7,5,Dark No street lights,292952,1,1,0,1,0,0,2,5,Not at intersection,3,70,292952.0,N,2531482.544,2400294.812,YARRA RANGES,METROPOLITAN SOUTH EAST REGION,MELB_URBAN,-37.89792,145.35795,3789.0
T20150017557,9/5/15,20.30.00,3,Struck animal,7,Saturday,167,STRUCK ANIMAL                        ,MEL,40,260,A,9,5,Dark No street lights,293119,1,1,0,1,0,0,2,5,Not at intersection,3,100,293119.0,N,2493976.179,2336187.836,MORNINGTON PENINSULA,METROPOLITAN SOUTH EAST REGION,RURAL_VICTORIA,-38.47594,144.93098,3939.0
T20150018118,21/8/15,17.45.00,3,Struck animal,6,Friday,167,STRUCK ANIMAL                        ,VCS,9,45,H,3,2,Dusk/Dawn,19511,1,3,0,1,0,2,2,2,T intersection,3,100,19511.0,I,2497808.939,2546631.474,CAMPASPE,NORTHERN REGION,RURAL_VICTORIA,-36.57973,144.97552,3612.0
T20150018222,1/9/15,23.30.00,3,Struck animal,3,Tuesday,167,STRUCK ANIMAL                        ,VCS,9,417,D,11,5,Dark No street lights,293600,1,1,0,1,0,0,1,5,Not at intersection,3,80,293600.0,N,2502020.15,2453384.111,MITCHELL,NORTHERN REGION,RURAL_VICTORIA,-37.42009,145.02282,3756.0
T20150019163,13/9/15,09.30.00,3,Struck animal,1,Sunday,167,STRUCK ANIMAL                        ,VCS,9,57,G,3,1,Day,294028,1,1,0,1,0,0,2,5,Not at intersection,3,999,294028.0,N,2355532.526,2488715.91,PYRENEES,WESTERN REGION,RURAL_VICTORIA,-37.090579999999996,143.37473,3478.0
T20150019276,2/9/15,12.00.00,3,Struck animal,3,Wednesday,167,STRUCK ANIMAL                        ,VCS,9,62,C,9,1,Day,294051,1,1,0,1,0,0,2,5,Not at intersection,3,100,294051.0,N,2559893.631,2450510.731,MURRINDINDI,NORTH EASTERN REGION,RURAL_VICTORIA,-37.44407,145.67692,3711.0
T20150019478,19/9/15,04.15.00,3,Struck animal,7,Saturday,167,STRUCK ANIMAL                        ,VCS,9,76,B,4,5,Dark No street lights,294080,1,1,0,1,0,0,2,5,Not at intersection,3,100,294080.0,N,2374676.089,2423489.32,GOLDEN PLAINS,SOUTH WESTERN REGION,SMALL_TOWNS,-37.68104,143.57911000000001,3360.0
T20150019513,19/9/15,19.57.00,3,Struck animal,7,Saturday,167,STRUCK ANIMAL                        ,MEL,40,391,H,7,3,Dark Street lights on,294184,1,1,1,0,0,0,1,5,Not at intersection,2,80,294184.0,N,2512414.816,2434285.438,WHITTLESEA,METROPOLITAN NORTH WEST REGION,RURAL_VICTORIA,-37.59211,145.14059,3754.0
T20150019535,20/9/15,08.00.00,3,Struck animal,1,Sunday,167,STRUCK ANIMAL                        ,VCS,9,35,C,4,1,Day,294489,1,1,1,0,0,0,1,5,Not at intersection,2,110,294489.0,N,2648412.367,2595190.706,INDIGO,NORTH EASTERN REGION,RURAL_VICTORIA,-36.13051,146.6489,3688.0
T20150019537,20/9/15,06.00.00,3,Struck animal,1,Sunday,167,STRUCK ANIMAL                        ,VCS,9,47,F,3,2,Dusk/Dawn,295189,1,1,1,0,0,0,1,5,Not at intersection,2,110,295189.0,N,2573078.452,2543506.391,STRATHBOGIE,NORTH EASTERN REGION,RURAL_VICTORIA,-36.60508,145.81691,3670.0
T20150019748,19/8/15,18.15.00,3,Struck animal,4,Wednesday,167,STRUCK ANIMAL                        ,VCS,9,67,F,4,2,Dusk/Dawn,294626,2,2,0,1,0,1,2,5,Not at intersection,3,100,294626.0,N,2789383.802,2477425.48,EAST GIPPSLAND,EASTERN REGION,RURAL_VICTORIA,-37.1588,148.25898,3885.0
T20150019863,24/9/15,23.50.00,3,Struck animal,5,Thursday,167,STRUCK ANIMAL                        ,MEL,40,466,D,9,5,Dark No street lights,294337,2,3,0,2,0,1,1,5,Not at intersection,3,80,294337.0,N,2444715.801,2365498.213,GEELONG,SOUTH WESTERN REGION,RURAL_VICTORIA,-38.21029,144.36881,3217.0
T20150019991,26/9/15,19.45.00,3,Struck animal,6,Saturday,167,STRUCK ANIMAL                        ,MEL,40,272,G,2,5,Dark No street lights,294441,1,2,0,1,0,1,1,5,Not at intersection,3,80,294441.0,N,2523934.307,2426861.358,NILLUMBIK,METROPOLITAN NORTH WEST REGION,RURAL_VICTORIA,-37.65878,145.27127,3775.0
T20150020004,19/9/15,16.00.00,3,Struck animal,7,Saturday,167,STRUCK ANIMAL                        ,VCS,9,97,F,2,1,Day,294433,1,1,0,1,0,0,2,5,Not at intersection,3,999,294433.0,N,2613090.218,2385883.502,BAW BAW,EASTERN REGION,RURAL_VICTORIA,-38.0214,146.28797,3825.0
T20150020041,27/9/15,18.45.00,3,Struck animal,1,Sunday,167,STRUCK ANIMAL                        ,VCS,9,96,G,4,5,Dark No street lights,294500,1,1,0,1,0,0,1,5,Not at intersection,3,80,294500.0,N,2581426.325,2374373.683,BAW BAW,EASTERN REGION,RURAL_VICTORIA,-38.128409999999995,145.92866,3820.0
T20150020244,14/9/15,18.55.00,3,Struck animal,1,Monday,167,STRUCK ANIMAL                        ,VCS,9,415,J,5,5,Dark No street lights,297642,1,1,0,1,0,0,2,5,Not at intersection,3,100,297642.0,N,2476741.449,2466087.329,MACEDON RANGES,NORTHERN REGION,RURAL_VICTORIA,-37.30533,144.73761000000002,3435.0
T20150020299,1/10/15,10.00.00,3,Struck animal,5,Thursday,167,STRUCK ANIMAL                        ,VCS,9,93,D,8,1,Day,294646,1,1,1,0,0,0,1,5,Not at intersection,2,999,294646.0,N,2427719.174,2346159.999,SURF COAST,SOUTH WESTERN REGION,RURAL_VICTORIA,-38.383309999999994,144.17283999999998,3230.0
T20150020371,18/5/15,18.10.00,3,Struck animal,1,Monday,167,STRUCK ANIMAL                        ,VCS,9,32,G,3,5,Dark No street lights,296278,1,1,0,1,0,0,1,5,Not at intersection,3,100,296278.0,N,2528268.912,2602687.639,MOIRA,NORTH EASTERN REGION,RURAL_VICTORIA,-36.07411,145.31383,3637.0
T20150021098,26/9/15,14.30.00,3,Struck animal,7,Saturday,167,STRUCK ANIMAL                        ,VCS,9,57,F,5,1,Day,295697,1,1,0,1,0,0,2,5,Not at intersection,3,999,295697.0,O,2345218.754,2473393.2993,ARARAT,WESTERN REGION,RURAL_VICTORIA,-37.227,143.25557,3469.0
T20150021240,14/10/15,17.50.00,3,Struck animal,4,Wednesday,167,STRUCK ANIMAL                        ,MEL,40,386,K,3,2,Dusk/Dawn,295033,1,1,0,1,0,0,1,5,Not at intersection,3,60,295033.0,N,2493825.875,2435980.061,HUME,METROPOLITAN NORTH WEST REGION,MELB_URBAN,-37.5769,144.9301,3064.0
T20150021358,14/10/15,06.15.00,3,Struck animal,4,Wednesday,167,STRUCK ANIMAL                        ,VCS,9,40,D,6,2,Dusk/Dawn,295064,1,1,1,0,0,0,1,5,Not at intersection,2,100,295064.0,N,2244282.844,2522927.812,HORSHAM,WESTERN REGION,RURAL_VICTORIA,-36.75869,142.13533,3401.0
T20150021492,17/10/15,05.10.00,3,Struck animal,6,Saturday,167,STRUCK ANIMAL                        ,MEL,40,390,K,10,3,Dark Street lights on,295103,1,1,0,1,0,0,2,5,Not at intersection,3,80,295103.0,N,2509398.252,2433208.096,WHITTLESEA,METROPOLITAN NORTH WEST REGION,MELB_URBAN,-37.60185,145.10644,3754.0
T20150021569,19/10/15,00.05.00,3,Struck animal,1,Monday,167,STRUCK ANIMAL                        ,VCS,9,429,B,5,3,Dark Street lights on,49524,1,1,1,0,0,0,1,2,T intersection,2,80,49524.0,I,2534432.242,2440019.915,MURRINDINDI,NORTH EASTERN REGION,RURAL_VICTORIA,-37.53988,145.38963999999999,3775.0
T20150021699,16/10/15,15.45.00,3,Struck animal,5,Friday,167,STRUCK ANIMAL                        ,VCS,9,88,H,2,1,Day,295201,1,1,1,0,0,0,2,5,Not at intersection,2,100,295201.0,N,2233559.02,2379950.903,MOYNE,SOUTH WESTERN REGION,RURAL_VICTORIA,-38.04347,141.96421999999998,3286.0
T20150021753,20/10/15,22.10.00,3,Struck animal,3,Tuesday,167,STRUCK ANIMAL                        ,MEL,40,352,F,11,5,Dark No street lights,295244,1,1,0,1,0,0,1,5,Not at intersection,3,100,295244.0,N,2476748.061,2428021.991,MELTON,METROPOLITAN NORTH WEST REGION,RURAL_VICTORIA,-37.648340000000005,144.7365,3427.0
T20150022294,28/10/15,06.40.00,3,Struck animal,4,Wednesday,167,STRUCK ANIMAL                        ,VCS,9,76,E,6,2,Dusk/Dawn,295525,1,1,1,0,0,0,1,5,Not at intersection,2,100,295525.0,N,2391106.761,2412497.742,GOLDEN PLAINS,SOUTH WESTERN REGION,RURAL_VICTORIA,-37.782140000000005,143.76376000000002,3352.0
T20150022437,29/10/15,21.05.00,3,Struck animal,5,Thursday,167,STRUCK ANIMAL                        ,VCS,9,96,D,9,5,Dark No street lights,295783,1,2,0,2,0,0,1,5,Not at intersection,3,100,295783.0,N,2563945.923,2333589.143,SOUTH GIPPSLAND,EASTERN REGION,RURAL_VICTORIA,-38.49715,145.73289,3951.0
T20150023088,7/11/15,20.06.00,3,Struck animal,6,Saturday,167,STRUCK ANIMAL                        ,VCS,9,61,C,3,2,Dusk/Dawn,295984,1,1,1,0,0,0,1,5,Not at intersection,2,100,295984.0,N,2507573.801,2489153.367,MITCHELL,NORTHERN REGION,RURAL_VICTORIA,-37.09772,145.08521000000002,3659.0
T20150023345,9/11/15,05.40.00,3,Struck animal,2,Monday,167,STRUCK ANIMAL                        ,VCS,9,414,B,9,5,Dark No street lights,296307,1,1,0,1,0,0,2,5,Not at intersection,3,100,296307.0,N,2441946.853,2457572.207,HEPBURN,WESTERN REGION,RURAL_VICTORIA,-37.38055,144.34443000000002,3458.0
T20150023641,30/10/15,02.00.00,3,Struck animal,5,Friday,167,STRUCK ANIMAL                        ,MEL,40,387,J,10,5,Dark No street lights,296138,1,1,0,1,0,0,2,5,Not at intersection,3,100,296138.0,N,2497470.31,2433139.904,WHITTLESEA,METROPOLITAN NORTH WEST REGION,RURAL_VICTORIA,-37.602509999999995,144.97135,3750.0
T20150023867,13/11/15,10.30.00,3,Struck animal,6,Friday,167,STRUCK ANIMAL                        ,VCS,9,50,B,3,1,Day,296675,1,1,1,0,0,0,2,5,Not at intersection,2,100,296675.0,N,2680087.563,2540496.983,ALPINE,NORTH EASTERN REGION,RURAL_VICTORIA,-36.61786,147.01357,3691.0
T20150024105,21/11/15,22.30.00,3,Struck animal,7,Saturday,167,STRUCK ANIMAL                        ,VCS,9,35,E,3,5,Dark No street lights,296672,1,1,0,1,0,0,1,5,Not at intersection,3,100,296672.0,N,2658730.534,2600532.415,WODONGA,NORTH EASTERN REGION,RURAL_VICTORIA,-36.080709999999996,146.76241000000002,3691.0
T20150024301,21/11/15,05.15.00,3,Struck animal,7,Saturday,167,STRUCK ANIMAL                        ,VCS,9,510,D,8,3,Dark Street lights on,297417,1,1,1,0,0,0,2,5,Not at intersection,2,50,297417.0,N,2269494.94,2353238.47,MOYNE,SOUTH WESTERN REGION,TOWNS,-38.29364,142.36502,3282.0
T20150024580,27/11/15,21.15.00,3,Struck animal,6,Friday,167,STRUCK ANIMAL                        ,VCS,9,98,B,2,5,Dark No street lights,296810,1,1,0,1,0,0,1,5,Not at intersection,3,100,296810.0,N,2642703.916,2383506.776,LATROBE,EASTERN REGION,RURAL_VICTORIA,-38.03873,146.62564,3856.0
T20150024723,30/11/15,04.15.00,3,Struck animal,2,Monday,167,STRUCK ANIMAL                        ,MEL,40,333,K,3,2,Dusk/Dawn,296735,1,1,0,1,0,0,2,5,Not at intersection,3,110,296735.0,N,2450776.389,2426191.023,MOORABOOL,WESTERN REGION,SMALL_CITIES,-37.66383,144.44206,3340.0
T20150024847,1/12/15,14.30.00,3,Struck animal,3,Tuesday,167,STRUCK ANIMAL                        ,VCS,9,32,C,6,1,Day,296867,1,1,0,1,0,0,2,5,Not at intersection,3,80,296867.0,N,2510198.699,2579437.784,CAMPASPE,NORTHERN REGION,RURAL_VICTORIA,-36.284009999999995,145.11353,3620.0
T20150025206,29/11/15,13.00.00,3,Struck animal,1,Sunday,167,STRUCK ANIMAL                        ,VCS,9,424,A,5,1,Day,296972,1,1,1,0,0,0,2,5,Not at intersection,2,999,296972.0,N,2440046.541,2441969.015,MOORABOOL,WESTERN REGION,RURAL_VICTORIA,-37.521029999999996,144.32172,3341.0
T20150025495,8/12/15,20.20.00,3,Struck animal,2,Tuesday,167,STRUCK ANIMAL                        ,MEL,40,331,F,10,2,Dusk/Dawn,297126,1,1,0,1,0,0,2,5,Not at intersection,3,100,297126.0,N,2464883.671,2428249.354,MELTON,METROPOLITAN NORTH WEST REGION,RURAL_VICTORIA,-37.645920000000004,144.60206000000002,3337.0
T20150025591,4/12/15,11.00.00,3,Struck animal,6,Friday,167,STRUCK ANIMAL                        ,VCS,9,51,D,6,1,Day,297172,1,1,1,0,0,0,2,5,Not at intersection,2,100,297172.0,N,2742262.326,2519060.669,EAST GIPPSLAND,EASTERN REGION,RURAL_VICTORIA,-36.79708,147.71526,3701.0
T20150025923,21/11/15,06.00.00,3,Struck animal,7,Saturday,167,STRUCK ANIMAL                        ,VCS,9,35,F,6,2,Dusk/Dawn,299455,1,1,1,0,0,0,2,8,Private property,2,888,299455.0,N,2666958.212,2581051.64,INDIGO,NORTH EASTERN REGION,RURAL_VICTORIA,-36.25484,146.85796000000002,3749.0
T20150026131,1/10/15,04.10.00,3,Struck animal,4,Thursday,167,STRUCK ANIMAL                        ,MEL,40,276,D,1,6,Dark Street lights unknown,299014,1,1,0,1,0,0,2,5,Not at intersection,3,999,299014.0,N,2538184.602,2427292.785,YARRA RANGES,METROPOLITAN SOUTH EAST REGION,RURAL_VICTORIA,-37.65442,145.43276,3775.0
T20150026552,21/12/15,20.00.00,3,Struck animal,2,Monday,167,STRUCK ANIMAL                        ,VCS,9,80,B,9,2,Dusk/Dawn,297575,1,1,1,0,0,0,1,5,Not at intersection,2,80,297575.0,N,2551331.193,2391062.231,CARDINIA,METROPOLITAN SOUTH EAST REGION,RURAL_VICTORIA,-37.98022,145.58427,3783.0
T20150026922,26/12/15,22.15.00,3,Struck animal,7,Saturday,167,STRUCK ANIMAL                        ,VCS,9,97,J,5,5,Dark No street lights,298398,2,3,0,2,0,1,1,5,Not at intersection,3,110,298398.0,N,2626953.924,2361561.929,LATROBE,EASTERN REGION,RURAL_VICTORIA,-38.238690000000005,146.45006,3840.0
T20150026993,27/12/15,22.30.00,3,Struck animal,1,Sunday,167,STRUCK ANIMAL                        ,VCS,9,522,G,2,5,Dark No street lights,297816,1,1,1,0,0,0,1,5,Not at intersection,2,100,297816.0,N,2387197.075,2399311.736,GOLDEN PLAINS,SOUTH WESTERN REGION,RURAL_VICTORIA,-37.90047,143.71736,3330.0
T20150027161,12/12/15,12.30.00,3,Struck animal,7,Saturday,167,STRUCK ANIMAL                        ,VCS,9,429,G,8,1,Day,297914,1,1,0,1,0,0,2,2,T intersection,3,100,297914.0,N,2544597.528,2434402.479,YARRA RANGES,METROPOLITAN SOUTH EAST REGION,RURAL_VICTORIA,-37.590070000000004,145.50501,3777.0
T20150027189,30/12/15,22.40.00,3,Struck animal,4,Wednesday,167,STRUCK ANIMAL                        ,VCS,9,102,E,3,5,Dark No street lights,297971,1,1,0,1,0,0,1,5,Not at intersection,3,100,297971.0,N,2560413.545,2324788.624,BASS COAST,EASTERN REGION,RURAL_VICTORIA,-38.57665,145.69314,3995.0