ACCIDENT_NO,ACCIDENT_DATE,ACCIDENT_TIME,ACCIDENT_TYPE,ACCIDENT_TYPE_DESC,DAY_OF_WEEK,DAY_WEEK_DESC,DCA_CODE,DCA_DESC,DIRECTORY,EDITION,PAGE,GRID_REFERENCE_X,GRID_REFERENCE_Y,LIGHT_CONDITION,LIGHT_CONDITION_DESC,NODE_ID_x,NO_OF_VEHICLES,NO_PERSONS,NO_PERSONS_INJ_2,NO_PERSONS_INJ_3,NO_PERSONS_KILLED,NO_PERSONS_NOT_INJ,POLICE_ATTEND,ROAD_GEOMETRY,ROAD_GEOMETRY_DESC,SEVERITY,SPEED_ZONE,NODE_ID_y,NODE_TYPE,AMG_X,AMG_Y,LG_AREA_NAME,REGION_NAME,DEG_URBAN_NAME,LATITUDE,LONGITUDE,POSTCODE
T20150027216,21/12/15,23.30.00,3,Struck animal,2,Monday,167,STRUCK ANIMAL                        ,VCS,9,90,E,6,5,Dark No street lights,297912,1,1,0,1,0,0,2,5,Not at intersection,3,100,297912.0,N,2304301.156,2352076.855,MOYNE,SOUTH WESTERN REGION,RURAL_VICTORIA,-38.31212,142.76243,3265.0
T20160000478,8/1/16,05.05.00,3,Struck animal,5,Friday,167,STRUCK ANIMAL                        ,MEL,40,383,B,9,5,Dark No street lights,298249,1,2,0,1,0,1,1,5,Not at intersection,3,100,298249.0,N,2478860.235,2433493.428,HUME,METROPOLITAN NORTH WEST REGION,RURAL_VICTORIA,-37.599090000000004,144.76058999999998,3429.0
T20160000734,31/12/15,22.35.00,3,Struck animal,5,Thursday,167,STRUCK ANIMAL                        ,VCS,9,59,H,3,6,Dark Street lights unknown,298374,1,1,0,1,0,0,2,5,Not at intersection,3,100,298374.0,N,2449147.196,2488086.397,MOUNT ALEXANDER,NORTHERN REGION,RURAL_VICTORIA,-37.105990000000006,144.42781000000002,3448.0
T20160000802,4/1/16,20.30.00,3,Struck animal,2,Monday,167,STRUCK ANIMAL                        ,VCS,9,603,O,4,2,Dusk/Dawn,298553,1,1,0,1,0,0,2,5,Not at intersection,3,60,298553.0,N,2433680.727,2533333.05,BENDIGO,NORTHERN REGION,RURAL_VICTORIA,-36.69726,144.25776000000002,3556.0
T20160000808,6/1/16,22.00.00,3,Struck animal,4,Wednesday,167,STRUCK ANIMAL                        ,MEL,40,646,A,5,6,Dark Street lights unknown,298415,1,1,0,1,0,0,2,5,Not at intersection,3,90,298415.0,N,2497977.158,2456336.048,MITCHELL,NORTHERN REGION,RURAL_VICTORIA,-37.39349,144.97715,3756.0
T20160000819,28/9/15,01.00.00,3,Struck animal,2,Monday,167,STRUCK ANIMAL                        ,VCS,9,613,U,5,5,Dark No street lights,298422,1,1,0,1,0,0,2,5,Not at intersection,3,80,298422.0,N,2436781.311,2520934.571,BENDIGO,NORTHERN REGION,RURAL_VICTORIA,-36.80921,144.29143,3550.0
T20160001052,15/1/16,23.00.00,3,Struck animal,6,Friday,167,STRUCK ANIMAL                        ,VCS,9,45,E,9,5,Dark No street lights,298573,1,2,0,2,0,0,1,5,Not at intersection,3,100,298573.0,N,2479524.567,2502144.677,MITCHELL,NORTHERN REGION,RURAL_VICTORIA,-36.98045,144.76998999999998,3522.0
T20160001272,10/1/16,00.30.00,3,Struck animal,0,Sunday,167,STRUCK ANIMAL                        ,VCS,9,46,E,5,5,Dark No street lights,298883,1,1,0,1,0,0,2,5,Not at intersection,3,110,298883.0,N,2517419.578,2531330.252,STRATHBOGIE,NORTH EASTERN REGION,RURAL_VICTORIA,-36.71748,145.19501,3608.0
T20160001396,20/1/16,05.05.00,3,Struck animal,4,Wednesday,167,STRUCK ANIMAL                        ,VCS,9,514,F,1,5,Dark No street lights,16792,1,1,1,0,0,0,1,1,Cross intersection,2,80,16792.0,I,2278119.372,2346970.988,WARRNAMBOOL,SOUTH WESTERN REGION,RURAL_VICTORIA,-38.35219,142.46165,3280.0
T20160001396,20/1/16,05.05.00,3,Struck animal,4,Wednesday,167,STRUCK ANIMAL                        ,VCS,9,514,F,1,5,Dark No street lights,16792,1,1,1,0,0,0,1,1,Cross intersection,2,80,16792.0,I,2278119.372,2346970.988,WARRNAMBOOL,SOUTH WESTERN REGION,SMALL_CITIES,-38.35219,142.46165,3280.0
T20160001415,16/1/16,22.30.00,3,Struck animal,7,Saturday,167,STRUCK ANIMAL                        ,MEL,40,12,D,1,9,Unknown,298789,1,1,0,1,0,0,2,5,Not at intersection,3,60,298789.0,N,2514839.736,2427173.488,NILLUMBIK,METROPOLITAN NORTH WEST REGION,RURAL_VICTORIA,-37.65616,145.16818999999998,3096.0
T20160001436,9/1/16,19.45.00,3,Struck animal,7,Saturday,167,STRUCK ANIMAL                        ,MEL,40,421,B,12,2,Dusk/Dawn,299342,1,1,0,1,0,0,2,5,Not at intersection,3,999,299342.0,N,2439811.629,2383767.07,GEELONG,SOUTH WESTERN REGION,RURAL_VICTORIA,-38.04541,144.31432,3213.0
T20160001631,8/1/16,12.00.00,3,Struck animal,6,Friday,167,STRUCK ANIMAL                        ,VCS,9,47,F,6,1,Day,299912,1,1,0,1,0,0,2,5,Not at intersection,3,999,299912.0,N,2576626.346,2521371.494,STRATHBOGIE,NORTH EASTERN REGION,RURAL_VICTORIA,-36.80428,145.8588,3669.0
T20160001804,21/1/16,20.30.00,3,Struck animal,4,Thursday,167,STRUCK ANIMAL                        ,MEL,40,357,H,12,2,Dusk/Dawn,298941,1,1,0,1,0,0,2,5,Not at intersection,3,100,298941.0,N,2473490.401,2412873.127,MELTON,METROPOLITAN NORTH WEST REGION,RURAL_VICTORIA,-37.78475,144.69904,3029.0
T20160001820,26/1/16,22.40.00,3,Struck animal,3,Tuesday,167,STRUCK ANIMAL                        ,VCS,9,57,E,8,5,Dark No street lights,299157,1,4,3,0,1,0,1,5,Not at intersection,1,100,299157.0,N,2340937.037,2456886.645,ARARAT,WESTERN REGION,RURAL_VICTORIA,-37.375009999999996,143.20381,3375.0
T20160002072,30/1/16,03.40.00,3,Struck animal,6,Saturday,167,STRUCK ANIMAL                        ,VCS,9,48,E,4,5,Dark No street lights,299280,1,1,1,0,0,0,1,5,Not at intersection,2,100,299280.0,N,2606951.467,2539542.302,BENALLA,NORTH EASTERN REGION,RURAL_VICTORIA,-36.637570000000004,146.19608,3673.0
T20160002155,31/1/16,03.45.00,3,Struck animal,0,Sunday,167,STRUCK ANIMAL                        ,VCS,9,429,D,4,5,Dark No street lights,299137,1,1,0,1,0,0,2,5,Not at intersection,3,100,299137.0,N,2538508.653,2441201.034,MURRINDINDI,NORTH EASTERN REGION,RURAL_VICTORIA,-37.52908,145.43571,3777.0
T20160002650,3/1/16,14.30.00,3,Struck animal,1,Sunday,167,STRUCK ANIMAL                        ,VCS,9,428,J,6,1,Day,299353,1,1,1,0,0,0,2,5,Not at intersection,2,80,299353.0,N,2527849.852,2437543.433,NILLUMBIK,METROPOLITAN NORTH WEST REGION,RURAL_VICTORIA,-37.56242,145.31525,3763.0
T20160002867,19/1/16,21.10.00,3,Struck animal,2,Tuesday,167,STRUCK ANIMAL                        ,MEL,40,329,A,7,6,Dark Street lights unknown,299443,1,2,0,1,0,1,2,5,Not at intersection,3,999,299443.0,N,2455327.807,2429543.321,MOORABOOL,WESTERN REGION,RURAL_VICTORIA,-37.63385,144.49385,3340.0
T20160003611,17/2/16,13.45.00,3,Struck animal,4,Wednesday,167,STRUCK ANIMAL                        ,VCS,9,93,E,7,1,Day,299752,2,2,1,1,0,0,1,5,Not at intersection,2,100,299752.0,N,2433615.61,2347307.282,SURF COAST,SOUTH WESTERN REGION,RURAL_VICTORIA,-38.37342,144.24042,3228.0
T20160003860,21/2/16,15.05.00,3,Struck animal,1,Sunday,167,STRUCK ANIMAL                        ,VCS,9,48,E,9,1,Day,299958,1,1,1,0,0,0,1,5,Not at intersection,2,100,299958.0,N,2606945.702,2505077.42,MANSFIELD,NORTH EASTERN REGION,RURAL_VICTORIA,-36.948159999999994,146.20088,3723.0
T20160003906,21/2/16,21.25.00,3,Struck animal,1,Sunday,167,STRUCK ANIMAL                        ,VCS,9,92,E,9,5,Dark No street lights,300060,1,3,2,0,0,1,1,5,Not at intersection,2,100,300060.0,N,2392955.882,2339346.537,COLAC OTWAY,SOUTH WESTERN REGION,RURAL_VICTORIA,-38.4413,143.77405,3243.0
T20160003962,10/1/16,18.00.00,3,Struck animal,1,Sunday,167,STRUCK ANIMAL                        ,VCS,9,91,D,5,1,Day,306354,1,1,0,1,0,0,1,5,Not at intersection,3,100,306354.0,N,2339530.436,2360283.316,CORANGAMITE,SOUTH WESTERN REGION,RURAL_VICTORIA,-38.245,143.16693,3260.0
T20160003992,23/2/16,03.25.00,3,Struck animal,3,Tuesday,167,STRUCK ANIMAL                        ,MEL,40,139,E,8,5,Dark No street lights,300927,1,1,1,0,0,0,1,5,Not at intersection,2,100,300927.0,N,2530747.1,2370501.896,CASEY,METROPOLITAN SOUTH EAST REGION,RURAL_VICTORIA,-38.16636,145.35083999999998,3978.0
T20160004009,2/2/16,07.05.00,3,Struck animal,2,Tuesday,167,STRUCK ANIMAL                        ,VCS,9,415,E,5,1,Day,299970,1,1,0,1,0,0,2,5,Not at intersection,3,100,299970.0,N,2469185.379,2465085.321,MACEDON RANGES,NORTHERN REGION,RURAL_VICTORIA,-37.31414,144.65233,3442.0
T20160004027,22/2/16,13.30.00,3,Struck animal,2,Monday,167,STRUCK ANIMAL                        ,VCS,9,62,D,8,1,Day,300007,1,1,1,0,0,0,1,5,Not at intersection,2,100,300007.0,N,2563220.638,2452066.288,MURRINDINDI,NORTH EASTERN REGION,RURAL_VICTORIA,-37.429829999999995,145.71438999999998,3711.0
T20160004091,24/2/16,08.30.00,3,Struck animal,4,Wednesday,167,STRUCK ANIMAL                        ,VCS,9,43,D,9,1,Day,300458,2,2,0,1,0,1,2,5,Not at intersection,3,80,300458.0,N,2387227.104,2503371.965,CENTRAL GOLDFIELDS,WESTERN REGION,RURAL_VICTORIA,-36.96285,143.73344,3465.0
T20160004201,25/2/16,06.55.00,3,Struck animal,4,Thursday,167,STRUCK ANIMAL                        ,VCS,9,44,D,7,1,Day,300825,1,1,0,1,0,0,1,1,Cross intersection,3,100,300825.0,I,2424831.008,2519980.16,BENDIGO,NORTHERN REGION,RURAL_VICTORIA,-36.81693,144.1574,3551.0
T20160004462,26/2/16,20.15.00,3,Struck animal,6,Friday,167,STRUCK ANIMAL                        ,VCS,9,44,D,7,2,Dusk/Dawn,300192,1,1,1,0,0,0,1,5,Not at intersection,2,100,300192.0,N,2426614.462,2518672.46,BENDIGO,NORTHERN REGION,RURAL_VICTORIA,-36.82886,144.17726000000002,3551.0
T20160004649,23/1/16,22.00.00,3,Struck animal,7,Saturday,167,STRUCK ANIMAL                        ,VCS,9,57,C,7,5,Dark No street lights,301944,1,4,0,2,0,2,1,5,Not at intersection,3,100,301944.0,N,2330925.52,2461316.513,ARARAT,WESTERN REGION,RURAL_VICTORIA,-37.33334,143.09179,3377.0
T20160004749,29/2/16,22.30.00,3,Struck animal,2,Monday,167,STRUCK ANIMAL                        ,VCS,9,35,A,2,5,Dark No street lights,301081,1,1,0,1,0,0,1,2,T intersection,3,100,301081.0,I,2639291.557,2604362.825,INDIGO,NORTH EASTERN REGION,RURAL_VICTORIA,-36.049240000000005,146.54593,3685.0
T20160004913,4/3/16,13.15.00,3,Struck animal,6,Friday,167,STRUCK ANIMAL                        ,MEL,40,352,G,5,1,Day,301026,1,1,1,0,0,0,1,5,Not at intersection,2,80,301026.0,N,2476841.622,2430363.929,HUME,METROPOLITAN NORTH WEST REGION,RURAL_VICTORIA,-37.62724,144.73763,3427.0
T20160004923,21/2/16,11.00.00,3,Struck animal,1,Sunday,167,STRUCK ANIMAL                        ,VCS,9,77,D,7,1,Day,300479,1,1,0,1,0,0,2,5,Not at intersection,3,100,300479.0,N,2423933.989,2404032.505,GOLDEN PLAINS,SOUTH WESTERN REGION,RURAL_VICTORIA,-37.861670000000004,144.13554,3333.0
T20160005103,29/1/16,04.15.00,3,Struck animal,5,Friday,167,STRUCK ANIMAL                        ,VCS,9,44,D,6,5,Dark No street lights,300598,1,1,0,1,0,0,2,5,Not at intersection,3,100,300598.0,N,2425974.576,2520647.37,BENDIGO,NORTHERN REGION,RURAL_VICTORIA,-36.811009999999996,144.17028,3551.0
T20160005346,3/3/16,22.15.00,3,Struck animal,5,Thursday,167,STRUCK ANIMAL                        ,MEL,40,211,K,5,5,Dark No street lights,300709,1,1,0,1,0,0,2,5,Not at intersection,3,80,300709.0,N,2540685.26,2391212.96,CARDINIA,METROPOLITAN SOUTH EAST REGION,RURAL_VICTORIA,-37.97939,145.46309,3808.0
T20160005483,5/3/16,15.00.00,3,Struck animal,6,Saturday,167,STRUCK ANIMAL                        ,VCS,9,50,J,8,1,Day,300915,1,1,0,1,0,0,2,5,Not at intersection,3,100,300915.0,N,2718987.314,2506945.031,EAST GIPPSLAND,EASTERN REGION,RURAL_VICTORIA,-36.91193,147.45802,3898.0
T20160005528,20/2/16,09.00.00,3,Struck animal,7,Saturday,167,STRUCK ANIMAL                        ,VCS,9,97,B,8,1,Day,300851,1,1,0,1,0,0,2,5,Not at intersection,3,100,300851.0,N,2590829.193,2341579.239,SOUTH GIPPSLAND,EASTERN REGION,RURAL_VICTORIA,-38.42293,146.03998,3953.0
T20160006101,12/3/16,17.30.00,3,Struck animal,6,Saturday,167,STRUCK ANIMAL                        ,VCS,9,417,G,11,1,Day,301075,1,1,1,0,0,0,2,5,Not at intersection,2,999,301075.0,N,2508508.831,2453758.102,MITCHELL,NORTHERN REGION,RURAL_VICTORIA,-37.41668,145.09613000000002,3756.0
T20160006102,18/3/16,22.45.00,3,Struck animal,6,Friday,167,STRUCK ANIMAL                        ,VCS,9,92,C,6,5,Dark No street lights,301088,2,3,0,2,0,1,1,5,Not at intersection,3,100,301088.0,N,2383392.378,2353692.499,COLAC OTWAY,SOUTH WESTERN REGION,RURAL_VICTORIA,-38.31093,143.66683999999998,3249.0
T20160006236,20/3/16,22.30.00,3,Struck animal,0,Sunday,167,STRUCK ANIMAL                        ,VCS,9,424,H,3,5,Dark No street lights,55920,1,3,0,2,0,1,1,2,T intersection,3,100,55920.0,I,2453998.485,2445028.142,MACEDON RANGES,NORTHERN REGION,RURAL_VICTORIA,-37.49426,144.47975,3437.0
T20160006245,21/3/16,06.30.00,3,Struck animal,2,Monday,167,STRUCK ANIMAL                        ,VCS,9,32,H,9,5,Dark No street lights,301325,5,5,4,0,0,1,1,5,Not at intersection,2,80,301325.0,N,2535914.159,2560174.204,SHEPPARTON,NORTH EASTERN REGION,RURAL_VICTORIA,-36.457,145.40069,3631.0
T20160006329,22/3/16,02.35.00,3,Struck animal,3,Tuesday,167,STRUCK ANIMAL                        ,VCS,9,84,B,7,5,Dark No street lights,301361,1,2,0,1,0,1,1,5,Not at intersection,3,100,301361.0,N,2729297.551,2402436.009,EAST GIPPSLAND,EASTERN REGION,RURAL_VICTORIA,-37.85089,147.60578999999998,3875.0
T20160006412,22/3/16,05.15.00,3,Struck animal,3,Tuesday,167,STRUCK ANIMAL                        ,MEL,40,82,B,11,5,Dark No street lights,301242,2,3,0,2,0,1,1,5,Not at intersection,3,80,301242.0,N,2521978.497,2393901.382,CASEY,METROPOLITAN SOUTH EAST REGION,MELB_URBAN,-37.9558,145.25009,3802.0
T20160006459,23/3/16,12.50.00,3,Struck animal,4,Wednesday,167,STRUCK ANIMAL                        ,MEL,40,71,B,12,1,Day,307463,1,1,0,1,0,0,1,5,Not at intersection,3,80,307463.0,N,2514003.468,2398423.632,MONASH,METROPOLITAN SOUTH EAST REGION,MELB_URBAN,-37.915209999999995,145.15925,3170.0
T20160006466,22/3/16,23.45.00,3,Struck animal,3,Tuesday,167,STRUCK ANIMAL                        ,VCS,9,32,E,3,5,Dark No street lights,301257,1,1,1,0,0,0,2,5,Not at intersection,2,100,301257.0,N,2519535.903,2600234.442,MOIRA,NORTH EASTERN REGION,RURAL_VICTORIA,-36.09644,145.21694,3638.0
T20160006534,14/2/16,04.30.00,3,Struck animal,1,Sunday,167,STRUCK ANIMAL                        ,MEL,40,178,C,6,5,Dark No street lights,301302,1,1,1,0,0,0,2,5,Not at intersection,2,999,301302.0,N,2487154.367,2429912.356,HUME,METROPOLITAN NORTH WEST REGION,RURAL_VICTORIA,-37.63151,144.85446000000002,3059.0
T20160006656,26/3/16,06.40.00,3,Struck animal,7,Saturday,167,STRUCK ANIMAL                        ,MEL,40,331,D,5,5,Dark No street lights,301407,1,1,1,0,0,0,1,5,Not at intersection,2,100,301407.0,N,2464312.413,2430546.398,MELTON,METROPOLITAN NORTH WEST REGION,RURAL_VICTORIA,-37.6252,144.5957,3337.0
T20160006746,27/3/16,12.10.00,3,Struck animal,1,Sunday,167,STRUCK ANIMAL                        ,VCS,9,417,A,2,1,Day,301395,1,1,0,1,0,0,1,5,Not at intersection,3,100,301395.0,N,2497295.759,2471679.169,MITCHELL,NORTHERN REGION,RURAL_VICTORIA,-37.25522,144.96951,3764.0
T20160006839,28/3/16,19.45.00,3,Struck animal,1,Monday,167,STRUCK ANIMAL                        ,VCS,9,428,B,3,5,Dark No street lights,302725,1,1,1,0,0,0,1,5,Not at intersection,2,80,302725.0,N,2513652.411,2445051.216,WHITTLESEA,METROPOLITAN NORTH WEST REGION,RURAL_VICTORIA,-37.49508,145.1544,3757.0
T20160006952,16/12/15,21.20.00,3,Struck animal,3,Wednesday,167,STRUCK ANIMAL                        ,VCS,9,43,E,9,5,Dark No street lights,302374,1,1,0,1,0,0,2,5,Not at intersection,3,100,302374.0,N,2390330.76,2501156.675,CENTRAL GOLDFIELDS,WESTERN REGION,RURAL_VICTORIA,-36.98318,143.76797,3465.0
T20160007026,29/3/16,21.20.00,3,Struck animal,3,Tuesday,167,STRUCK ANIMAL                        ,VCS,9,97,F,4,5,Dark No street lights,301640,1,1,0,1,0,0,2,5,Not at intersection,3,100,301640.0,N,2609960.643,2371838.12,BAW BAW,EASTERN REGION,RURAL_VICTORIA,-38.1483,146.25444,3825.0
T20160007089,13/3/16,23.00.00,3,Struck animal,0,Sunday,167,STRUCK ANIMAL                        ,VCS,9,60,H,4,5,Dark No street lights,301631,1,1,1,0,0,0,2,5,Not at intersection,2,100,301631.0,N,2495987.64,2483799.894,MITCHELL,NORTHERN REGION,RURAL_VICTORIA,-37.145990000000005,144.95483000000002,3764.0
T20160007208,2/4/16,20.45.00,3,Struck animal,7,Saturday,167,STRUCK ANIMAL                        ,MEL,40,660,B,9,5,Dark No street lights,302098,1,1,1,0,0,0,1,5,Not at intersection,2,70,302098.0,N,2470386.397,2448183.254,MACEDON RANGES,NORTHERN REGION,TOWNS,-37.46649,144.66521,3431.0
T20160007216,2/4/16,23.40.00,3,Struck animal,7,Saturday,167,STRUCK ANIMAL                        ,VCS,9,58,F,8,5,Dark No street lights,302037,1,2,0,2,0,0,1,5,Not at intersection,3,100,302037.0,N,2397959.266,2451807.771,HEPBURN,WESTERN REGION,RURAL_VICTORIA,-37.42873,143.84695,3364.0
T20160007318,31/3/16,19.00.00,3,Struck animal,5,Thursday,167,STRUCK ANIMAL                        ,VCS,9,31,H,2,2,Dusk/Dawn,301781,1,2,0,1,0,1,1,5,Not at intersection,3,100,301781.0,N,2497884.078,2610066.258,MOIRA,NORTH EASTERN REGION,RURAL_VICTORIA,-36.00803,144.97653,3639.0
T20160007459,5/4/16,14.45.00,3,Struck animal,3,Tuesday,167,STRUCK ANIMAL                        ,VCS,9,98,B,7,1,Day,301837,1,1,1,0,0,0,1,5,Not at intersection,2,100,301837.0,N,2636803.542,2347873.121,LATROBE,EASTERN REGION,RURAL_VICTORIA,-38.36058,146.56511,3844.0
T20160007583,6/4/16,18.30.00,3,Struck animal,4,Wednesday,167,STRUCK ANIMAL                        ,VCS,9,22,E,9,5,Dark No street lights,302025,1,2,0,1,0,1,2,2,T intersection,3,100,302025.0,I,2522115.527,2611030.214,MOIRA,NORTH EASTERN REGION,RURAL_VICTORIA,-35.99908,145.24528,3637.0
T20160007849,10/4/16,18.30.00,3,Struck animal,1,Sunday,167,STRUCK ANIMAL                        ,VCS,9,59,B,4,5,Dark No street lights,302033,1,2,0,1,0,1,1,5,Not at intersection,3,100,302033.0,N,2414398.535,2480666.42,MOUNT ALEXANDER,NORTHERN REGION,RURAL_VICTORIA,-37.17033,144.036,3462.0
T20160008019,12/4/16,10.45.00,3,Struck animal,3,Tuesday,167,STRUCK ANIMAL                        ,MEL,40,9,D,8,1,Day,302234,1,1,0,1,0,0,2,5,Not at intersection,3,50,302234.0,N,2503311.11,2424392.893,WHITTLESEA,METROPOLITAN NORTH WEST REGION,MELB_URBAN,-37.68132,145.03753999999998,3074.0
T20160008224,14/4/16,04.10.00,3,Struck animal,5,Thursday,167,STRUCK ANIMAL                        ,MEL,40,385,K,11,9,Unknown,302263,1,1,0,1,0,0,2,5,Not at intersection,3,999,302263.0,N,2489684.133,2432978.75,HUME,METROPOLITAN NORTH WEST REGION,RURAL_VICTORIA,-37.60391,144.88316,3063.0
T20160008268,14/4/16,23.10.00,3,Struck animal,5,Thursday,167,STRUCK ANIMAL                        ,VCS,9,34,G,2,5,Dark No street lights,302352,1,2,0,2,0,0,1,5,Not at intersection,3,100,302352.0,N,2623108.279,2604202.612,INDIGO,NORTH EASTERN REGION,RURAL_VICTORIA,-36.05291,146.36637,3682.0
T20160008361,14/4/16,19.15.00,3,Struck animal,5,Thursday,167,STRUCK ANIMAL                        ,MEL,40,22,B,8,5,Dark No street lights,302349,1,1,0,1,0,0,2,5,Not at intersection,3,50,302349.0,N,2514111.716,2419314.797,NILLUMBIK,METROPOLITAN NORTH WEST REGION,MELB_URBAN,-37.72698,145.16009,3095.0
T20160008472,11/11/15,21.30.00,3,Struck animal,4,Wednesday,167,STRUCK ANIMAL                        ,MEL,40,118,C,5,5,Dark No street lights,302800,1,1,0,1,0,0,2,5,Not at intersection,3,80,302800.0,N,2534073.24,2415925.214,YARRA RANGES,METROPOLITAN SOUTH EAST REGION,MELB_URBAN,-37.757,145.38669,3140.0
T20160008532,19/4/16,14.05.00,3,Struck animal,2,Tuesday,167,STRUCK ANIMAL                        ,VCS,9,75,B,9,1,Day,304170,1,1,0,1,0,0,2,5,Not at intersection,3,80,304170.0,N,2328844.69,2387581.614,CORANGAMITE,SOUTH WESTERN REGION,RURAL_VICTORIA,-37.997209999999995,143.05128,3271.0
T20160008786,7/4/16,19.30.00,3,Struck animal,4,Thursday,167,STRUCK ANIMAL                        ,MEL,40,120,D,4,2,Dusk/Dawn,302615,1,1,0,1,0,0,2,5,Not at intersection,3,70,302615.0,N,2534481.392,2411453.203,YARRA RANGES,METROPOLITAN SOUTH EAST REGION,MELB_URBAN,-37.79728,145.39153000000002,3796.0
T20160008832,23/4/16,04.05.00,3,Struck animal,6,Saturday,167,STRUCK ANIMAL                        ,VCS,9,34,F,8,5,Dark No street lights,302984,1,1,0,1,0,0,1,5,Not at intersection,3,110,302984.0,N,2612988.414,2562712.144,WANGARATTA,NORTH EASTERN REGION,RURAL_VICTORIA,-36.42807,146.26016,3678.0
T20160008835,23/4/16,05.15.00,3,Struck animal,7,Saturday,167,STRUCK ANIMAL                        ,VCS,9,2,A,6,5,Dark No street lights,312286,1,1,0,1,0,0,1,5,Not at intersection,3,110,312286.0,N,2177685.052,2796383.788,MILDURA,WESTERN REGION,RURAL_VICTORIA,-34.27596,141.50239,3496.0
T20160008875,23/4/16,01.25.00,3,Struck animal,7,Saturday,167,STRUCK ANIMAL                        ,VCS,9,21,E,7,5,Dark No street lights,303340,1,2,2,0,0,0,1,5,Not at intersection,2,100,303340.0,N,2430289.144,2627781.328,GANNAWARRA,NORTHERN REGION,RURAL_VICTORIA,-35.84583,144.22836999999998,3568.0
T20160008997,24/4/16,15.45.00,3,Struck animal,1,Sunday,167,STRUCK ANIMAL                        ,VCS,9,49,A,8,1,Day,302687,1,1,1,0,0,0,2,5,Not at intersection,2,100,302687.0,N,2636506.561,2507219.863,WANGARATTA,NORTH EASTERN REGION,RURAL_VICTORIA,-36.92503,146.53237,3678.0
T20160009114,26/3/16,11.15.00,3,Struck animal,6,Saturday,167,STRUCK ANIMAL                        ,VCS,9,65,F,7,1,Day,312815,1,1,0,1,0,0,2,5,Not at intersection,3,999,312815.0,N,2701426.647,2456697.686,WELLINGTON,EASTERN REGION,RURAL_VICTORIA,-37.36855,147.27446,3862.0
T20160009160,4/2/16,08.20.00,3,Struck animal,5,Thursday,167,STRUCK ANIMAL                        ,VCS,9,44,G,7,1,Day,302861,1,1,0,1,0,0,2,5,Not at intersection,3,100,302861.0,N,2439249.333,2516867.454,BENDIGO,NORTHERN REGION,RURAL_VICTORIA,-36.84603,144.31876,3551.0
T20160009202,27/4/16,19.50.00,3,Struck animal,4,Wednesday,167,STRUCK ANIMAL                        ,VCS,9,71,C,2,5,Dark No street lights,303861,1,6,0,1,0,5,1,5,Not at intersection,3,100,303861.0,N,2155154.965,2431706.342,GLENELG,SOUTH WESTERN REGION,RURAL_VICTORIA,-37.55171,141.09596000000002,3312.0
T20160009333,18/4/15,21.00.00,3,Struck animal,7,Saturday,167,STRUCK ANIMAL                        ,VCS,9,522,H,1,5,Dark No street lights,302821,1,1,1,0,0,0,2,5,Not at intersection,2,100,302821.0,N,2387323.495,2399754.399,GOLDEN PLAINS,SOUTH WESTERN REGION,RURAL_VICTORIA,-37.8965,143.71886,3330.0
T20160009479,27/3/16,22.00.00,3,Struck animal,1,Sunday,167,STRUCK ANIMAL                        ,VCS,9,7,F,6,5,Dark No street lights,302860,1,5,0,1,0,4,2,5,Not at intersection,3,100,302860.0,N,2299946.416,2740654.231,SWAN HILL,NORTHERN REGION,RURAL_VICTORIA,-34.81061,142.81463,3549.0
T20160009503,1/5/16,18.00.00,3,Struck animal,1,Sunday,167,STRUCK ANIMAL                        ,VCS,9,27,A,9,5,Dark No street lights,302954,1,1,1,0,0,0,1,5,Not at intersection,2,100,302954.0,N,2279409.63,2558256.098,YARRIAMBIACK,WESTERN REGION,RURAL_VICTORIA,-36.44927,142.53888,3392.0
T20160009526,1/5/16,13.00.00,3,Struck animal,1,Sunday,167,STRUCK ANIMAL                        ,VCS,9,57,G,8,1,Day,303307,1,1,0,1,0,0,2,2,T intersection,3,100,303307.0,I,2355706.568,2456309.145,PYRENEES,WESTERN REGION,RURAL_VICTORIA,-37.38261,143.37045,3373.0
T20160009532,28/4/16,15.30.00,3,Struck animal,4,Thursday,167,STRUCK ANIMAL                        ,VCS,9,98,A,6,1,Day,303000,1,2,0,1,0,1,2,5,Not at intersection,3,100,303000.0,N,2636014.969,2353786.058,LATROBE,EASTERN REGION,RURAL_VICTORIA,-38.30744,146.55499,3844.0
T20160009694,26/4/16,06.10.00,3,Struck animal,2,Tuesday,167,STRUCK ANIMAL                        ,VCS,9,76,G,2,5,Dark No street lights,302999,1,1,0,1,0,0,2,5,Not at intersection,3,80,302999.0,N,2404877.208,2441426.18,BALLARAT,WESTERN REGION,RURAL_VICTORIA,-37.523,143.92379,3352.0