ACCIDENT_NO,ACCIDENT_DATE,ACCIDENT_TIME,ACCIDENT_TYPE,ACCIDENT_TYPE_DESC,DAY_OF_WEEK,DAY_WEEK_DESC,DCA_CODE,DCA_DESC,DIRECTORY,EDITION,PAGE,GRID_REFERENCE_X,GRID_REFERENCE_Y,LIGHT_CONDITION,LIGHT_CONDITION_DESC,NODE_ID_x,NO_OF_VEHICLES,NO_PERSONS,NO_PERSONS_INJ_2,NO_PERSONS_INJ_3,NO_PERSONS_KILLED,NO_PERSONS_NOT_INJ,POLICE_ATTEND,ROAD_GEOMETRY,ROAD_GEOMETRY_DESC,SEVERITY,SPEED_ZONE,NODE_ID_y,NODE_TYPE,AMG_X,AMG_Y,LG_AREA_NAME,REGION_NAME,DEG_URBAN_NAME,LATITUDE,LONGITUDE,POSTCODE
T20160009706,2/5/16,18.40.00,3,Struck animal,2,Monday,167,STRUCK ANIMAL                        ,VCS,9,32,B,2,5,Dark No street lights,303606,1,1,0,1,0,0,2,5,Not at intersection,3,100,303606.0,N,2504455.53,2608526.231,MOIRA,NORTH EASTERN REGION,RURAL_VICTORIA,-36.0219,145.04943,3639.0
T20160009751,4/5/16,18.30.00,3,Struck animal,4,Wednesday,167,STRUCK ANIMAL                        ,MEL,40,657,E,7,5,Dark No street lights,303202,1,1,1,0,0,0,1,5,Not at intersection,2,888,303202.0,N,2461856.963,2453983.889,MACEDON RANGES,NORTHERN REGION,TOWNS,-37.413909999999994,144.56908,3440.0
T20160009926,23/4/16,16.10.00,3,Struck animal,6,Saturday,167,STRUCK ANIMAL                        ,VCS,9,59,E,6,1,Day,303360,1,1,1,0,0,0,1,5,Not at intersection,2,100,303360.0,N,2431896.505,2465568.126,HEPBURN,WESTERN REGION,RURAL_VICTORIA,-37.30782,144.23167,3461.0
T20160010090,7/5/16,21.00.00,3,Struck animal,7,Saturday,167,STRUCK ANIMAL                        ,VCS,9,96,F,7,5,Dark No street lights,303887,1,1,1,0,0,0,1,5,Not at intersection,2,100,303887.0,N,2576363.922,2348752.422,SOUTH GIPPSLAND,EASTERN REGION,RURAL_VICTORIA,-38.359629999999996,145.87361,3951.0
T20160010123,9/5/16,00.25.00,3,Struck animal,1,Monday,167,STRUCK ANIMAL                        ,MEL,40,154,H,3,5,Dark No street lights,303197,1,2,0,2,0,0,1,5,Not at intersection,3,90,303197.0,N,2516548.466,2358070.875,MORNINGTON PENINSULA,METROPOLITAN SOUTH EAST REGION,MELB_URBAN,-38.2787,145.18911,3915.0
T20160010128,9/5/16,03.15.00,3,Struck animal,2,Monday,167,STRUCK ANIMAL                        ,VCS,9,415,J,11,5,Dark No street lights,304198,1,2,1,0,0,1,1,5,Not at intersection,2,100,304198.0,N,2476490.223,2452960.353,MACEDON RANGES,NORTHERN REGION,RURAL_VICTORIA,-37.42362,144.73436999999998,3432.0
T20160010208,24/4/16,16.30.00,3,Struck animal,1,Sunday,167,STRUCK ANIMAL                        ,VCS,9,104,C,4,1,Day,303251,1,1,0,1,0,0,2,5,Not at intersection,3,999,303251.0,N,2636284.311,2317850.066,WELLINGTON,EASTERN REGION,RURAL_VICTORIA,-38.631029999999996,146.56482,3967.0
T20160010325,7/5/16,05.10.00,3,Struck animal,6,Saturday,167,STRUCK ANIMAL                        ,VCS,9,61,C,5,5,Dark No street lights,303299,1,1,1,0,0,0,2,5,Not at intersection,2,100,303299.0,N,2508325.603,2476400.657,MITCHELL,NORTHERN REGION,RURAL_VICTORIA,-37.21264,145.09381000000002,3658.0
T20160010546,13/5/16,18.20.00,3,Struck animal,6,Friday,167,STRUCK ANIMAL                        ,VCS,9,426,B,4,5,Dark No street lights,305452,1,1,0,1,0,0,1,5,Not at intersection,3,100,305452.0,N,2478908.144,2443848.691,HUME,METROPOLITAN NORTH WEST REGION,RURAL_VICTORIA,-37.50578,144.76143000000002,3429.0
T20160010903,16/5/16,10.15.00,3,Struck animal,2,Monday,167,STRUCK ANIMAL                        ,VCS,9,92,H,8,1,Day,303596,1,1,1,0,0,0,2,5,Not at intersection,2,999,303596.0,N,2411137.994,2346774.98,SURF COAST,SOUTH WESTERN REGION,RURAL_VICTORIA,-38.37632,143.98318,3241.0
T20160011420,23/5/16,23.00.00,3,Struck animal,2,Monday,167,STRUCK ANIMAL                        ,VCS,9,416,K,13,5,Dark No street lights,303992,1,2,0,2,0,0,2,5,Not at intersection,3,999,303992.0,N,2493542.62,2448853.06,MITCHELL,NORTHERN REGION,RURAL_VICTORIA,-37.4609,144.92700000000002,3753.0
T20160011501,25/5/16,04.45.00,3,Struck animal,4,Wednesday,167,STRUCK ANIMAL                        ,MEL,40,367,D,5,5,Dark No street lights,304216,5,5,0,1,0,4,1,5,Not at intersection,3,100,304216.0,N,2495186.869,2439961.836,HUME,METROPOLITAN NORTH WEST REGION,MELB_URBAN,-37.54103,144.94553,3064.0
T20160011660,27/5/16,22.00.00,3,Struck animal,6,Friday,167,STRUCK ANIMAL                        ,VCS,9,96,C,6,5,Dark No street lights,304538,1,1,0,1,0,0,1,5,Not at intersection,3,100,304538.0,N,2555946.338,2355534.383,SOUTH GIPPSLAND,EASTERN REGION,RURAL_VICTORIA,-38.3,145.63952,3987.0
T20160011889,15/5/16,06.00.00,3,Struck animal,1,Sunday,167,STRUCK ANIMAL                        ,VCS,9,40,J,8,2,Dusk/Dawn,304504,1,2,0,1,0,1,2,5,Not at intersection,3,100,304504.0,N,2273778.568,2509841.309,HORSHAM,WESTERN REGION,RURAL_VICTORIA,-36.88413,142.46168,3385.0
T20160011907,16/2/16,14.00.00,3,Struck animal,2,Tuesday,167,STRUCK ANIMAL                        ,MEL,40,354,D,10,1,Day,304086,1,2,0,1,0,1,2,5,Not at intersection,3,80,304086.0,N,2475865.815,2423383.846,MELTON,METROPOLITAN NORTH WEST REGION,MELB_URBAN,-37.69011,144.72635,3037.0
T20160012029,1/6/16,16.15.00,3,Struck animal,3,Wednesday,167,STRUCK ANIMAL                        ,VCS,9,73,G,3,2,Dusk/Dawn,304578,1,2,2,0,0,0,1,5,Not at intersection,2,100,304578.0,N,2265364.776,2427639.199,SOUTHERN GRAMPIANS,SOUTH WESTERN REGION,RURAL_VICTORIA,-37.62256,142.34158,3294.0
T20160012097,2/6/16,07.50.00,3,Struck animal,5,Thursday,167,STRUCK ANIMAL                        ,VCS,9,97,J,6,1,Day,304994,1,1,1,0,0,0,1,5,Not at intersection,2,100,304994.0,N,2630489.712,2353580.595,LATROBE,EASTERN REGION,RURAL_VICTORIA,-38.31009,146.49187,3840.0
T20160012148,21/4/16,07.00.00,3,Struck animal,4,Thursday,167,STRUCK ANIMAL                        ,VCS,9,428,B,3,2,Dusk/Dawn,304218,1,1,0,1,0,0,2,5,Not at intersection,3,80,304218.0,N,2513661.216,2445057.924,WHITTLESEA,METROPOLITAN NORTH WEST REGION,RURAL_VICTORIA,-37.495020000000004,145.1545,3757.0
T20160012204,3/5/16,20.00.00,3,Struck animal,2,Tuesday,167,STRUCK ANIMAL                        ,VCS,9,97,J,4,5,Dark No street lights,304339,1,2,0,1,0,1,2,5,Not at intersection,3,100,304339.0,N,2628855.86,2374041.565,LATROBE,EASTERN REGION,RURAL_VICTORIA,-38.126020000000004,146.46958,3844.0
T20160012467,24/3/16,15.45.00,3,Struck animal,5,Thursday,167,STRUCK ANIMAL                        ,MEL,40,392,C,8,1,Day,305855,1,2,1,1,0,0,2,5,Not at intersection,2,50,305855.0,N,2514383.337,2434101.676,NILLUMBIK,METROPOLITAN NORTH WEST REGION,RURAL_VICTORIA,-37.593740000000004,145.16288,3754.0
T20160012494,6/6/16,19.40.00,3,Struck animal,2,Monday,167,STRUCK ANIMAL                        ,VCS,9,102,E,2,5,Dark No street lights,304336,2,3,2,0,1,0,1,5,Not at intersection,1,100,304336.0,N,2562338.764,2326926.91,BASS COAST,EASTERN REGION,RURAL_VICTORIA,-38.55726,145.71504,3995.0
T20160012634,30/5/16,18.00.00,3,Struck animal,2,Monday,167,STRUCK ANIMAL                        ,VCS,9,45,D,8,1,Day,304748,1,1,0,1,0,0,2,5,Not at intersection,3,100,304748.0,N,2472767.167,2513447.871,BENDIGO,NORTHERN REGION,RURAL_VICTORIA,-36.878409999999995,144.69449,3523.0
T20160012668,8/6/16,16.00.00,3,Struck animal,4,Wednesday,167,STRUCK ANIMAL                        ,VCS,9,42,E,4,1,Day,304557,1,1,0,1,0,0,2,5,Not at intersection,3,100,304557.0,N,2342064.656,2538408.695,NORTHERN GRAMPIANS,WESTERN REGION,RURAL_VICTORIA,-36.640640000000005,143.23362,3478.0
T20160012764,9/5/16,17.30.00,3,Struck animal,1,Monday,167,STRUCK ANIMAL                        ,VCS,9,44,F,8,2,Dusk/Dawn,304832,1,1,1,0,0,0,1,5,Not at intersection,2,100,304832.0,N,2437272.669,2507497.439,BENDIGO,NORTHERN REGION,RURAL_VICTORIA,-36.93034,144.29582,3453.0
T20160013237,13/6/16,23.30.00,3,Struck animal,2,Monday,167,STRUCK ANIMAL                        ,VCS,9,453,E,3,5,Dark No street lights,305305,1,1,0,1,0,0,1,5,Not at intersection,3,100,305305.0,N,2431539.706,2375143.296,GOLDEN PLAINS,SOUTH WESTERN REGION,RURAL_VICTORIA,-38.12252,144.21928,3218.0
T20160013272,16/6/16,02.45.00,3,Struck animal,5,Thursday,167,STRUCK ANIMAL                        ,VCS,9,82,G,8,5,Dark No street lights,304829,1,1,1,0,0,0,1,5,Not at intersection,2,100,304829.0,N,2665580.188,2395812.716,WELLINGTON,EASTERN REGION,RURAL_VICTORIA,-37.92408,146.88341,3859.0
T20160013443,15/6/16,19.15.00,3,Struck animal,4,Wednesday,167,STRUCK ANIMAL                        ,MEL,40,10,D,1,3,Dark Street lights on,305569,1,2,0,1,0,1,2,5,Not at intersection,3,80,305569.0,N,2507224.741,2427281.865,WHITTLESEA,METROPOLITAN NORTH WEST REGION,MELB_URBAN,-37.65527,145.08188,3082.0
T20160013462,19/6/16,13.25.00,3,Struck animal,1,Sunday,167,STRUCK ANIMAL                        ,VCS,9,59,G,5,1,Day,305338,1,1,1,0,0,0,1,5,Not at intersection,2,100,305338.0,N,2442320.588,2476050.583,HEPBURN,WESTERN REGION,RURAL_VICTORIA,-37.214059999999996,144.35008,3446.0
T20160013493,19/6/16,13.30.00,3,Struck animal,0,Sunday,167,STRUCK ANIMAL                        ,VCS,9,417,H,9,1,Day,305003,1,1,0,1,0,0,9,5,Not at intersection,3,999,305003.0,N,2511480.265,2456001.932,MITCHELL,NORTHERN REGION,RURAL_VICTORIA,-37.39643,145.12967,3658.0
T20160013518,13/6/16,12.30.00,3,Struck animal,1,Monday,167,STRUCK ANIMAL                        ,VCS,9,61,D,4,1,Day,306123,1,1,0,1,0,0,2,5,Not at intersection,3,888,306123.0,N,2512341.54,2480706.566,MITCHELL,NORTHERN REGION,RURAL_VICTORIA,-37.173790000000004,145.13898999999998,3659.0
T20160014020,27/6/16,05.25.00,3,Struck animal,2,Monday,167,STRUCK ANIMAL                        ,MEL,40,146,C,1,5,Dark No street lights,305186,1,1,1,0,0,0,1,5,Not at intersection,2,80,305186.0,N,2506809.451,2363884.094,MORNINGTON PENINSULA,METROPOLITAN SOUTH EAST REGION,MELB_URBAN,-38.226459999999996,145.07776,3931.0
T20160014052,26/6/16,14.30.00,3,Struck animal,1,Sunday,167,STRUCK ANIMAL                        ,VCS,9,35,D,8,1,Day,305218,1,1,0,1,0,0,2,5,Not at intersection,3,80,305218.0,N,2651621.933,2566233.551,INDIGO,NORTH EASTERN REGION,RURAL_VICTORIA,-36.39094,146.69026000000002,3747.0
T20160014216,22/4/16,18.52.00,3,Struck animal,6,Friday,167,STRUCK ANIMAL                        ,VCS,9,91,B,9,5,Dark No street lights,306361,1,2,0,1,0,1,1,5,Not at intersection,3,100,306361.0,N,2330720.899,2336753.753,CORANGAMITE,SOUTH WESTERN REGION,RURAL_VICTORIA,-38.45533,143.06085,3267.0
T20160014335,30/6/16,17.45.00,3,Struck animal,5,Thursday,167,STRUCK ANIMAL                        ,VCS,9,32,G,2,5,Dark No street lights,305488,2,2,0,2,0,0,2,5,Not at intersection,3,999,305488.0,N,2529427.37,2606643.626,MOIRA,NORTH EASTERN REGION,RURAL_VICTORIA,-36.03842,145.32654,3637.0
T20160014336,26/6/16,04.40.00,3,Struck animal,0,Sunday,167,STRUCK ANIMAL                        ,VCS,9,417,E,12,5,Dark No street lights,305348,1,1,0,1,0,0,2,5,Not at intersection,3,100,305348.0,N,2505270.577,2451808.066,MITCHELL,NORTHERN REGION,RURAL_VICTORIA,-37.43428,145.05956,3756.0
T20160014412,11/5/16,02.48.00,3,Struck animal,3,Wednesday,167,STRUCK ANIMAL                        ,VCS,9,97,J,5,5,Dark No street lights,305911,1,2,0,1,0,1,2,5,Not at intersection,3,80,305911.0,N,2627473.605,2365375.09,LATROBE,EASTERN REGION,RURAL_VICTORIA,-38.20427,146.45533,3840.0
T20160014487,4/7/16,01.00.00,3,Struck animal,2,Monday,167,STRUCK ANIMAL                        ,VCS,9,33,D,8,5,Dark No street lights,309469,1,2,0,2,0,0,1,5,Not at intersection,3,100,309469.0,N,2562078.636,2563086.143,SHEPPARTON,NORTH EASTERN REGION,RURAL_VICTORIA,-36.4294,145.69236,3631.0
T20160014587,8/6/16,22.00.00,3,Struck animal,3,Wednesday,167,STRUCK ANIMAL                        ,MEL,40,82,B,10,5,Dark No street lights,305469,1,1,1,0,0,0,2,5,Not at intersection,2,80,305469.0,N,2522001.117,2394295.364,CASEY,METROPOLITAN SOUTH EAST REGION,MELB_URBAN,-37.95225,145.25033,3156.0
T20160014878,21/6/16,18.20.00,3,Struck animal,3,Tuesday,167,STRUCK ANIMAL                        ,VCS,9,76,D,8,5,Dark No street lights,306468,1,1,0,1,0,0,1,5,Not at intersection,3,100,306468.0,N,2384872.266,2399326.184,GOLDEN PLAINS,SOUTH WESTERN REGION,RURAL_VICTORIA,-37.90005,143.69093,3330.0
T20160015033,10/7/16,17.45.00,3,Struck animal,1,Sunday,167,STRUCK ANIMAL                        ,VCS,9,682,B,3,5,Dark No street lights,305646,1,1,1,0,0,0,1,5,Not at intersection,2,100,305646.0,N,2521233.589,2448006.573,MURRINDINDI,NORTH EASTERN REGION,RURAL_VICTORIA,-37.468309999999995,145.24006,3757.0
T20160015115,11/7/16,18.00.00,3,Struck animal,2,Monday,167,STRUCK ANIMAL                        ,VCS,9,85,G,5,5,Dark No street lights,305724,1,1,0,1,0,0,1,5,Not at intersection,3,100,305724.0,N,2797158.867,2411687.29,EAST GIPPSLAND,EASTERN REGION,RURAL_VICTORIA,-37.74838,148.37268999999998,3888.0
T20160015169,20/2/16,23.30.00,3,Struck animal,6,Saturday,167,STRUCK ANIMAL                        ,VCS,9,427,H,5,5,Dark No street lights,307036,1,2,0,2,0,0,2,5,Not at intersection,3,80,307036.0,N,2509926.443,2441132.677,WHITTLESEA,METROPOLITAN NORTH WEST REGION,RURAL_VICTORIA,-37.530440000000006,145.11231999999998,3755.0
T20160015200,12/7/16,22.30.00,3,Struck animal,3,Tuesday,167,STRUCK ANIMAL                        ,MEL,40,392,J,12,5,Dark No street lights,305963,1,1,0,1,0,0,1,5,Not at intersection,3,100,305963.0,N,2516769.641,2432567.982,NILLUMBIK,METROPOLITAN NORTH WEST REGION,RURAL_VICTORIA,-37.60752,145.18993999999998,3099.0
T20160015206,13/7/16,06.50.00,3,Struck animal,4,Wednesday,167,STRUCK ANIMAL                        ,VCS,9,32,H,5,2,Dusk/Dawn,305848,1,1,0,1,0,0,1,5,Not at intersection,3,100,305848.0,N,2534993.131,2588777.081,MOIRA,NORTH EASTERN REGION,RURAL_VICTORIA,-36.19925,145.38911000000002,3634.0
T20160015437,15/7/16,17.20.00,3,Struck animal,6,Friday,167,STRUCK ANIMAL                        ,VCS,9,56,A,8,2,Dusk/Dawn,310378,1,1,1,0,0,0,1,5,Not at intersection,2,100,310378.0,N,2278815.57,2454387.199,ARARAT,WESTERN REGION,RURAL_VICTORIA,-37.3849,142.50185,3379.0
T20160015474,28/3/16,12.30.00,3,Struck animal,2,Monday,167,STRUCK ANIMAL                        ,VCS,9,415,A,7,1,Day,305878,1,3,0,1,0,2,2,5,Not at intersection,3,110,305878.0,N,2460242.183,2461457.065,MACEDON RANGES,NORTHERN REGION,RURAL_VICTORIA,-37.3465,144.55123999999998,3442.0
T20160015633,18/7/16,10.15.00,3,Struck animal,1,Monday,167,STRUCK ANIMAL                        ,VCS,9,96,B,6,9,Unknown,306223,1,1,0,1,0,0,1,5,Not at intersection,3,100,306223.0,N,2554434.927,2356641.586,SOUTH GIPPSLAND,EASTERN REGION,RURAL_VICTORIA,-38.29012,145.62216,3984.0
T20160015689,18/7/16,18.30.00,3,Struck animal,2,Monday,167,STRUCK ANIMAL                        ,VCS,9,102,E,2,5,Dark No street lights,306053,1,1,0,1,0,0,1,5,Not at intersection,3,100,306053.0,N,2562304.583,2326828.452,BASS COAST,EASTERN REGION,RURAL_VICTORIA,-38.55815,145.71466,3995.0
T20160015750,14/7/16,20.00.00,3,Struck animal,5,Thursday,167,STRUCK ANIMAL                        ,MEL,40,665,B,3,5,Dark No street lights,306013,1,1,0,1,0,0,2,5,Not at intersection,3,110,306013.0,N,2498435.484,2451973.795,MITCHELL,NORTHERN REGION,RURAL_VICTORIA,-37.4328,144.98232,3756.0
T20160015823,20/7/16,07.00.00,3,Struck animal,4,Wednesday,167,STRUCK ANIMAL                        ,VCS,9,415,H,10,5,Dark No street lights,306069,1,1,0,0,1,0,1,2,T intersection,1,100,306069.0,I,2473907.266,2455758.767,MACEDON RANGES,NORTHERN REGION,RURAL_VICTORIA,-37.39833,144.70528000000002,3434.0
T20160015924,21/7/16,07.00.00,3,Struck animal,4,Thursday,167,STRUCK ANIMAL                        ,VCS,9,417,D,13,2,Dusk/Dawn,306165,1,1,0,1,0,0,2,5,Not at intersection,3,100,306165.0,N,2502792.772,2449139.259,WHITTLESEA,METROPOLITAN NORTH WEST REGION,RURAL_VICTORIA,-37.45834,145.03157,3753.0
T20160016141,23/7/16,23.00.00,3,Struck animal,7,Saturday,167,STRUCK ANIMAL                        ,VCS,9,34,H,6,5,Dark No street lights,306366,1,4,0,1,0,3,1,5,Not at intersection,3,110,306366.0,N,2627280.719,2581122.289,WANGARATTA,NORTH EASTERN REGION,RURAL_VICTORIA,-36.26035,146.41648,3682.0
T20160016150,24/7/16,06.40.00,3,Struck animal,1,Sunday,167,STRUCK ANIMAL                        ,VCS,9,59,G,4,5,Dark No street lights,306226,1,1,0,1,0,0,1,5,Not at intersection,3,100,306226.0,N,2443057.476,2480458.574,HEPBURN,WESTERN REGION,RURAL_VICTORIA,-37.17438,144.35871,3446.0
T20160016475,28/7/16,13.00.00,3,Struck animal,5,Thursday,167,STRUCK ANIMAL                        ,VCS,9,575,L,5,1,Day,306469,1,1,0,1,0,0,2,5,Not at intersection,3,100,306469.0,N,2383585.505,2426060.002,GOLDEN PLAINS,SOUTH WESTERN REGION,RURAL_VICTORIA,-37.659040000000005,143.68051,3351.0
T20160016758,30/7/16,11.00.00,3,Struck animal,7,Saturday,167,STRUCK ANIMAL                        ,VCS,9,5,H,2,1,Day,306585,1,1,0,1,0,0,2,1,Cross intersection,3,100,306585.0,I,2223754.087,2772792.79,MILDURA,WESTERN REGION,RURAL_VICTORIA,-34.50249,141.99387,3496.0
T20160016796,29/6/16,06.30.00,3,Struck animal,4,Wednesday,167,STRUCK ANIMAL                        ,VCS,9,83,F,8,2,Dusk/Dawn,306591,1,3,0,1,0,2,1,5,Not at intersection,3,100,306591.0,N,2700748.705,2395466.353,EAST GIPPSLAND,EASTERN REGION,RURAL_VICTORIA,-37.92027,147.28339,3862.0
T20160017243,6/8/16,13.45.00,3,Struck animal,7,Saturday,167,STRUCK ANIMAL                        ,VCS,9,82,C,9,1,Day,306961,1,1,1,0,0,0,1,5,Not at intersection,2,100,306961.0,N,2643587.259,2390435.569,WELLINGTON,EASTERN REGION,RURAL_VICTORIA,-37.97618,146.63435,3825.0
T20160017894,15/8/16,04.30.00,3,Struck animal,2,Monday,167,STRUCK ANIMAL                        ,VCS,9,32,B,6,5,Dark No street lights,308325,2,2,0,1,0,1,1,5,Not at intersection,3,100,308325.0,N,2504448.294,2583108.95,CAMPASPE,NORTHERN REGION,RURAL_VICTORIA,-36.25097,145.0495,3620.0
T20160018282,28/11/15,05.00.00,3,Struck animal,6,Saturday,167,STRUCK ANIMAL                        ,VCS,9,99,H,2,5,Dark No street lights,308873,1,1,0,1,0,0,2,5,Not at intersection,3,100,308873.0,N,2709942.699,2386161.289,WELLINGTON,EASTERN REGION,RURAL_VICTORIA,-38.00204,147.39058,3862.0
T20160018328,22/8/16,05.15.00,3,Struck animal,2,Monday,167,STRUCK ANIMAL                        ,VCS,9,91,D,5,5,Dark No street lights,308175,1,1,0,1,0,0,1,5,Not at intersection,3,100,308175.0,N,2340044.037,2364606.72,CORANGAMITE,SOUTH WESTERN REGION,RURAL_VICTORIA,-38.20615,143.17373999999998,3260.0
T20160018433,26/5/16,18.00.00,3,Struck animal,4,Thursday,167,STRUCK ANIMAL                        ,VCS,9,61,F,4,5,Dark No street lights,307844,1,2,0,1,0,1,1,2,T intersection,3,100,307844.0,I,2526052.238,2481752.48,MURRINDINDI,NORTH EASTERN REGION,RURAL_VICTORIA,-37.16409,145.29336,3717.0
T20160018471,21/8/16,19.00.00,3,Struck animal,1,Sunday,167,STRUCK ANIMAL                        ,MEL,40,303,A,1,5,Dark No street lights,307568,1,1,0,1,0,0,1,5,Not at intersection,3,100,307568.0,N,2548716.243,2388286.271,CARDINIA,METROPOLITAN SOUTH EAST REGION,RURAL_VICTORIA,-38.00537,145.55469,3812.0
T20160018484,16/7/16,15.30.00,3,Struck animal,7,Saturday,167,STRUCK ANIMAL                        ,VCS,9,84,F,4,1,Day,307467,1,1,1,0,0,0,2,5,Not at intersection,2,100,307467.0,N,2753499.331,2422485.121,EAST GIPPSLAND,EASTERN REGION,RURAL_VICTORIA,-37.66404,147.87378999999999,3885.0
T20160018837,27/8/16,22.00.00,3,Struck animal,7,Saturday,167,STRUCK ANIMAL                        ,MEL,40,334,F,9,5,Dark No street lights,307651,1,1,0,1,0,0,1,5,Not at intersection,3,100,307651.0,N,2453388.238,2424071.73,MOORABOOL,WESTERN REGION,RURAL_VICTORIA,-37.68306,144.47153,3340.0
T20160018853,21/3/16,06.40.00,3,Struck animal,2,Monday,167,STRUCK ANIMAL                        ,VCS,9,44,H,4,2,Dusk/Dawn,307706,1,1,0,1,0,0,2,5,Not at intersection,3,100,307706.0,N,2445893.613,2535828.798,BENDIGO,NORTHERN REGION,RURAL_VICTORIA,-36.67555,144.39462,3551.0
T20160019318,4/9/16,10.50.00,3,Struck animal,1,Sunday,167,STRUCK ANIMAL                        ,VCS,9,87,H,5,1,Day,308058,1,1,1,0,0,0,1,5,Not at intersection,2,100,308058.0,N,2187472.072,2359135.071,GLENELG,SOUTH WESTERN REGION,RURAL_VICTORIA,-38.21648,141.43068,3305.0
T20160019384,3/9/16,13.00.00,3,Struck animal,7,Saturday,167,STRUCK ANIMAL                        ,VCS,9,93,C,7,1,Day,309666,1,1,0,1,0,0,2,5,Not at intersection,3,888,309666.0,N,2421612.671,2352427.968,SURF COAST,SOUTH WESTERN REGION,RURAL_VICTORIA,-38.32635,144.10363999999998,3240.0
T20160019441,5/9/16,19.30.00,3,Struck animal,2,Monday,167,STRUCK ANIMAL                        ,VCS,9,34,E,5,5,Dark No street lights,308081,1,1,1,0,0,0,1,5,Not at intersection,2,100,308081.0,N,2612270.903,2585711.261,WANGARATTA,NORTH EASTERN REGION,RURAL_VICTORIA,-36.220890000000004,146.24878999999999,3678.0
T20160019471,28/8/16,13.30.00,3,Struck animal,1,Sunday,167,STRUCK ANIMAL                        ,VCS,9,77,D,4,1,Day,308142,1,1,0,1,0,0,2,5,Not at intersection,3,80,308142.0,N,2425866.699,2430100.678,MOORABOOL,WESTERN REGION,RURAL_VICTORIA,-37.62695,144.16012,3342.0
T20160019793,9/9/16,20.00.00,3,Struck animal,6,Friday,167,STRUCK ANIMAL                        ,VCS,9,88,D,5,5,Dark No street lights,308644,1,1,0,1,0,0,1,5,Not at intersection,3,100,308644.0,N,2211967.749,2363199.043,GLENELG,SOUTH WESTERN REGION,RURAL_VICTORIA,-38.18784,141.71181,3304.0
T20160020056,13/9/16,18.45.00,3,Struck animal,3,Tuesday,167,STRUCK ANIMAL                        ,VCS,9,414,A,9,5,Dark No street lights,308659,1,1,0,1,0,0,1,5,Not at intersection,3,100,308659.0,N,2441314.2,2458373.901,HEPBURN,WESTERN REGION,RURAL_VICTORIA,-37.373290000000004,144.33735,3458.0
T20160020064,4/9/16,19.00.00,3,Struck animal,1,Sunday,167,STRUCK ANIMAL                        ,MEL,40,696,G,5,2,Dusk/Dawn,309417,1,1,0,1,0,0,2,5,Not at intersection,3,100,309417.0,N,2465185.3,2440035.118,MACEDON RANGES,NORTHERN REGION,RURAL_VICTORIA,-37.53973,144.60603,3437.0
T20160020578,4/9/16,19.15.00,3,Struck animal,0,Sunday,167,STRUCK ANIMAL                        ,VCS,9,43,G,7,5,Dark No street lights,308643,2,3,0,1,0,2,1,5,Not at intersection,3,100,308643.0,N,2399934.165,2515113.38,LODDON,NORTHERN REGION,RURAL_VICTORIA,-36.85848,143.8777,3463.0
T20160020743,23/9/16,02.00.00,3,Struck animal,6,Friday,167,STRUCK ANIMAL                        ,MEL,40,646,A,11,5,Dark No street lights,308702,1,1,0,1,0,0,2,5,Not at intersection,3,80,308702.0,N,2498140.161,2453598.39,MITCHELL,NORTHERN REGION,TOWNS,-37.41816,144.97898999999998,3756.0
T20160021141,28/9/16,16.30.00,3,Struck animal,4,Wednesday,167,STRUCK ANIMAL                        ,MEL,40,82,C,11,1,Day,308878,1,1,1,0,0,0,1,5,Not at intersection,2,80,308878.0,I,2522419.444,2393897.378,CASEY,METROPOLITAN SOUTH EAST REGION,MELB_URBAN,-37.95582,145.2551,3802.0
T20160021464,1/10/16,10.00.00,3,Struck animal,6,Saturday,167,STRUCK ANIMAL                        ,VCS,9,71,F,2,1,Day,309200,1,1,0,1,0,0,2,5,Not at intersection,3,100,309200.0,N,2171369.996,2434710.494,GLENELG,SOUTH WESTERN REGION,RURAL_VICTORIA,-37.53051,141.28067,3311.0
T20160021854,1/9/16,20.45.00,3,Struck animal,4,Thursday,167,STRUCK ANIMAL                        , , , , , ,5,Dark No street lights,313112,1,1,0,1,0,0,1,5,Not at intersection,3,100,313112.0,N,2314573.217,2381125.016,MOYNE,SOUTH WESTERN REGION,RURAL_VICTORIA,-38.05263,142.88721,3272.0
T20160021936,10/10/16,05.15.00,3,Struck animal,2,Monday,167,STRUCK ANIMAL                        ,VCS,9,32,F,7,5,Dark No street lights,309232,4,4,2,1,1,0,1,5,Not at intersection,1,100,309232.0,N,2526968.525,2574853.336,SHEPPARTON,NORTH EASTERN REGION,RURAL_VICTORIA,-36.325,145.30037,3629.0
T20160022225,14/10/16,06.30.00,3,Struck animal,5,Friday,167,STRUCK ANIMAL                        ,VCS,9,416,K,13,2,Dusk/Dawn,309462,1,1,0,1,0,0,1,5,Not at intersection,3,100,309462.0,N,2493424.381,2448503.397,MITCHELL,NORTHERN REGION,RURAL_VICTORIA,-37.46405,144.92566000000002,3753.0