ACCIDENT_NO,ACCIDENT_DATE,ACCIDENT_TIME,ACCIDENT_TYPE,ACCIDENT_TYPE_DESC,DAY_OF_WEEK,DAY_WEEK_DESC,DCA_CODE,DCA_DESC,DIRECTORY,EDITION,PAGE,GRID_REFERENCE_X,GRID_REFERENCE_Y,LIGHT_CONDITION,LIGHT_CONDITION_DESC,NODE_ID_x,NO_OF_VEHICLES,NO_PERSONS,NO_PERSONS_INJ_2,NO_PERSONS_INJ_3,NO_PERSONS_KILLED,NO_PERSONS_NOT_INJ,POLICE_ATTEND,ROAD_GEOMETRY,ROAD_GEOMETRY_DESC,SEVERITY,SPEED_ZONE,NODE_ID_y,NODE_TYPE,AMG_X,AMG_Y,LG_AREA_NAME,REGION_NAME,DEG_URBAN_NAME,LATITUDE,LONGITUDE,POSTCODE
T20160022228,13/10/16,05.30.00,3,Struck animal,5,Thursday,167,STRUCK ANIMAL                        ,VCS,9,30,D,4,5,Dark No street lights,309487,1,1,0,1,0,0,1,5,Not at intersection,3,100,309487.0,N,2421830.406,2595633.397,LODDON,NORTHERN REGION,RURAL_VICTORIA,-36.134890000000006,144.1315,3575.0
T20160022290,12/10/16,04.37.00,3,Struck animal,4,Wednesday,167,STRUCK ANIMAL                        ,MEL,40,389,D,8,5,Dark No street lights,309426,1,1,0,1,0,0,1,5,Not at intersection,3,80,309426.0,N,2503142.743,2434063.756,WHITTLESEA,METROPOLITAN NORTH WEST REGION,RURAL_VICTORIA,-37.59418,145.03558999999998,3750.0
T20160022291,14/10/16,19.15.00,3,Struck animal,6,Friday,167,STRUCK ANIMAL                        ,VCS,9,35,E,7,1,Day,311515,1,1,1,0,0,0,1,5,Not at intersection,2,888,311515.0,N,2661808.853,2570874.013,INDIGO,NORTH EASTERN REGION,RURAL_VICTORIA,-36.34744,146.80282,3747.0
T20160022383,16/10/16,01.00.00,3,Struck animal,1,Sunday,167,STRUCK ANIMAL                        ,VCS,9,44,J,9,5,Dark No street lights,309454,1,1,1,0,0,0,1,5,Not at intersection,2,100,309454.0,N,2454686.538,2504181.712,BENDIGO,NORTHERN REGION,RURAL_VICTORIA,-36.961220000000004,144.49111000000002,3551.0
T20160023115,25/10/16,10.58.00,3,Struck animal,3,Tuesday,167,STRUCK ANIMAL                        ,VCS,9,100,D,9,1,Day,309865,1,2,0,2,0,0,1,5,Not at intersection,3,100,309865.0,N,2310789.939,2322079.797,MOYNE,SOUTH WESTERN REGION,RURAL_VICTORIA,-38.58359,142.82877,3270.0
T20160023592,1/11/16,05.30.00,3,Struck animal,3,Tuesday,167,STRUCK ANIMAL                        , , , , , ,2,Dusk/Dawn,313879,2,2,0,1,0,1,1,5,Not at intersection,3,80,313879.0,N,2507983.058,2427959.506,WHITTLESEA,METROPOLITAN NORTH WEST REGION,MELB_URBAN,-37.649159999999995,145.09046999999998,3752.0
T20160023595,28/10/16,20.30.00,3,Struck animal,6,Friday,167,STRUCK ANIMAL                        ,VCS,9,453,H,11,5,Dark No street lights,310228,1,2,0,1,0,1,1,5,Not at intersection,3,100,310228.0,N,2436124.871,2357381.66,SURF COAST,SOUTH WESTERN REGION,RURAL_VICTORIA,-38.28285,144.27001,3217.0
T20160023598,23/10/16,11.55.00,3,Struck animal,0,Sunday,167,STRUCK ANIMAL                        ,VCS,9,36,E,4,1,Day,310841,1,1,0,1,0,0,2,5,Not at intersection,3,100,310841.0,N,2699699.925,2592653.34,TOWONG,NORTH EASTERN REGION,RURAL_VICTORIA,-36.14398,147.21919,3700.0
T20160023926,5/11/16,20.26.00,3,Struck animal,7,Saturday,167,STRUCK ANIMAL                        , , , , , ,3,Dark Street lights on,319232,1,1,0,1,0,0,1,5,Not at intersection,2,80,319232.0,N,2495403.733,2441651.068,HUME,METROPOLITAN NORTH WEST REGION,MELB_URBAN,-37.52581,144.94799999999998,3064.0
T20160024141,26/12/15,23.00.00,3,Struck animal,6,Saturday,167,STRUCK ANIMAL                        ,MEL,40,311,A,2,9,Unknown,310440,1,1,0,1,0,0,9,5,Not at intersection,3,100,310440.0,N,2541089.366,2397650.664,CARDINIA,METROPOLITAN SOUTH EAST REGION,MELB_URBAN,-37.92137,145.46733,3782.0
T20160024164,22/10/16,13.00.00,3,Struck animal,7,Saturday,167,STRUCK ANIMAL                        ,VCS,9,98,E,4,1,Day,310853,1,2,0,2,0,0,2,5,Not at intersection,3,100,310853.0,N,2656630.542,2369123.629,WELLINGTON,EASTERN REGION,RURAL_VICTORIA,-38.16604,146.78733,3847.0
T20160024329,9/11/16,19.00.00,3,Struck animal,3,Wednesday,167,STRUCK ANIMAL                        ,VCS,9,3,B,7,1,Day,310562,1,1,0,1,0,0,2,5,Not at intersection,3,999,310562.0,N,2227065.768,2790074.995,MILDURA,WESTERN REGION,RURAL_VICTORIA,-34.347840000000005,142.03574,3501.0
T20160024679,17/10/16,08.40.00,3,Struck animal,1,Monday,167,STRUCK ANIMAL                        ,VCS,9,59,J,5,1,Day,310665,1,1,0,1,0,0,1,5,Not at intersection,3,100,310665.0,N,2452700.073,2474667.814,MACEDON RANGES,NORTHERN REGION,RURAL_VICTORIA,-37.2271,144.46694,3444.0
T20160024853,3/11/16,14.45.00,3,Struck animal,5,Thursday,167,STRUCK ANIMAL                        ,VCS,9,90,E,9,9,Unknown,310845,1,1,1,0,0,0,2,5,Not at intersection,2,100,310845.0,N,2305369.906,2335779.099,MOYNE,SOUTH WESTERN REGION,RURAL_VICTORIA,-38.459109999999995,142.77028,3268.0
T20160025039,27/2/16,21.15.00,3,Struck animal,6,Saturday,167,STRUCK ANIMAL                        ,VCS,9,96,D,8,5,Dark No street lights,311036,1,1,0,1,0,0,2,5,Not at intersection,3,100,311036.0,N,2564321.589,2346337.615,SOUTH GIPPSLAND,EASTERN REGION,RURAL_VICTORIA,-38.3823,145.73606,3945.0
T20160025393,20/11/16,17.30.00,3,Struck animal,1,Sunday,167,STRUCK ANIMAL                        ,VCS,9,39,H,8,1,Day,311405,1,1,0,1,0,0,2,5,Not at intersection,3,100,311405.0,N,2228999.047,2508116.442,HORSHAM,WESTERN REGION,RURAL_VICTORIA,-36.887840000000004,141.95893,3409.0
T20160027019,10/12/16,11.00.00,3,Struck animal,7,Saturday,167,STRUCK ANIMAL                        , , , , , ,1,Day,313453,1,1,1,0,0,0,2,5,Not at intersection,2,999,313453.0,N,2354761.002,2486374.215,PYRENEES,WESTERN REGION,RURAL_VICTORIA,-37.11156,143.3656,3478.0
T20160027235,18/12/16,01.45.00,3,Struck animal,1,Sunday,167,STRUCK ANIMAL                        ,VCS,9,417,D,13,5,Dark No street lights,311946,1,1,0,0,1,0,1,5,Not at intersection,1,100,311946.0,N,2502805.838,2449565.29,WHITTLESEA,METROPOLITAN NORTH WEST REGION,RURAL_VICTORIA,-37.4545,145.03172,3753.0
T20160027258,18/12/16,13.43.00,3,Struck animal,1,Sunday,167,STRUCK ANIMAL                        ,VCS,9,417,D,9,1,Day,311930,1,1,0,1,0,0,1,5,Not at intersection,3,100,311930.0,N,2502608.052,2457194.712,MITCHELL,NORTHERN REGION,RURAL_VICTORIA,-37.38575,145.02945,3758.0
T20160027294,15/12/16,05.30.00,3,Struck animal,5,Thursday,167,STRUCK ANIMAL                        ,VCS,9,443,A,10,2,Dusk/Dawn,312221,1,1,0,1,0,0,1,5,Not at intersection,3,100,312221.0,N,2423878.267,2383684.946,GOLDEN PLAINS,SOUTH WESTERN REGION,RURAL_VICTORIA,-38.044979999999995,144.1328,3331.0
T20160027399,19/12/16,09.45.00,3,Struck animal,2,Monday,167,STRUCK ANIMAL                        ,VCS,9,74,B,9,1,Day,311986,1,1,1,0,0,0,1,5,Not at intersection,2,100,311986.0,N,2287327.493,2386876.592,MOYNE,SOUTH WESTERN REGION,RURAL_VICTORIA,-37.99498,142.57856,3274.0
T20160027548,22/12/16,10.20.00,3,Struck animal,5,Thursday,167,STRUCK ANIMAL                        ,VCS,9,80,B,3,1,Day,312073,1,1,1,0,0,0,1,5,Not at intersection,2,100,312073.0,N,2553189.395,2431328.413,YARRA RANGES,METROPOLITAN SOUTH EAST REGION,RURAL_VICTORIA,-37.61732,145.60252,3778.0
T20160027562,21/12/16,22.30.00,3,Struck animal,4,Wednesday,167,STRUCK ANIMAL                        ,VCS,9,35,A,6,5,Dark No street lights,312136,1,1,0,1,0,0,2,1,Cross intersection,3,60,312136.0,I,2637128.675,2575222.117,WANGARATTA,NORTH EASTERN REGION,SMALL_TOWNS,-36.31215,146.52711000000002,3746.0
T20160027652,19/12/16,05.10.00,3,Struck animal,1,Monday,167,STRUCK ANIMAL                        ,MEL,40,658,A,8,9,Unknown,312246,1,1,0,1,0,0,2,5,Not at intersection,3,110,312246.0,N,2462873.911,2448627.36,MACEDON RANGES,NORTHERN REGION,TOWNS,-37.46222,144.5803,3438.0
T20160028010,29/12/16,09.56.00,3,Struck animal,4,Thursday,167,STRUCK ANIMAL                        ,VCS,9,44,E,3,1,Day,312343,1,3,0,1,0,2,1,5,Not at intersection,3,100,312343.0,N,2432548.187,2544176.018,BENDIGO,NORTHERN REGION,RURAL_VICTORIA,-36.59946,144.24605,3570.0
T20170000098,3/1/17,04.30.00,3,Struck animal,2,Tuesday,167,STRUCK ANIMAL                        , , , , , ,5,Dark No street lights,314560,1,1,0,1,0,0,2,5,Not at intersection,3,110,314560.0,N,2648251.712,2594685.196,INDIGO,NORTH EASTERN REGION,RURAL_VICTORIA,-36.135090000000005,146.64721,3688.0
T20170000421,8/1/17,16.40.00,3,Struck animal,1,Sunday,167,STRUCK ANIMAL                        ,VCS,9,103,E,8,1,Day,312717,1,1,0,1,0,0,1,5,Not at intersection,3,80,312717.0,N,2608700.452,2287365.904,SOUTH GIPPSLAND,EASTERN REGION,RURAL_VICTORIA,-38.90919,146.25275,3960.0
T20170000590,8/1/17,10.30.00,3,Struck animal,1,Sunday,167,STRUCK ANIMAL                        , , , , , ,1,Day,313220,1,1,0,1,0,0,2,5,Not at intersection,3,999,313220.0,N,2595520.266,2391731.009,BAW BAW,EASTERN REGION,RURAL_VICTORIA,-37.9707,146.08713,3831.0
T20170000698,9/1/17,19.05.00,3,Struck animal,2,Monday,167,STRUCK ANIMAL                        , , , , , ,1,Day,314105,1,1,0,1,0,0,1,2,T intersection,3,40,314105.0,N,2498221.908,2410796.122,YARRA,METROPOLITAN NORTH WEST REGION,MELB_URBAN,-37.80384,144.97981000000001,3065.0
T20170000993,19/12/16,05.15.00,3,Struck animal,2,Monday,167,STRUCK ANIMAL                        ,VCS,9,613,L,12,2,Dusk/Dawn,19450,1,1,0,1,0,0,2,5,Not at intersection,3,100,19450.0,I,2432034.223,2517794.066,BENDIGO,NORTHERN REGION,RURAL_VICTORIA,-36.83718,144.23793999999998,3555.0
T20170001073,17/1/17,08.30.00,3,Struck animal,3,Tuesday,167,STRUCK ANIMAL                        , , , , , ,1,Day,313299,2,2,0,1,0,1,1,5,Not at intersection,3,100,313299.0,N,2755559.085,2425155.421,EAST GIPPSLAND,EASTERN REGION,RURAL_VICTORIA,-37.63943,147.89621,3893.0
T20170001079,15/1/17,21.40.00,3,Struck animal,1,Sunday,167,STRUCK ANIMAL                        , , , , , ,5,Dark No street lights,313564,1,3,0,1,0,2,1,5,Not at intersection,3,100,313564.0,N,2579382.72,2552792.984,BENALLA,NORTH EASTERN REGION,RURAL_VICTORIA,-36.52088,145.88641,3670.0
T20170001609,25/1/17,22.40.00,3,Struck animal,4,Wednesday,167,STRUCK ANIMAL                        , , , , , ,6,Dark Street lights unknown,313360,1,3,0,1,0,2,2,5,Not at intersection,3,999,313360.0,N,2502840.105,2448671.994,WHITTLESEA,METROPOLITAN NORTH WEST REGION,RURAL_VICTORIA,-37.46255,145.03211000000002,3753.0
T20170001742,10/1/17,11.10.00,3,Struck animal,2,Tuesday,167,STRUCK ANIMAL                        , , , , , ,1,Day,313387,1,1,0,1,0,0,2,5,Not at intersection,3,100,313387.0,N,2567907.163,2403273.277,YARRA RANGES,METROPOLITAN SOUTH EAST REGION,RURAL_VICTORIA,-37.86914,145.77181000000002,3797.0
T20170002157,27/1/17,06.00.00,3,Struck animal,6,Friday,167,STRUCK ANIMAL                        , , , , , ,2,Dusk/Dawn,314491,1,1,0,1,0,0,2,5,Not at intersection,3,100,314491.0,N,2539310.999,2577942.638,SHEPPARTON,NORTH EASTERN REGION,RURAL_VICTORIA,-36.29673,145.43768,3633.0
T20170002427,6/2/17,06.00.00,3,Struck animal,1,Monday,167,STRUCK ANIMAL                        , , , , , ,2,Dusk/Dawn,314025,1,1,0,1,0,0,2,5,Not at intersection,3,80,314025.0,O,2567475.295,2478009.478, , ,RURAL_VICTORIA,-37.19575,145.76012,3714.0
T20170002588,7/2/17,20.00.00,3,Struck animal,3,Tuesday,167,STRUCK ANIMAL                        , , , , , ,1,Day,314013,1,1,0,1,0,0,2,5,Not at intersection,3,50,314013.0,N,2476892.719,2400972.941,WYNDHAM,METROPOLITAN NORTH WEST REGION,MELB_URBAN,-37.89206,144.73729,3030.0
T20170002724,10/2/17,20.30.00,3,Struck animal,6,Friday,167,STRUCK ANIMAL                        , , , , , ,5,Dark No street lights,313937,1,2,2,0,0,0,2,5,Not at intersection,2,100,313937.0,N,2453753.22,2517402.461,BENDIGO,NORTHERN REGION,RURAL_VICTORIA,-36.84203,144.48143000000002,3551.0
T20170002740,10/2/17,23.55.00,3,Struck animal,5,Friday,167,STRUCK ANIMAL                        , , , , , ,5,Dark No street lights,315478,1,1,1,0,0,0,1,5,Not at intersection,2,100,315478.0,N,2550284.006,2410178.942,YARRA RANGES,METROPOLITAN SOUTH EAST REGION,RURAL_VICTORIA,-37.808040000000005,145.57105,3139.0
T20170002779,11/2/17,21.00.00,3,Struck animal,7,Saturday,167,STRUCK ANIMAL                        , , , , , ,5,Dark No street lights,314089,1,1,1,0,0,0,1,5,Not at intersection,2,100,314089.0,N,2437421.147,2468835.821,HEPBURN,WESTERN REGION,RURAL_VICTORIA,-37.27876,144.29426999999998,3461.0
T20170003001,14/2/17,22.30.00,3,Struck animal,3,Tuesday,167,STRUCK ANIMAL                        , , , , , ,3,Dark Street lights on,314718,1,1,0,1,0,0,1,5,Not at intersection,3,60,314718.0,N,2235681.435,2805853.268,MILDURA,WESTERN REGION,SMALL_CITIES,-34.20818,142.13441,3500.0
T20170003265,17/2/17,21.15.00,3,Struck animal,5,Friday,167,STRUCK ANIMAL                        , , , , , ,5,Dark No street lights,319595,1,2,0,1,0,1,2,2,T intersection,3,100,319595.0,I,2665197.979,2385199.409,WELLINGTON,EASTERN REGION,RURAL_VICTORIA,-38.01975,146.88145,3858.0
T20170003416,25/6/15,06.30.00,3,Struck animal,4,Thursday,167,STRUCK ANIMAL                        , , , , , ,2,Dusk/Dawn,314298,1,1,0,1,0,0,9,5,Not at intersection,3,80,314298.0,N,2624473.344,2365610.507,LATROBE,EASTERN REGION,RURAL_VICTORIA,-38.20256,146.42103999999998,3840.0
T20170003948,21/2/17,04.50.00,3,Struck animal,2,Tuesday,167,STRUCK ANIMAL                        , , , , , ,5,Dark No street lights,314680,1,1,0,1,0,0,2,5,Not at intersection,3,999,314680.0,N,2537345.406,2577397.522,SHEPPARTON,NORTH EASTERN REGION,RURAL_VICTORIA,-36.30172,145.41582,3633.0
T20170004195,28/2/17,06.50.00,3,Struck animal,2,Tuesday,167,STRUCK ANIMAL                        , , , , , ,2,Dusk/Dawn,314662,1,1,0,1,0,0,2,5,Not at intersection,3,100,314662.0,N,2505241.28,2495638.597,MITCHELL,NORTHERN REGION,RURAL_VICTORIA,-37.03929,145.05892,3660.0
T20170004348,3/3/17,14.00.00,3,Struck animal,6,Friday,167,STRUCK ANIMAL                        , , , , , ,1,Day,314799,1,1,1,0,0,0,1,5,Not at intersection,2,100,314799.0,N,2302263.045,2351127.531,MOYNE,SOUTH WESTERN REGION,RURAL_VICTORIA,-38.320240000000005,142.73888,3265.0
T20170006028,25/3/17,09.30.00,3,Struck animal,7,Saturday,167,STRUCK ANIMAL                        , , , , , ,1,Day,315489,1,3,0,1,0,2,1,5,Not at intersection,3,80,315489.0,N,2515294.661,2472722.436,MURRINDINDI,NORTH EASTERN REGION,RURAL_VICTORIA,-37.2457,145.17241,3658.0
T20170006065,26/3/17,06.30.00,3,Struck animal,1,Sunday,167,STRUCK ANIMAL                        , , , , , ,5,Dark No street lights,315490,1,1,1,0,0,0,1,5,Not at intersection,2,100,315490.0,N,2721001.857,2401480.062,EAST GIPPSLAND,EASTERN REGION,RURAL_VICTORIA,-37.861509999999996,147.51185,3875.0
T20170006182,27/3/17,18.10.00,3,Struck animal,2,Monday,167,STRUCK ANIMAL                        ,VCS,9,604,E,6,1,Day,51916,1,3,0,1,0,2,1,1,Cross intersection,3,60,51916.0,I,2438904.872,2532496.128,BENDIGO,NORTHERN REGION,LARGE_PROVINCIAL_CITIES,-36.70516,144.31616,3551.0
T20170006228,8/3/17,00.10.00,3,Struck animal,4,Wednesday,167,STRUCK ANIMAL                        , , , , , ,5,Dark No street lights,315594,1,1,0,1,0,0,1,5,Not at intersection,3,80,315594.0,N,2466170.099,2369157.85,GEELONG,SOUTH WESTERN REGION,RURAL_VICTORIA,-38.17836,144.61392,3222.0
T20170006572,13/3/17,02.30.00,3,Struck animal,2,Monday,167,STRUCK ANIMAL                        , , , , , ,5,Dark No street lights,316318,1,2,2,0,0,0,1,5,Not at intersection,2,110,316318.0,N,2474149.323,2432064.09,MELTON,METROPOLITAN NORTH WEST REGION,RURAL_VICTORIA,-37.61185,144.70719,3427.0
T20170006612,31/3/17,23.10.00,3,Struck animal,6,Friday,167,STRUCK ANIMAL                        , , , , , ,5,Dark No street lights,315847,1,1,0,1,0,0,1,5,Not at intersection,3,110,315847.0,N,2602831.406,2365644.284,BAW BAW,EASTERN REGION,RURAL_VICTORIA,-38.20491,146.17399,3824.0
T20170007124,9/4/17,04.30.00,3,Struck animal,1,Sunday,167,STRUCK ANIMAL                        , , , , , ,3,Dark Street lights on,316328,1,1,1,0,0,0,1,2,T intersection,2,60,316328.0,N,2265574.083,2425265.45,SOUTHERN GRAMPIANS,SOUTH WESTERN REGION,SMALL_TOWNS,-37.64399,142.3432,3294.0
T20170007492,29/3/17,19.45.00,3,Struck animal,3,Wednesday,167,STRUCK ANIMAL                        , , , , , ,9,Unknown,316358,1,3,1,0,0,2,2,5,Not at intersection,2,80,316358.0,N,2507690.981,2427648.755,WHITTLESEA,METROPOLITAN NORTH WEST REGION,MELB_URBAN,-37.651959999999995,145.08716,3752.0
T20170007586,15/4/17,11.10.00,3,Struck animal,7,Saturday,167,STRUCK ANIMAL                        , , , , , ,1,Day,316556,1,1,1,0,0,0,1,5,Not at intersection,2,100,316556.0,N,2411823.188,2394544.456,GOLDEN PLAINS,SOUTH WESTERN REGION,RURAL_VICTORIA,-37.94608,143.99678,3333.0
T20170007650,16/4/17,17.35.00,3,Struck animal,1,Sunday,167,STRUCK ANIMAL                        , , , , , ,2,Dusk/Dawn,316321,1,1,0,1,0,0,1,5,Not at intersection,3,100,316321.0,N,2467703.262,2482692.393,MACEDON RANGES,NORTHERN REGION,RURAL_VICTORIA,-37.15542,144.63637,3444.0
T20170007733,11/4/17,07.45.00,3,Struck animal,3,Tuesday,167,STRUCK ANIMAL                        , , , , , ,1,Day,316459,1,1,1,0,0,0,2,5,Not at intersection,2,80,316459.0,N,2436842.875,2517493.084,BENDIGO,NORTHERN REGION,RURAL_VICTORIA,-36.84023,144.29183,3551.0
T20170008270,26/4/17,08.38.00,3,Struck animal,4,Wednesday,167,STRUCK ANIMAL                        , , , , , ,1,Day,316853,1,1,1,0,0,0,1,5,Not at intersection,2,100,316853.0,N,2438595.238,2520351.846,BENDIGO,NORTHERN REGION,RURAL_VICTORIA,-36.81458,144.31171,3551.0
T20170008810,4/5/17,11.15.00,3,Struck animal,4,Thursday,167,STRUCK ANIMAL                        , , , , , ,1,Day,317097,1,4,0,1,0,3,2,5,Not at intersection,3,100,317097.0,N,2793033.258,2411243.169,EAST GIPPSLAND,EASTERN REGION,RURAL_VICTORIA,-37.75369,148.32608000000002,3888.0
T20170009058,8/5/17,07.10.00,3,Struck animal,2,Monday,167,STRUCK ANIMAL                        , , , , , ,1,Day,317314,1,1,1,0,0,0,1,5,Not at intersection,2,100,317314.0,N,2267031.314,2355387.875,MOYNE,SOUTH WESTERN REGION,RURAL_VICTORIA,-38.27367,142.33756,3283.0
T20170009194,3/4/17,12.50.00,3,Struck animal,2,Monday,167,STRUCK ANIMAL                        , , , , , ,9,Unknown,317224,1,2,0,2,0,0,2,5,Not at intersection,3,100,317224.0,N,2691269.661,2367582.86,WELLINGTON,EASTERN REGION,RURAL_VICTORIA,-38.17341,147.18288,3851.0
T20170010977,2/6/17,23.45.00,3,Struck animal,6,Friday,167,STRUCK ANIMAL                        , , , , , ,5,Dark No street lights,318764,1,2,0,1,0,1,1,5,Not at intersection,3,100,318764.0,N,2331395.282,2357282.535,CORANGAMITE,SOUTH WESTERN REGION,RURAL_VICTORIA,-38.270579999999995,143.07333,3266.0
T20170011209,8/6/17,07.00.00,3,Struck animal,5,Thursday,167,STRUCK ANIMAL                        , , , , , ,2,Dusk/Dawn,318324,1,2,0,1,0,1,2,5,Not at intersection,3,100,318324.0,N,2396829.192,2461958.759,HEPBURN,WESTERN REGION,RURAL_VICTORIA,-37.337140000000005,143.83558,3370.0
T20170011370,9/6/17,19.20.00,3,Struck animal,5,Friday,167,STRUCK ANIMAL                        , , , , , ,5,Dark No street lights,318532,1,3,0,1,0,2,1,5,Not at intersection,3,100,318532.0,N,2793823.718,2411303.349,EAST GIPPSLAND,EASTERN REGION,RURAL_VICTORIA,-37.7529,148.33502,3888.0
T20170011596,13/6/17,22.30.00,3,Struck animal,2,Tuesday,167,STRUCK ANIMAL                        , , , , , ,5,Dark No street lights,318398,1,1,0,1,0,0,1,5,Not at intersection,3,100,318398.0,N,2587837.206,2401110.236,BAW BAW,EASTERN REGION,RURAL_VICTORIA,-37.886959999999995,145.99857,3833.0
T20170011752,15/6/17,19.20.00,3,Struck animal,5,Thursday,167,STRUCK ANIMAL                        , , , , , ,5,Dark No street lights,318649,1,1,0,1,0,0,2,2,T intersection,3,100,318649.0,I,2425909.59,2520656.232,BENDIGO,NORTHERN REGION,RURAL_VICTORIA,-36.81093,144.16955,3551.0
T20170011911,17/6/17,19.40.00,3,Struck animal,6,Saturday,167,STRUCK ANIMAL                        , , , , , ,5,Dark No street lights,318709,1,1,1,0,0,0,1,5,Not at intersection,2,110,318709.0,N,2515533.779,2520926.014,STRATHBOGIE,NORTH EASTERN REGION,RURAL_VICTORIA,-36.81128,145.17411,3608.0
T20170012381,24/6/17,18.50.00,3,Struck animal,7,Saturday,167,STRUCK ANIMAL                        , , , , , ,5,Dark No street lights,319371,1,1,0,1,0,0,1,5,Not at intersection,3,100,319371.0,N,2472634.358,2596548.012,CAMPASPE,NORTHERN REGION,RURAL_VICTORIA,-36.12947,144.69598,3564.0
T20170012752,10/6/17,06.30.00,3,Struck animal,6,Saturday,167,STRUCK ANIMAL                        , , , , , ,5,Dark No street lights,318975,1,1,0,1,0,0,2,5,Not at intersection,3,100,318975.0,N,2741406.26,2473947.757,EAST GIPPSLAND,EASTERN REGION,RURAL_VICTORIA,-37.2037,147.72011,3896.0
T20170012901,2/7/17,16.00.00,3,Struck animal,1,Sunday,167,STRUCK ANIMAL                        , , , , , ,1,Day,319075,1,2,0,1,0,1,1,5,Not at intersection,3,60,319075.0,N,2540956.711,2381260.819,CARDINIA,METROPOLITAN SOUTH EAST REGION,SMALL_CITIES,-38.06904,145.46673,3810.0
T20170013219,8/6/17,23.00.00,3,Struck animal,4,Thursday,167,STRUCK ANIMAL                        , , , , , ,5,Dark No street lights,319220,1,1,0,1,0,0,2,5,Not at intersection,3,100,319220.0,N,2548112.968,2359619.152,CARDINIA,METROPOLITAN SOUTH EAST REGION,RURAL_VICTORIA,-38.26365,145.54971,3984.0
T20170013678,22/4/17,22.30.00,3,Struck animal,6,Saturday,167,STRUCK ANIMAL                        ,VCS,9,104,C,4,5,Dark No street lights,321343,1,1,0,1,0,0,2,5,Not at intersection,3,999,321343.0,N,2640626.609,2315358.04,WELLINGTON,EASTERN REGION,RURAL_VICTORIA,-38.65282,146.61515,3967.0
T20170013933,15/7/17,14.30.00,3,Struck animal,7,Saturday,167,STRUCK ANIMAL                        , , , , , ,1,Day,319547,1,1,0,1,0,0,2,5,Not at intersection,3,999,319547.0,N,2292144.093,2466300.811,ARARAT,WESTERN REGION,RURAL_VICTORIA,-37.28063,142.65563999999998,3377.0
T20170013960,18/7/17,18.30.00,3,Struck animal,2,Tuesday,167,STRUCK ANIMAL                        , , , , , ,5,Dark No street lights,319677,1,1,0,1,0,0,1,5,Not at intersection,3,100,319677.0,N,2560118.185,2442875.833,MURRINDINDI,NORTH EASTERN REGION,RURAL_VICTORIA,-37.51285,145.68007,3779.0
T20170014049,18/7/17,18.10.00,3,Struck animal,3,Tuesday,167,STRUCK ANIMAL                        , , , , , ,5,Dark No street lights,319520,3,3,0,1,0,2,1,5,Not at intersection,3,100,319520.0,N,2461027.241,2460928.684,MACEDON RANGES,NORTHERN REGION,RURAL_VICTORIA,-37.351290000000006,144.56007,3442.0
T20170014609,28/7/17,09.00.00,3,Struck animal,6,Friday,167,STRUCK ANIMAL                        , , , , , ,1,Day,319793,1,1,0,1,0,0,1,5,Not at intersection,3,30,319793.0,N,2408413.504,2347911.097,SURF COAST,SOUTH WESTERN REGION,RURAL_VICTORIA,-38.36582,143.95215,3241.0
T20170014697,29/7/17,03.50.00,3,Struck animal,7,Saturday,167,STRUCK ANIMAL                        , , , , , ,5,Dark No street lights,320019,1,1,0,1,0,0,1,5,Not at intersection,3,100,320019.0,N,2500501.284,2587336.422,CAMPASPE,NORTHERN REGION,RURAL_VICTORIA,-36.21288,145.00558,3621.0
T20170014766,31/7/17,07.02.00,3,Struck animal,2,Monday,167,STRUCK ANIMAL                        , , , , , ,2,Dusk/Dawn,320041,1,1,0,1,0,0,1,5,Not at intersection,3,100,320041.0,N,2318659.714,2336933.781,CORANGAMITE,SOUTH WESTERN REGION,RURAL_VICTORIA,-38.45142,142.92276999999999,3268.0
T20170014843,1/8/17,06.55.00,3,Struck animal,3,Tuesday,167,STRUCK ANIMAL                        , , , , , ,2,Dusk/Dawn,319937,1,1,1,0,0,0,1,5,Not at intersection,2,100,319937.0,N,2436831.612,2518034.567,BENDIGO,NORTHERN REGION,RURAL_VICTORIA,-36.83535,144.29175,3551.0
T20170015357,7/8/17,21.50.00,3,Struck animal,2,Monday,167,STRUCK ANIMAL                        , , , , , ,5,Dark No street lights,320173,1,1,0,1,0,0,1,5,Not at intersection,3,100,320173.0,N,2629995.244,2367189.571,LATROBE,EASTERN REGION,RURAL_VICTORIA,-38.18758,146.48379,3840.0
T20170015360,5/8/16,06.03.00,3,Struck animal,6,Friday,167,STRUCK ANIMAL                        ,VCS,9,46,D,8,5,Dark No street lights,322673,1,1,0,1,0,0,2,5,Not at intersection,3,110,322673.0,N,2512697.614,2512840.752,STRATHBOGIE,NORTH EASTERN REGION,RURAL_VICTORIA,-36.884190000000004,145.14246,3663.0