ACCIDENT_NO,ACCIDENT_DATE,ACCIDENT_TIME,ACCIDENT_TYPE,ACCIDENT_TYPE_DESC,DAY_OF_WEEK,DAY_WEEK_DESC,DCA_CODE,DCA_DESC,DIRECTORY,EDITION,PAGE,GRID_REFERENCE_X,GRID_REFERENCE_Y,LIGHT_CONDITION,LIGHT_CONDITION_DESC,NODE_ID_x,NO_OF_VEHICLES,NO_PERSONS,NO_PERSONS_INJ_2,NO_PERSONS_INJ_3,NO_PERSONS_KILLED,NO_PERSONS_NOT_INJ,POLICE_ATTEND,ROAD_GEOMETRY,ROAD_GEOMETRY_DESC,SEVERITY,SPEED_ZONE,NODE_ID_y,NODE_TYPE,AMG_X,AMG_Y,LG_AREA_NAME,REGION_NAME,DEG_URBAN_NAME,LATITUDE,LONGITUDE,POSTCODE
T20170015382,9/8/17,06.20.00,3,Struck animal,4,Wednesday,167,STRUCK ANIMAL                        , , , , , ,5,Dark No street lights,320264,1,1,1,0,0,0,1,5,Not at intersection,2,100,320264.0,N,2459243.54,2446940.513,MACEDON RANGES,NORTHERN REGION,RURAL_VICTORIA,-37.477270000000004,144.53916999999998,3437.0
T20170015439,10/8/17,05.45.00,3,Struck animal,5,Thursday,167,STRUCK ANIMAL                        ,MEL,40,353,G,9,3,Dark Street lights on,45517,1,1,0,1,0,0,2,1,Cross intersection,3,80,45517.0,I,2473291.533,2423703.552,MELTON,METROPOLITAN NORTH WEST REGION,RURAL_VICTORIA,-37.68716,144.69717,3335.0
T20170015650,13/8/17,05.50.00,3,Struck animal,1,Sunday,167,STRUCK ANIMAL                        ,MEL,43,458,F,9,5,Dark No street lights,320320,1,1,0,1,0,0,1,5,Not at intersection,3,100,320320.0,N,2468993.479,2370234.257,GEELONG,SOUTH WESTERN REGION,RURAL_VICTORIA,-38.16876,144.64619,3222.0
T20170016157,21/8/17,06.30.00,3,Struck animal,1,Monday,167,STRUCK ANIMAL                        ,MEL,43,126,C,11,2,Dusk/Dawn,320711,3,3,0,1,0,2,2,5,Not at intersection,3,100,320711.0,N,2533755.701,2393990.416,CARDINIA,METROPOLITAN SOUTH EAST REGION,RURAL_VICTORIA,-37.954640000000005,145.38409,3804.0
T20170016622,25/8/17,16.45.00,3,Struck animal,5,Friday,167,STRUCK ANIMAL                        ,VCS,9,49,E,2,1,Day,322063,1,1,1,0,0,0,2,5,Not at intersection,2,100,322063.0,N,2658303.057,2549313.007,ALPINE,NORTH EASTERN REGION,RURAL_VICTORIA,-36.542320000000004,146.76823000000002,3737.0
T20170016994,1/9/17,23.45.00,3,Struck animal,6,Friday,167,STRUCK ANIMAL                        ,VCS,9,552,H,11,5,Dark No street lights,321329,1,1,0,1,0,0,2,5,Not at intersection,3,80,321329.0,N,2281336.648,2478045.366,NORTHERN GRAMPIANS,WESTERN REGION,RURAL_VICTORIA,-37.17237,142.53722,3381.0
T20170017296,4/9/17,08.40.00,3,Struck animal,2,Monday,167,STRUCK ANIMAL                        ,VCS,9,415,C,6,1,Day,321367,1,1,0,1,0,0,2,5,Not at intersection,3,100,321367.0,N,2465227.132,2462714.642,MACEDON RANGES,NORTHERN REGION,RURAL_VICTORIA,-37.335370000000005,144.60756,3442.0
T20170018238,23/9/17,07.54.00,3,Struck animal,7,Saturday,167,STRUCK ANIMAL                        ,MEL,43,148,J,5,1,Day,322532,1,1,0,1,0,0,1,5,Not at intersection,3,80,322532.0,N,2516657.2,2362224.638,MORNINGTON PENINSULA,METROPOLITAN SOUTH EAST REGION,RURAL_VICTORIA,-38.241279999999996,145.19026000000002,3912.0
T20170018385,25/9/17,18.15.00,3,Struck animal,2,Monday,167,STRUCK ANIMAL                        ,VCS,9,62,D,5,5,Dark No street lights,322426,1,1,0,1,0,0,1,5,Not at intersection,3,100,322426.0,N,2566522.483,2474597.376,MURRINDINDI,NORTH EASTERN REGION,RURAL_VICTORIA,-37.22657,145.74969,3714.0
T20170018554,26/12/15,22.15.00,3,Struck animal,6,Saturday,167,STRUCK ANIMAL                        ,VCS,9,427,D,2,5,Dark No street lights,324217,2,2,0,1,0,1,1,5,Not at intersection,3,100,324217.0,N,2502494.702,2447727.136,WHITTLESEA,METROPOLITAN NORTH WEST REGION,RURAL_VICTORIA,-37.471070000000005,145.0282,3753.0
T20170018705,1/10/17,06.35.00,3,Struck animal,0,Sunday,167,STRUCK ANIMAL                        ,VCS,9,572,K,11,2,Dusk/Dawn,322513,1,1,0,1,0,0,1,5,Not at intersection,3,60,322513.0,N,2402365.982,2429564.039,BALLARAT,WESTERN REGION,LARGE_PROVINCIAL_CITIES,-37.62962,143.89382,3350.0
T20170019076,5/10/17,07.30.00,3,Struck animal,5,Thursday,167,STRUCK ANIMAL                        ,VCS,9,29,C,9,1,Day,324483,1,1,0,1,0,0,2,5,Not at intersection,3,100,324483.0,N,2379217.284,2560849.796,LODDON,NORTHERN REGION,RURAL_VICTORIA,-36.44389,143.65263000000002,3518.0
T20170019222,9/10/17,17.10.00,3,Struck animal,1,Monday,167,STRUCK ANIMAL                        ,VCS,9,98,F,9,1,Day,322660,1,1,1,0,0,0,2,5,Not at intersection,2,999,322660.0,N,2661794.564,2333808.293,WELLINGTON,EASTERN REGION,RURAL_VICTORIA,-38.4832,146.85408999999999,3874.0
T20170019257,10/10/17,05.45.00,3,Struck animal,3,Tuesday,167,STRUCK ANIMAL                        ,VCS,9,34,H,2,2,Dusk/Dawn,322411,1,1,0,1,0,0,1,5,Not at intersection,3,100,322411.0,N,2628628.693,2603480.872,INDIGO,NORTH EASTERN REGION,RURAL_VICTORIA,-36.058690000000006,146.42775,3685.0
T20170019386,12/10/17,02.38.00,3,Struck animal,5,Thursday,167,STRUCK ANIMAL                        ,MEL,43,351,K,7,5,Dark No street lights,322466,1,1,1,0,0,0,1,5,Not at intersection,2,100,322466.0,N,2474211.55,2429728.099,MELTON,METROPOLITAN NORTH WEST REGION,TOWNS,-37.6329,144.70781000000002,3427.0
T20170019731,16/10/17,19.50.00,3,Struck animal,2,Monday,167,STRUCK ANIMAL                        ,MEL,43,696,A,5,2,Dusk/Dawn,322711,1,1,1,0,0,0,1,5,Not at intersection,2,100,322711.0,N,2463086.189,2440336.589,MACEDON RANGES,NORTHERN REGION,RURAL_VICTORIA,-37.53694,144.58229,3437.0
T20170019748,17/10/17,07.45.00,3,Struck animal,3,Tuesday,167,STRUCK ANIMAL                        ,VCS,9,34,J,2,1,Day,323188,1,1,0,1,0,0,1,5,Not at intersection,3,100,323188.0,N,2629946.746,2607803.979,INDIGO,NORTH EASTERN REGION,RURAL_VICTORIA,-36.01955,146.44165,3687.0
T20170019887,18/10/17,06.00.00,3,Struck animal,4,Wednesday,167,STRUCK ANIMAL                        ,MEL,43,665,A,2,2,Dusk/Dawn,322698,1,1,1,0,0,0,1,5,Not at intersection,2,100,322698.0,N,2498074.472,2452536.348,MITCHELL,NORTHERN REGION,RURAL_VICTORIA,-37.42773,144.97824,3756.0
T20170020018,20/10/17,15.15.00,3,Struck animal,6,Friday,167,STRUCK ANIMAL                        ,VCS,9,98,E,5,1,Day,323013,1,1,1,0,0,0,1,5,Not at intersection,2,100,323013.0,N,2657401.069,2361576.347,WELLINGTON,EASTERN REGION,RURAL_VICTORIA,-38.23388,146.79775,3847.0
T20170020147,22/10/17,11.40.00,3,Struck animal,0,Sunday,167,STRUCK ANIMAL                        ,VCS,9,80,E,9,1,Day,322754,1,1,0,1,0,0,1,5,Not at intersection,3,100,322754.0,N,2568834.745,2389040.172,BAW BAW,EASTERN REGION,RURAL_VICTORIA,-37.9973,145.78368999999998,3816.0
T20170020223,21/10/17,06.20.00,3,Struck animal,6,Saturday,167,STRUCK ANIMAL                        ,VCS,9,35,B,8,2,Dusk/Dawn,327261,1,1,0,1,0,0,2,5,Not at intersection,3,100,327261.0,N,2642233.736,2567213.096,WANGARATTA,NORTH EASTERN REGION,RURAL_VICTORIA,-36.38357,146.58543999999998,3678.0
T20170020633,29/10/17,11.28.00,3,Struck animal,1,Sunday,167,STRUCK ANIMAL                        ,VCS,9,81,B,8,1,Day,323263,1,1,0,1,0,0,1,5,Not at intersection,3,80,323263.0,N,2590047.822,2399672.641,BAW BAW,EASTERN REGION,RURAL_VICTORIA,-37.8997,146.02388,3833.0
T20170020831,31/10/17,14.55.00,3,Struck animal,2,Tuesday,167,STRUCK ANIMAL                        ,MEL,40,9,K,4,1,Day,281709,1,1,0,1,0,0,1,2,T intersection,3,70,281709.0,I,2505480.092,2425813.534,WHITTLESEA,METROPOLITAN NORTH WEST REGION,MELB_URBAN,-37.66851,145.06212,3082.0
T20170021096,5/11/17,09.15.00,3,Struck animal,1,Sunday,167,STRUCK ANIMAL                        ,VCS,9,59,H,4,1,Day,323297,1,1,0,0,1,0,1,5,Not at intersection,1,100,323297.0,N,2445744.329,2484889.406,MOUNT ALEXANDER,NORTHERN REGION,RURAL_VICTORIA,-37.134609999999995,144.38929,3447.0
T20170021208,7/11/17,09.45.00,3,Struck animal,2,Tuesday,167,STRUCK ANIMAL                        ,VCS,9,101,D,2,1,Day,323388,1,1,0,1,0,0,1,5,Not at intersection,3,100,323388.0,N,2390410.365,2326569.812,COLAC OTWAY,SOUTH WESTERN REGION,RURAL_VICTORIA,-38.55607,143.74296999999999,3243.0
T20170021250,7/11/17,05.33.00,3,Struck animal,2,Tuesday,167,STRUCK ANIMAL                        ,MEL,43,388,F,11,2,Dusk/Dawn,326289,1,1,1,0,0,0,1,5,Not at intersection,2,80,326289.0,N,2500052.989,2432799.812,WHITTLESEA,METROPOLITAN NORTH WEST REGION,RURAL_VICTORIA,-37.605579999999996,145.0006,3750.0
T20170022044,18/11/17,06.25.00,3,Struck animal,7,Saturday,167,STRUCK ANIMAL                        ,VCS,9,417,A,8,1,Day,323806,1,1,1,0,0,0,1,5,Not at intersection,2,100,323806.0,N,2496812.296,2459386.209,MITCHELL,NORTHERN REGION,RURAL_VICTORIA,-37.366,144.96401,3762.0
T20170022800,29/11/17,05.31.00,3,Struck animal,3,Wednesday,167,STRUCK ANIMAL                        ,MEL,43,365,D,8,2,Dusk/Dawn,324311,1,1,0,1,0,0,1,5,Not at intersection,3,60,324311.0,N,2487716.748,2438871.546,HUME,METROPOLITAN NORTH WEST REGION,RURAL_VICTORIA,-37.55079,144.86098,3064.0
T20170023672,18/11/17,00.45.00,3,Struck animal,6,Saturday,167,STRUCK ANIMAL                        ,VCS,9,77,E,7,5,Dark No street lights,324709,1,1,0,1,0,0,2,5,Not at intersection,3,100,324709.0,N,2429048.616,2409341.764,GOLDEN PLAINS,SOUTH WESTERN REGION,RURAL_VICTORIA,-37.814240000000005,144.19416999999999,3342.0
T20170024006,16/12/17,08.50.00,3,Struck animal,7,Saturday,167,STRUCK ANIMAL                        ,VCS,9,43,B,9,1,Day,324969,1,1,1,0,0,0,1,5,Not at intersection,2,100,324969.0,N,2376810.998,2500046.975,CENTRAL GOLDFIELDS,WESTERN REGION,RURAL_VICTORIA,-36.99151,143.61593,3465.0
T20170024324,17/12/17,21.25.00,3,Struck animal,0,Sunday,167,STRUCK ANIMAL                        ,MEL,43,126,B,6,5,Dark No street lights,325096,1,1,0,1,0,0,1,5,Not at intersection,3,100,325096.0,N,2533740.945,2395804.725,CARDINIA,METROPOLITAN SOUTH EAST REGION,RURAL_VICTORIA,-37.9383,145.38384,3782.0
T20170024593,23/12/17,20.25.00,3,Struck animal,7,Saturday,167,STRUCK ANIMAL                        ,VCS,9,47,D,7,2,Dusk/Dawn,327226,1,1,0,1,0,0,2,5,Not at intersection,3,100,327226.0,N,2564389.806,2514815.308,STRATHBOGIE,NORTH EASTERN REGION,RURAL_VICTORIA,-36.86428,145.72222,3666.0
T20170024861,29/12/17,14.35.00,3,Struck animal,6,Friday,167,STRUCK ANIMAL                        ,VCS,9,44,F,8,1,Day,325450,1,1,1,0,0,0,1,5,Not at intersection,2,100,325450.0,N,2436446.049,2512348.07,BENDIGO,NORTHERN REGION,RURAL_VICTORIA,-36.88657,144.28695,3551.0
T20180000087,2/1/18,08.45.00,3,Struck animal,3,Tuesday,167,STRUCK ANIMAL                        ,VCS,9,104,F,2,1,Day,325512,1,1,1,0,0,0,2,5,Not at intersection,2,100,325512.0,N,2658076.937,2330275.384,WELLINGTON,EASTERN REGION,RURAL_VICTORIA,-38.51566,146.81226999999998,3874.0
T20180000330,6/1/18,08.20.00,3,Struck animal,7,Saturday,167,STRUCK ANIMAL                        ,VCS,9,414,A,9,1,Day,326506,1,1,0,1,0,0,1,5,Not at intersection,3,100,326506.0,N,2440057.149,2458161.701,HEPBURN,WESTERN REGION,RURAL_VICTORIA,-37.37512,144.32314,3458.0
T20180000517,9/1/18,22.16.00,3,Struck animal,3,Tuesday,167,STRUCK ANIMAL                        ,VCD,9,95,J,5,5,Dark No street lights,326188,1,1,1,0,0,0,1,5,Not at intersection,2,80,326188.0,N,2541429.319,2367220.241,CARDINIA,METROPOLITAN SOUTH EAST REGION,RURAL_VICTORIA,-38.1955,145.47292,3981.0
T20180000660,12/1/18,06.45.00,3,Struck animal,6,Friday,167,STRUCK ANIMAL                        ,VCS,9,416,F,10,1,Day,326300,1,1,0,1,0,0,1,5,Not at intersection,3,100,326300.0,N,2487370.761,2456159.573,MACEDON RANGES,NORTHERN REGION,RURAL_VICTORIA,-37.395,144.85736,3756.0
T20180000841,15/1/18,05.30.00,3,Struck animal,2,Monday,167,STRUCK ANIMAL                        ,VCS,9,77,C,8,2,Dusk/Dawn,326034,1,2,0,2,0,0,1,5,Not at intersection,3,100,326034.0,N,2421882.302,2399285.994,GOLDEN PLAINS,SOUTH WESTERN REGION,RURAL_VICTORIA,-37.90426,144.11172,3332.0
T20180000855,15/1/18,11.39.00,3,Struck animal,2,Monday,167,STRUCK ANIMAL                        ,VCS,9,56,G,8,1,Day,326640,1,1,1,0,0,0,1,5,Not at intersection,2,100,326640.0,N,2317466.972,2454760.324,ARARAT,WESTERN REGION,RURAL_VICTORIA,-37.38988,142.93833999999998,3377.0
T20180000868,13/1/18,13.30.00,3,Struck animal,7,Saturday,167,STRUCK ANIMAL                        ,VCS,9,77,F,2,1,Day,326092,1,1,0,1,0,0,2,5,Not at intersection,3,999,326092.0,N,2435033.803,2441573.444,MOORABOOL,WESTERN REGION,RURAL_VICTORIA,-37.52426,144.26497,3458.0
T20180000881,15/1/18,17.15.00,3,Struck animal,2,Monday,167,STRUCK ANIMAL                        ,VCS,9,76,B,5,1,Day,327054,1,2,2,0,0,0,1,5,Not at intersection,2,100,327054.0,N,2375256.985,2419654.578,GOLDEN PLAINS,SOUTH WESTERN REGION,RURAL_VICTORIA,-37.71567,143.58505,3360.0
T20180000988,15/1/18,14.00.00,3,Struck animal,2,Monday,167,STRUCK ANIMAL                        ,VCS,9,80,B,2,1,Day,326280,1,1,0,1,0,0,2,5,Not at intersection,3,999,326280.0,N,2553242.343,2442142.092,MURRINDINDI,NORTH EASTERN REGION,RURAL_VICTORIA,-37.51988,145.60235,3778.0
T20180001114,4/1/18,05.40.00,3,Struck animal,5,Thursday,167,STRUCK ANIMAL                        ,MEL,43,393,F,9,2,Dusk/Dawn,326211,1,1,0,1,0,0,2,5,Not at intersection,3,80,326211.0,N,2519561.732,2433510.899,NILLUMBIK,METROPOLITAN NORTH WEST REGION,RURAL_VICTORIA,-37.59897,145.22154,3099.0
T20180001249,20/1/18,21.30.00,3,Struck animal,7,Saturday,167,STRUCK ANIMAL                        ,VCS,9,522,D,2,3,Dark Street lights on,326810,1,1,0,1,0,0,1,5,Not at intersection,3,60,326810.0,N,2373534.833,2423480.583,GOLDEN PLAINS,SOUTH WESTERN REGION,SMALL_TOWNS,-37.68097,143.56617,3360.0
T20180001401,22/1/18,20.45.00,3,Struck animal,2,Monday,167,STRUCK ANIMAL                        ,VCS,9,35,C,5,2,Dusk/Dawn,327070,1,1,0,1,0,0,2,5,Not at intersection,3,100,327070.0,N,2646985.235,2582075.874,INDIGO,NORTH EASTERN REGION,RURAL_VICTORIA,-36.248909999999995,146.63555,3683.0
T20180001435,18/1/18,13.00.00,3,Struck animal,5,Thursday,167,STRUCK ANIMAL                        ,VCS,9,417,D,6,1,Day,326744,1,1,1,0,0,0,1,5,Not at intersection,2,100,326744.0,N,2502648.189,2462219.437,MITCHELL,NORTHERN REGION,RURAL_VICTORIA,-37.34047,145.02989,3758.0
T20180001844,26/1/18,21.25.00,3,Struck animal,6,Friday,167,STRUCK ANIMAL                        ,VCS,9,61,F,4,5,Dark No street lights,327886,1,1,1,0,0,0,1,5,Not at intersection,2,100,327886.0,N,2524692.004,2482985.783,MURRINDINDI,NORTH EASTERN REGION,RURAL_VICTORIA,-37.153009999999995,145.278,3660.0
T20180002162,1/2/18,06.15.00,3,Struck animal,5,Thursday,167,STRUCK ANIMAL                        ,MEL,43,351,J,5,2,Dusk/Dawn,326885,1,1,0,1,0,0,2,5,Not at intersection,3,100,326885.0,N,2473915.859,2430188.709,MELTON,METROPOLITAN NORTH WEST REGION,RURAL_VICTORIA,-37.62874,144.70448000000002,3427.0
T20180002299,6/2/18,14.27.00,3,Struck animal,3,Tuesday,167,STRUCK ANIMAL                        ,VCS,9,578,F,12,1,Day,326856,1,1,0,1,0,0,2,5,Not at intersection,3,100,326856.0,N,2400563.481,2423352.166,BALLARAT,WESTERN REGION,RURAL_VICTORIA,-37.6854,143.87257,3352.0
T20180002656,12/2/18,06.15.00,3,Struck animal,2,Monday,167,STRUCK ANIMAL                        ,VCS,9,99,C,4,2,Dusk/Dawn,327232,1,1,1,0,0,0,1,5,Not at intersection,2,100,327232.0,N,2681565.83,2372556.898,WELLINGTON,EASTERN REGION,SMALL_CITIES,-38.130559999999996,147.07093999999998,3850.0
T20180003137,18/2/18,12.40.00,3,Struck animal,1,Sunday,167,STRUCK ANIMAL                        ,VCS,9,90,C,8,1,Day,331985,1,1,1,0,0,0,1,5,Not at intersection,2,100,331985.0,N,2295310.409,2338637.064,MOYNE,SOUTH WESTERN REGION,RURAL_VICTORIA,-38.4312,142.65589,3277.0
T20180003473,23/2/18,06.45.00,3,Struck animal,6,Friday,167,STRUCK ANIMAL                        ,VCS,9,44,E,3,2,Dusk/Dawn,327417,1,3,0,2,0,1,1,5,Not at intersection,3,100,327417.0,N,2428401.811,2542295.786,BENDIGO,NORTHERN REGION,RURAL_VICTORIA,-36.6161,144.19952,3556.0
T20180003575,24/2/18,11.40.00,3,Struck animal,7,Saturday,167,STRUCK ANIMAL                        ,VCS,9,72,D,3,1,Day,327600,1,1,0,1,0,0,1,5,Not at intersection,3,100,327600.0,N,2210908.352,2428116.546,SOUTHERN GRAMPIANS,SOUTH WESTERN REGION,RURAL_VICTORIA,-37.60297,141.72521,3315.0
T20180003707,26/2/18,09.25.00,3,Struck animal,2,Monday,167,STRUCK ANIMAL                        ,VCS,9,48,G,8,1,Day,327499,1,1,0,1,0,0,1,5,Not at intersection,3,100,327499.0,N,2617355.054,2512474.535,WANGARATTA,NORTH EASTERN REGION,RURAL_VICTORIA,-36.88026,146.3166,3723.0
T20180003735,9/2/18,22.15.00,3,Struck animal,6,Friday,167,STRUCK ANIMAL                        ,VCS,9,61,F,2,5,Dark No street lights,327483,1,1,1,0,0,0,2,5,Not at intersection,2,80,327483.0,N,2522408.246,2497417.961,MITCHELL,NORTHERN REGION,RURAL_VICTORIA,-37.023,145.25186000000002,3660.0
T20180003958,1/3/18,21.25.00,3,Struck animal,4,Thursday,167,STRUCK ANIMAL                        ,VCS,9,602,B,11,5,Dark No street lights,327643,1,1,0,1,0,0,1,5,Not at intersection,3,100,327643.0,N,2427960.204,2530265.314,BENDIGO,NORTHERN REGION,RURAL_VICTORIA,-36.72449,144.19345,3556.0
T20180004626,10/3/18,13.00.00,3,Struck animal,6,Saturday,167,STRUCK ANIMAL                        ,VCS,9,80,G,3,1,Day,328411,1,1,0,1,0,0,1,5,Not at intersection,3,80,328411.0,N,2579949.872,2437153.212,YARRA RANGES,METROPOLITAN SOUTH EAST REGION,RURAL_VICTORIA,-37.56293,145.90502,3779.0
T20180004669,11/3/18,02.10.00,3,Struck animal,1,Sunday,167,STRUCK ANIMAL                        ,MEL,43,731,J,6,5,Dark No street lights,328105,1,1,0,1,0,0,1,5,Not at intersection,3,100,328105.0,N,2519004.632,2333873.835,BASS COAST,EASTERN REGION,RURAL_VICTORIA,-38.49661,145.21781000000001,3922.0
T20180004841,13/3/18,19.30.00,3,Struck animal,3,Tuesday,167,STRUCK ANIMAL                        ,VCS,9,102,F,4,2,Dusk/Dawn,180060,2,4,1,2,0,1,1,5,Not at intersection,2,100,180060.0,N,2565775.132,2319198.092,BASS COAST,EASTERN REGION,RURAL_VICTORIA,-38.62663,145.75516000000002,3996.0
T20180005910,28/3/18,13.20.00,3,Struck animal,4,Wednesday,167,STRUCK ANIMAL                        ,VCS,9,37,A,4,1,Day,328853,1,1,1,0,0,0,1,5,Not at intersection,2,100,328853.0,N,2728955.297,2588443.065,TOWONG,NORTH EASTERN REGION,RURAL_VICTORIA,-36.17532,147.5454,3701.0
T20180006050,29/3/18,16.30.00,3,Struck animal,4,Thursday,167,STRUCK ANIMAL                        ,VCS,9,58,F,9,1,Day,222125,1,1,0,1,0,0,2,2,T intersection,3,999,222125.0,I,2397319.93,2449360.101,BALLARAT,WESTERN REGION,RURAL_VICTORIA,-37.45071,143.83938999999998,3364.0
T20180006506,26/3/18,19.45.00,3,Struck animal,1,Monday,167,STRUCK ANIMAL                        ,VCS,9,602,G,1,2,Dusk/Dawn,328974,1,1,0,1,0,0,2,5,Not at intersection,3,100,328974.0,N,2430522.417,2535026.57,BENDIGO,NORTHERN REGION,RURAL_VICTORIA,-36.68177,144.22257,3556.0
T20180006591,7/4/18,10.50.00,3,Struck animal,7,Saturday,167,STRUCK ANIMAL                        ,VCS,9,85,E,6,1,Day,329354,1,2,0,2,0,0,1,5,Not at intersection,3,100,329354.0,N,2781236.404,2411820.228,EAST GIPPSLAND,EASTERN REGION,RURAL_VICTORIA,-37.75213,148.19206,3888.0
T20180006704,7/4/18,06.30.00,3,Struck animal,7,Saturday,167,STRUCK ANIMAL                        ,VCS,9,31,B,6,2,Dusk/Dawn,329476,1,1,0,1,0,0,2,5,Not at intersection,3,100,329476.0,N,2465598.219,2581796.181,CAMPASPE,NORTHERN REGION,RURAL_VICTORIA,-36.262190000000004,144.61715,3561.0
T20180007035,14/4/18,08.10.00,3,Struck animal,7,Saturday,167,STRUCK ANIMAL                        ,VCS,9,26,F,4,1,Day,329283,1,1,1,0,0,0,1,5,Not at intersection,2,100,329283.0,N,2253990.595,2589441.477,YARRIAMBIACK,WESTERN REGION,RURAL_VICTORIA,-36.16206,142.26542,3393.0
T20180007534,25/3/18,15.12.00,3,Struck animal,1,Sunday,167,STRUCK ANIMAL                        ,VCS,9,97,E,7,1,Day,335631,1,1,1,0,0,0,1,4,Multiple intersection,2,80,335631.0,N,2604800.605,2347565.02,SOUTH GIPPSLAND,EASTERN REGION,RURAL_VICTORIA,-38.367540000000005,146.19907,3871.0
T20180008293,2/5/18,19.35.00,3,Struck animal,3,Wednesday,167,STRUCK ANIMAL                        ,VCS,9,425,E,9,5,Dark No street lights,330001,1,1,1,0,0,0,1,5,Not at intersection,2,100,330001.0,N,2467993.179,2433350.523,MELTON,METROPOLITAN NORTH WEST REGION,RURAL_VICTORIA,-37.60007,144.63752,3337.0
T20180008479,4/5/18,05.30.00,3,Struck animal,5,Friday,167,STRUCK ANIMAL                        ,VCS,9,58,G,2,5,Dark No street lights,330072,1,1,0,1,0,0,2,5,Not at intersection,3,100,330072.0,N,2402996.825,2497807.918,MOUNT ALEXANDER,NORTHERN REGION,RURAL_VICTORIA,-37.01475,143.90982,3465.0
T20180008619,7/5/18,12.00.00,3,Struck animal,2,Monday,167,STRUCK ANIMAL                        ,VCS,9,40,G,9,1,Day,330165,1,1,1,0,0,0,2,5,Not at intersection,2,888,330165.0,N,2265980.709,2498635.667,NORTHERN GRAMPIANS,WESTERN REGION,RURAL_VICTORIA,-36.98317,142.37076000000002,3401.0
T20180008730,8/5/18,19.00.00,3,Struck animal,3,Tuesday,167,STRUCK ANIMAL                        ,VCS,9,85,H,5,5,Dark No street lights,330297,1,1,1,0,0,0,1,5,Not at intersection,2,80,330297.0,N,2797933.501,2411901.248,EAST GIPPSLAND,EASTERN REGION,RURAL_VICTORIA,-37.74621,148.38138999999998,3888.0
T20180008815,9/5/18,21.20.00,3,Struck animal,4,Wednesday,167,STRUCK ANIMAL                        ,VCS,9,98,D,7,5,Dark No street lights,331184,1,1,1,0,0,0,1,5,Not at intersection,2,100,331184.0,N,2652021.688,2349747.348,WELLINGTON,EASTERN REGION,RURAL_VICTORIA,-38.34132,146.73879,3847.0
T20180009147,15/5/18,04.45.00,3,Struck animal,3,Tuesday,167,STRUCK ANIMAL                        ,VCS,9,33,E,2,5,Dark No street lights,335607,1,1,1,0,0,0,1,5,Not at intersection,2,100,335607.0,N,2567808.086,2604558.784,MOIRA,NORTH EASTERN REGION,RURAL_VICTORIA,-36.05525,145.7526,3649.0
T20180009340,17/5/18,15.25.00,3,Struck animal,5,Thursday,167,STRUCK ANIMAL                        ,VCS,9,91,D,8,1,Day,331283,1,2,0,2,0,0,1,5,Not at intersection,3,100,331283.0,N,2338594.975,2340681.971,CORANGAMITE,SOUTH WESTERN REGION,RURAL_VICTORIA,-38.42137,143.1519,3266.0
T20180009357,17/5/18,19.20.00,3,Struck animal,5,Thursday,167,STRUCK ANIMAL                        ,MEL,43,41,E,8,5,Dark No street lights,330557,1,1,0,1,0,0,1,5,Not at intersection,3,80,330557.0,N,2488054.046,2409820.2,MARIBYRNONG,METROPOLITAN NORTH WEST REGION,MELB_URBAN,-37.81256,144.86433,3013.0
T20180009390,18/5/18,01.15.00,3,Struck animal,6,Friday,167,STRUCK ANIMAL                        ,VCS,9,23,D,9,6,Dark Street lights unknown,330940,1,2,0,2,0,0,2,5,Not at intersection,3,80,330940.0,N,2565195.573,2613905.952,MOIRA,NORTH EASTERN REGION,RURAL_VICTORIA,-35.97119,145.72281999999998,3644.0
T20180009437,18/5/18,18.00.00,3,Struck animal,6,Friday,167,STRUCK ANIMAL                        ,VCS,9,56,C,4,2,Dusk/Dawn,331275,1,1,1,0,0,0,1,5,Not at intersection,2,100,331275.0,N,2291413.34,2481761.416,NORTHERN GRAMPIANS,WESTERN REGION,RURAL_VICTORIA,-37.14118,142.6517,3381.0
T20180010433,3/6/18,09.20.00,3,Struck animal,1,Sunday,167,STRUCK ANIMAL                        ,VCS,9,46,C,3,1,Day,331217,1,2,0,2,0,0,1,5,Not at intersection,3,100,331217.0,N,2510405.518,2544316.178,CAMPASPE,NORTHERN REGION,RURAL_VICTORIA,-36.60055,145.11631,3612.0
T20180011254,15/6/18,20.40.00,3,Struck animal,6,Friday,167,STRUCK ANIMAL                        ,VCS,9,32,J,6,5,Dark No street lights,331824,1,1,1,0,0,0,1,5,Not at intersection,2,100,331824.0,N,2541458.614,2580820.37,SHEPPARTON,NORTH EASTERN REGION,RURAL_VICTORIA,-36.2707,145.46143,3634.0
T20180011270,2/6/18,22.30.00,3,Struck animal,7,Saturday,167,STRUCK ANIMAL                        ,VCS,9,102,H,5,5,Dark No street lights,331630,1,1,0,1,0,0,2,5,Not at intersection,3,100,331630.0,N,2577795.374,2306402.405,SOUTH GIPPSLAND,EASTERN REGION,RURAL_VICTORIA,-38.74092,145.89453999999998,3956.0