ACCIDENT_NO,ACCIDENT_DATE,ACCIDENT_TIME,ACCIDENT_TYPE,ACCIDENT_TYPE_DESC,DAY_OF_WEEK,DAY_WEEK_DESC,DCA_CODE,DCA_DESC,DIRECTORY,EDITION,PAGE,GRID_REFERENCE_X,GRID_REFERENCE_Y,LIGHT_CONDITION,LIGHT_CONDITION_DESC,NODE_ID_x,NO_OF_VEHICLES,NO_PERSONS,NO_PERSONS_INJ_2,NO_PERSONS_INJ_3,NO_PERSONS_KILLED,NO_PERSONS_NOT_INJ,POLICE_ATTEND,ROAD_GEOMETRY,ROAD_GEOMETRY_DESC,SEVERITY,SPEED_ZONE,NODE_ID_y,NODE_TYPE,AMG_X,AMG_Y,LG_AREA_NAME,REGION_NAME,DEG_URBAN_NAME,LATITUDE,LONGITUDE,POSTCODE
T20180011921,25/6/18,08.00.00,3,Struck animal,2,Monday,167,STRUCK ANIMAL                        ,VCS,9,60,F,2,1,Day,189199,1,1,0,1,0,0,2,5,Not at intersection,3,100,189199.0,N,2488432.662,2497568.923,MITCHELL,NORTHERN REGION,RURAL_VICTORIA,-37.021840000000005,144.86999,3662.0
T20180012029,27/6/18,06.30.00,3,Struck animal,4,Wednesday,167,STRUCK ANIMAL                        ,VCS,9,34,G,7,5,Dark No street lights,332087,1,1,0,1,0,0,1,5,Not at intersection,3,100,332087.0,N,2620836.688,2570731.056,WANGARATTA,NORTH EASTERN REGION,RURAL_VICTORIA,-36.35484,146.34641000000002,3678.0
T20180012160,29/6/18,07.25.00,3,Struck animal,6,Friday,167,STRUCK ANIMAL                        ,VCS,9,417,D,9,2,Dusk/Dawn,332157,1,1,0,1,0,0,1,5,Not at intersection,3,100,332157.0,N,2502612.245,2457226.924,MITCHELL,NORTHERN REGION,RURAL_VICTORIA,-37.385459999999995,145.0295,3758.0
T20180012579,1/7/18,21.38.00,3,Struck animal,1,Sunday,167,STRUCK ANIMAL                        ,VCS,9,97,H,6,5,Dark No street lights,332234,1,1,1,0,0,0,1,5,Not at intersection,2,100,332234.0,N,2624467.402,2358801.501,LATROBE,EASTERN REGION,RURAL_VICTORIA,-38.26389,146.42213999999998,3840.0
T20180012598,1/7/18,19.20.00,3,Struck animal,1,Sunday,167,STRUCK ANIMAL                        ,VCD,9,417,A,4,5,Dark No street lights,332249,1,1,0,1,0,0,1,5,Not at intersection,3,80,332249.0,N,2497642.441,2467971.815,MITCHELL,NORTHERN REGION,RURAL_VICTORIA,-37.28863,144.97341,3764.0
T20180012626,5/7/18,17.45.00,3,Struck animal,5,Thursday,167,STRUCK ANIMAL                        ,VCS,9,97,F,8,5,Dark No street lights,332833,1,1,1,0,0,0,1,5,Not at intersection,2,100,332833.0,N,2609804.016,2345639.588,LATROBE,EASTERN REGION,RURAL_VICTORIA,-38.3843,146.2566,3870.0
T20180012716,7/7/18,00.10.00,3,Struck animal,7,Saturday,167,STRUCK ANIMAL                        ,VCS,9,76,B,4,6,Dark Street lights unknown,332273,1,1,0,1,0,0,2,5,Not at intersection,3,999,332273.0,N,2374812.313,2423465.554,GOLDEN PLAINS,SOUTH WESTERN REGION,RURAL_VICTORIA,-37.68128,143.58065,3360.0
T20180012838,9/7/18,07.00.00,3,Struck animal,1,Monday,167,STRUCK ANIMAL                        ,VCS,9,62,D,7,2,Dusk/Dawn,335792,1,2,0,1,0,1,2,5,Not at intersection,3,100,335792.0,I,2563034.741,2459908.156,MURRINDINDI,NORTH EASTERN REGION,RURAL_VICTORIA,-37.35918,145.71161999999998,3714.0
T20180012984,8/7/18,12.30.00,3,Struck animal,0,Sunday,167,STRUCK ANIMAL                        ,VCS,9,546,H,9,1,Day,332403,1,1,0,1,0,0,2,9,Unknown,3,50,332403.0,N,2234007.847,2556627.994,HINDMARSH,WESTERN REGION,TOWNS,-36.45227,142.03207,3414.0
T20180013032,11/7/18,18.30.00,3,Struck animal,4,Wednesday,167,STRUCK ANIMAL                        ,VCS,9,99,H,4,9,Unknown,332440,1,1,0,1,0,0,2,5,Not at intersection,3,100,332440.0,N,2709947.62,2370041.22,WELLINGTON,EASTERN REGION,RURAL_VICTORIA,-38.147220000000004,147.39525,3851.0
T20180013052,12/7/18,10.00.00,3,Struck animal,4,Thursday,167,STRUCK ANIMAL                        ,VCS,9,69,C,7,1,Day,332572,1,1,0,1,0,0,1,5,Not at intersection,3,100,332572.0,N,2863441.331,2429361.613,EAST GIPPSLAND,EASTERN REGION,RURAL_VICTORIA,-37.56576,149.11546,3890.0
T20180013121,13/7/18,04.15.00,3,Struck animal,6,Friday,167,STRUCK ANIMAL                        ,VCS,9,71,B,6,5,Dark No street lights,332530,1,2,0,2,0,0,1,5,Not at intersection,3,100,332530.0,N,2148931.087,2408147.664,GLENELG,SOUTH WESTERN REGION,RURAL_VICTORIA,-37.76148,141.01442,3312.0
T20180013925,21/7/18,14.00.00,3,Struck animal,7,Saturday,167,STRUCK ANIMAL                        ,VCS,9,60,C,4,1,Day,332877,1,1,1,0,0,0,1,5,Not at intersection,2,100,332877.0,N,2467988.208,2481913.602,MACEDON RANGES,NORTHERN REGION,RURAL_VICTORIA,-37.16245,144.63953999999998,3444.0
T20180014179,28/7/18,18.00.00,3,Struck animal,7,Saturday,167,STRUCK ANIMAL                        ,VCS,9,21,E,7,5,Dark No street lights,335887,1,1,0,1,0,0,1,5,Not at intersection,3,100,335887.0,N,2430315.744,2627965.73,GANNAWARRA,NORTHERN REGION,RURAL_VICTORIA,-35.84417,144.22868,3568.0
T20180014260,30/7/18,00.20.00,3,Struck animal,2,Monday,167,STRUCK ANIMAL                        ,VCS,9,97,G,5,5,Dark No street lights,335894,1,1,0,1,0,0,1,5,Not at intersection,3,80,335894.0,N,2615693.215,2365136.183,LATROBE,EASTERN REGION,RURAL_VICTORIA,-38.20797,146.32089,3825.0
T20180014434,15/6/18,22.00.00,3,Struck animal,5,Friday,167,STRUCK ANIMAL                        ,VCS,9,76,C,4,5,Dark No street lights,335924,1,1,1,0,0,0,2,5,Not at intersection,2,100,335924.0,N,2379306.529,2423601.788,GOLDEN PLAINS,SOUTH WESTERN REGION,RURAL_VICTORIA,-37.680640000000004,143.63162,3351.0
T20180014476,30/7/18,17.00.00,3,Struck animal,1,Monday,167,STRUCK ANIMAL                        ,VCS,9,46,E,3,1,Day,335928,1,1,0,1,0,0,2,5,Not at intersection,3,100,335928.0,N,2520705.792,2542622.883,SHEPPARTON,NORTH EASTERN REGION,SMALL_TOWNS,-36.61564,145.23148999999998,3610.0
T20180014506,29/6/18,18.18.00,3,Struck animal,6,Friday,167,STRUCK ANIMAL                        ,VCS,9,44,E,7,9,Unknown,335935,1,1,0,1,0,0,1,5,Not at intersection,3,100,335935.0,N,2430613.169,2515081.926,BENDIGO,NORTHERN REGION,RURAL_VICTORIA,-36.86152,144.22176000000002,3453.0
T20180014515,26/7/18,15.30.00,3,Struck animal,4,Thursday,167,STRUCK ANIMAL                        ,VCS,9,83,B,5,1,Day,338990,1,1,0,1,0,0,2,2,T intersection,3,999,338990.0,I,2680276.549,2415755.929,WELLINGTON,EASTERN REGION,RURAL_VICTORIA,-37.7417,147.04565,3860.0
T20180014813,7/8/18,06.45.00,3,Struck animal,2,Tuesday,167,STRUCK ANIMAL                        ,VCS,9,6,E,3,2,Dusk/Dawn,335984,1,1,0,1,0,0,1,5,Not at intersection,3,110,335984.0,N,2245608.264,2760582.731,MILDURA,WESTERN REGION,RURAL_VICTORIA,-34.6184,142.22768,3501.0
T20180015147,10/8/18,19.30.00,3,Struck animal,5,Friday,167,STRUCK ANIMAL                        ,VCS,9,65,G,3,5,Dark No street lights,336038,1,2,0,1,0,1,2,5,Not at intersection,3,100,336038.0,N,2708315.151,2489908.242,ALPINE,NORTH EASTERN REGION,RURAL_VICTORIA,-37.06785,147.34299,3898.0
T20180015165,11/8/18,18.45.00,3,Struck animal,6,Saturday,167,STRUCK ANIMAL                        ,VCS,9,44,J,5,5,Dark No street lights,336052,1,1,0,1,0,0,1,2,T intersection,3,100,336052.0,I,2451004.586,2534322.261,BENDIGO,NORTHERN REGION,RURAL_VICTORIA,-36.6894,144.45171000000002,3557.0
T20180015479,14/8/18,19.00.00,3,Struck animal,3,Tuesday,167,STRUCK ANIMAL                        ,VCS,9,50,B,9,5,Dark No street lights,322188,1,1,0,1,0,0,1,2,T intersection,3,100,322188.0,I,2683200.797,2553285.558,ALPINE,NORTH EASTERN REGION,RURAL_VICTORIA,-36.50203,147.0453,3691.0
T20180015827,20/8/18,22.45.00,3,Struck animal,1,Monday,167,STRUCK ANIMAL                        ,VCS,9,103,G,4,5,Dark No street lights,336153,1,1,0,1,0,0,1,5,Not at intersection,3,100,336153.0,N,2625227.496,2313665.993,SOUTH GIPPSLAND,EASTERN REGION,RURAL_VICTORIA,-38.67028,146.43861,3966.0
T20180015873,22/8/18,18.30.00,3,Struck animal,3,Wednesday,167,STRUCK ANIMAL                        ,MEL,43,481,J,11,5,Dark No street lights,336166,1,1,0,1,0,0,2,5,Not at intersection,3,100,336166.0,N,2450610.786,2359776.331,GEELONG,SOUTH WESTERN REGION,RURAL_VICTORIA,-38.262170000000005,144.43572,3227.0
T20180015937,17/8/18,19.56.00,3,Struck animal,5,Friday,167,STRUCK ANIMAL                        ,VCS,9,62,B,4,5,Dark No street lights,336182,1,6,0,1,0,5,1,5,Not at intersection,3,100,336182.0,N,2552780.416,2485349.966,MURRINDINDI,NORTH EASTERN REGION,RURAL_VICTORIA,-37.13054,145.59407,3719.0
T20180015988,24/8/18,13.45.00,3,Struck animal,6,Friday,167,STRUCK ANIMAL                        ,VCS,9,92,H,8,1,Day,336190,1,1,1,0,0,0,1,5,Not at intersection,2,80,336190.0,N,2409956.38,2343335.863,SURF COAST,SOUTH WESTERN REGION,RURAL_VICTORIA,-38.40719,143.96923,3235.0
T20180016181,25/8/18,16.45.00,3,Struck animal,6,Saturday,167,STRUCK ANIMAL                        ,VCS,9,82,C,8,1,Day,336213,1,1,0,1,0,0,2,5,Not at intersection,3,999,336213.0,N,2644259.753,2395901.151,WELLINGTON,EASTERN REGION,RURAL_VICTORIA,-37.926840000000006,146.64093,3858.0
T20180016233,28/8/18,07.45.00,3,Struck animal,2,Tuesday,167,STRUCK ANIMAL                        ,VCS,9,93,C,6,1,Day,336220,2,2,0,2,0,0,1,5,Not at intersection,3,100,336220.0,N,2418379.189,2359612.741,SURF COAST,SOUTH WESTERN REGION,RURAL_VICTORIA,-38.261359999999996,144.06747,3240.0
T20180016245,26/8/18,06.25.00,3,Struck animal,0,Sunday,167,STRUCK ANIMAL                        ,VCS,9,639,Q,1,1,Day,336223,1,1,0,1,0,0,2,5,Not at intersection,3,110,336223.0,N,2501959.475,2461061.861,MITCHELL,NORTHERN REGION,TOWNS,-37.3509,145.02212,3758.0
T20180016291,7/6/18,07.00.00,3,Struck animal,5,Thursday,167,STRUCK ANIMAL                        ,VCS,9,90,H,3,2,Dusk/Dawn,337598,1,1,0,1,0,0,2,5,Not at intersection,3,100,337598.0,N,2322270.075,2377872.502,MOYNE,SOUTH WESTERN REGION,RURAL_VICTORIA,-38.08343,142.97409,3265.0
T20180016312,24/8/18,06.15.00,3,Struck animal,6,Friday,167,STRUCK ANIMAL                        ,MEL,40,219,E,1,2,Dusk/Dawn,281281,1,1,0,1,0,0,2,5,Not at intersection,3,999,281281.0,N,2456724.655,2417453.335,MELTON,METROPOLITAN NORTH WEST REGION,RURAL_VICTORIA,-37.74285,144.50897,3340.0
T20180016686,3/9/18,03.30.00,3,Struck animal,2,Monday,167,STRUCK ANIMAL                        ,VCS,9,89,H,7,5,Dark No street lights,336996,1,1,0,1,0,0,1,5,Not at intersection,3,100,336996.0,N,2274608.065,2347791.645,MOYNE,SOUTH WESTERN REGION,RURAL_VICTORIA,-38.34395,142.42176,3282.0
T20180017234,12/9/18,20.57.00,3,Struck animal,4,Wednesday,167,STRUCK ANIMAL                        ,MEL,43,331,B,12,5,Dark No street lights,336337,1,2,0,1,0,1,1,5,Not at intersection,3,80,336337.0,N,2463323.156,2427476.087,MELTON,METROPOLITAN NORTH WEST REGION,RURAL_VICTORIA,-37.65283,144.58434,3337.0
T20180017234,12/9/18,20.57.00,3,Struck animal,4,Wednesday,167,STRUCK ANIMAL                        ,MEL,43,331,B,12,5,Dark No street lights,336337,1,2,0,1,0,1,1,5,Not at intersection,3,80,336337.0,N,2463323.156,2427476.087,MELTON,METROPOLITAN NORTH WEST REGION,SMALL_CITIES,-37.65283,144.58434,3337.0
T20180017632,6/9/18,18.00.00,3,Struck animal,4,Thursday,167,STRUCK ANIMAL                        ,MEL,43,7,F,11,9,Unknown,336381,1,1,0,1,0,0,2,5,Not at intersection,3,999,336381.0,N,2496218.703,2423200.705,MORELAND,METROPOLITAN NORTH WEST REGION,MELB_URBAN,-37.69207,144.95712,3060.0
T20180017805,20/9/18,23.00.00,3,Struck animal,5,Thursday,167,STRUCK ANIMAL                        ,VCS,9,84,G,7,5,Dark No street lights,339670,1,1,1,0,0,0,1,5,Not at intersection,2,60,339670.0,N,2757986.166,2403478.092,EAST GIPPSLAND,EASTERN REGION,RURAL_VICTORIA,-37.83399,147.93126,3909.0
T20180017820,29/6/18,18.00.00,3,Struck animal,5,Friday,167,STRUCK ANIMAL                        ,VCS,9,85,C,3,2,Dusk/Dawn,336390,1,1,0,1,0,0,2,5,Not at intersection,3,100,336390.0,N,2775514.827,2429409.25,EAST GIPPSLAND,EASTERN REGION,RURAL_VICTORIA,-37.59544,148.12063,3885.0
T20180017923,22/9/18,20.25.00,3,Struck animal,6,Saturday,167,STRUCK ANIMAL                        ,MEL,43,390,J,5,5,Dark No street lights,336407,1,1,0,1,0,0,1,5,Not at intersection,3,80,336407.0,N,2509160.042,2435203.088,WHITTLESEA,METROPOLITAN NORTH WEST REGION,RURAL_VICTORIA,-37.58388,145.10371999999998,3754.0
T20180018269,27/9/18,18.30.00,3,Struck animal,5,Thursday,167,STRUCK ANIMAL                        ,VCS,9,98,E,5,5,Dark No street lights,336431,1,1,1,0,0,0,1,5,Not at intersection,2,100,336431.0,N,2656376.949,2363711.276,WELLINGTON,EASTERN REGION,RURAL_VICTORIA,-38.21483,146.7856,3847.0
T20180018426,1/10/18,04.45.00,3,Struck animal,2,Monday,167,STRUCK ANIMAL                        ,VCS,9,98,F,8,5,Dark No street lights,338840,1,1,1,0,0,0,1,2,T intersection,2,100,338840.0,N,2658669.863,2341523.97,WELLINGTON,EASTERN REGION,RURAL_VICTORIA,-38.41426,146.81661,3874.0
T20180018452,30/9/18,13.30.00,3,Struck animal,1,Sunday,167,STRUCK ANIMAL                        ,VCS,9,77,C,6,1,Day,335463,1,1,0,1,0,0,2,5,Not at intersection,3,999,335463.0,N,2420055.459,2415264.592,MOORABOOL,WESTERN REGION,RURAL_VICTORIA,-37.76015,144.09268,3334.0
T20180018676,2/10/18,22.03.00,3,Struck animal,3,Tuesday,167,STRUCK ANIMAL                        ,VCS,9,21,F,8,5,Dark No street lights,337158,1,4,0,1,0,3,1,5,Not at intersection,3,100,337158.0,N,2433510.596,2623422.814,GANNAWARRA,NORTHERN REGION,RURAL_VICTORIA,-35.88534,144.26365,3567.0
T20180018893,5/10/18,06.30.00,3,Struck animal,6,Friday,167,STRUCK ANIMAL                        ,VCS,9,7,C,6,9,Unknown,335377,1,3,0,2,0,1,2,5,Not at intersection,3,999,,,,,,,,,,
T20180019899,21/10/18,14.30.00,3,Struck animal,0,Sunday,167,STRUCK ANIMAL                        ,VCS,9,93,B,7,1,Day,338100,1,1,1,0,0,0,2,5,Not at intersection,2,100,338100.0,N,2415680.282,2347600.826,SURF COAST,SOUTH WESTERN REGION,RURAL_VICTORIA,-38.36931,144.03525,3241.0
T20180019971,6/4/15,06.00.00,3,Struck animal,2,Monday,167,STRUCK ANIMAL                        ,MEL,43,183,H,5,9,Unknown,338095,1,1,0,1,0,0,9,5,Not at intersection,3,80,338095.0,N,2508533.387,2430245.991,WHITTLESEA,METROPOLITAN NORTH WEST REGION,MELB_URBAN,-37.62855,145.09668,3752.0
T20180020194,27/10/18,20.02.00,3,Struck animal,6,Saturday,167,STRUCK ANIMAL                        ,VCS,9,58,D,5,2,Dusk/Dawn,338239,1,1,0,1,0,0,1,5,Not at intersection,3,80,338239.0,N,2387865.254,2475177.987,CENTRAL GOLDFIELDS,WESTERN REGION,RURAL_VICTORIA,-37.21699,143.73641,3371.0
T20180020794,6/11/18,12.30.00,3,Struck animal,3,Tuesday,167,STRUCK ANIMAL                        ,MEL,43,263,D,8,1,Day,340781,1,2,0,1,0,1,1,5,Not at intersection,3,80,340781.0,N,2518726.567,2428966.73,NILLUMBIK,METROPOLITAN NORTH WEST REGION,RURAL_VICTORIA,-37.63993,145.21219,3099.0
T20180020913,6/11/18,14.00.00,3,Struck animal,3,Tuesday,167,STRUCK ANIMAL                        ,VCS,9,45,E,6,1,Day,339106,1,1,1,0,0,0,1,5,Not at intersection,2,100,339106.0,N,2481904.593,2521139.307,STRATHBOGIE,NORTH EASTERN REGION,RURAL_VICTORIA,-36.809309999999996,144.79718,3523.0
T20180021208,12/11/18,20.35.00,3,Struck animal,2,Monday,167,STRUCK ANIMAL                        ,VCS,9,417,C,7,5,Dark No street lights,339038,1,1,1,0,0,0,1,5,Not at intersection,2,60,339038.0,N,2501565.185,2461318.906,MITCHELL,NORTHERN REGION,TOWNS,-37.34859,145.01766999999998,3758.0
T20180021225,12/11/18,10.30.00,3,Struck animal,2,Monday,167,STRUCK ANIMAL                        ,VCS,9,61,G,5,1,Day,339109,1,1,0,1,0,0,2,5,Not at intersection,3,100,339109.0,N,2528667.033,2478643.845,MURRINDINDI,NORTH EASTERN REGION,RURAL_VICTORIA,-37.19202,145.32291999999998,3717.0
T20180021421,16/11/18,04.15.00,3,Struck animal,6,Friday,167,STRUCK ANIMAL                        ,MEL,43,180,K,10,3,Dark Street lights on,339214,1,1,1,0,0,0,1,5,Not at intersection,2,80,339214.0,N,2497768.543,2428191.435,WHITTLESEA,METROPOLITAN NORTH WEST REGION,RURAL_VICTORIA,-37.6471,144.97471000000002,3076.0
T20180021563,17/11/18,22.50.00,3,Struck animal,7,Saturday,167,STRUCK ANIMAL                        ,VCD,9,417,A,5,5,Dark No street lights,339241,1,1,1,0,0,0,1,5,Not at intersection,2,100,339241.0,N,2495775.826,2464802.413,MITCHELL,NORTHERN REGION,TOWNS,-37.317190000000004,144.95234,3764.0
T20180021580,18/11/18,05.00.00,3,Struck animal,1,Sunday,167,STRUCK ANIMAL                        ,VCS,9,91,J,7,5,Dark No street lights,339983,1,1,0,1,0,0,2,5,Not at intersection,3,100,339983.0,N,2367163.722,2350087.435,COLAC OTWAY,SOUTH WESTERN REGION,RURAL_VICTORIA,-38.34121,143.48067,3249.0
T20180021723,20/11/18,05.45.00,3,Struck animal,3,Tuesday,167,STRUCK ANIMAL                        ,MEL,43,280,C,8,2,Dusk/Dawn,339411,2,3,0,2,0,1,1,5,Not at intersection,3,80,339411.0,N,2530076.592,2419497.917,YARRA RANGES,METROPOLITAN SOUTH EAST REGION,RURAL_VICTORIA,-37.72495,145.34118999999998,3770.0
T20180021869,20/11/18,05.20.00,3,Struck animal,2,Tuesday,167,STRUCK ANIMAL                        ,VCS,9,414,J,4,2,Dusk/Dawn,340085,4,4,0,1,0,3,1,5,Not at intersection,3,110,340085.0,N,2455928.198,2467208.972,MACEDON RANGES,NORTHERN REGION,RURAL_VICTORIA,-37.294470000000004,144.50288,3442.0
T20180022078,24/11/18,20.20.00,3,Struck animal,7,Saturday,167,STRUCK ANIMAL                        ,MEL,43,21,B,5,5,Dark No street lights,339790,1,2,1,1,0,0,1,5,Not at intersection,2,60,339790.0,N,2510091.226,2420446.969,BANYULE,METROPOLITAN NORTH WEST REGION,MELB_URBAN,-37.71683,145.11446,3094.0
T20180022577,2/12/18,07.15.00,3,Struck animal,0,Sunday,167,STRUCK ANIMAL                        ,VCS,9,93,F,7,1,Day,339871,1,2,0,1,0,1,1,5,Not at intersection,3,80,339871.0,N,2435398.562,2350283.769,SURF COAST,SOUTH WESTERN REGION,RURAL_VICTORIA,-38.34673,144.26108,3228.0
T20180022609,2/12/18,22.00.00,3,Struck animal,0,Sunday,167,STRUCK ANIMAL                        ,VCS,9,35,H,4,5,Dark No street lights,340260,1,1,0,1,0,0,1,5,Not at intersection,3,100,340260.0,N,2677197.354,2593993.767,WODONGA,NORTH EASTERN REGION,RURAL_VICTORIA,-36.13637,146.9689,3691.0
T20180023058,8/12/18,16.30.00,3,Struck animal,7,Saturday,167,STRUCK ANIMAL                        ,VCS,9,36,G,2,1,Day,340087,1,1,0,1,0,0,1,5,Not at intersection,3,100,340087.0,N,2712453.035,2608029.221,TOWONG,NORTH EASTERN REGION,RURAL_VICTORIA,-36.00269,147.35663,3691.0
T20180023068,8/12/18,21.07.00,3,Struck animal,7,Saturday,167,STRUCK ANIMAL                        ,VCS,9,96,B,5,5,Dark No street lights,340250,1,1,0,1,0,0,1,2,T intersection,3,100,340250.0,I,2554695.757,2367368.448,CARDINIA,METROPOLITAN SOUTH EAST REGION,RURAL_VICTORIA,-38.19348,145.62434,3981.0
T20180023229,10/12/18,23.20.00,3,Struck animal,2,Monday,167,STRUCK ANIMAL                        ,VCS,9,59,C,4,5,Dark No street lights,340588,1,1,0,1,0,0,1,5,Not at intersection,3,100,340588.0,N,2418008.975,2483843.956,MOUNT ALEXANDER,NORTHERN REGION,RURAL_VICTORIA,-37.14202,144.077,3461.0
T20180023276,11/12/18,18.07.00,3,Struck animal,3,Tuesday,167,STRUCK ANIMAL                        ,VCS,9,47,C,5,1,Day,340857,1,1,1,0,0,0,1,5,Not at intersection,2,110,340857.0,N,2556052.087,2530991.357,STRATHBOGIE,NORTH EASTERN REGION,RURAL_VICTORIA,-36.71903,145.62751,3666.0
T20180023306,12/12/18,05.45.00,3,Struck animal,3,Wednesday,167,STRUCK ANIMAL                        ,VCS,9,97,J,4,5,Dark No street lights,342123,1,1,0,1,0,0,2,5,Not at intersection,3,80,342123.0,N,2628960.68,2367276.842,LATROBE,EASTERN REGION,RURAL_VICTORIA,-38.18694,146.47197,3840.0
T20180023344,12/12/18,12.00.00,3,Struck animal,3,Wednesday,167,STRUCK ANIMAL                        ,VCS,9,60,H,2,1,Day,340199,1,1,0,1,0,0,1,5,Not at intersection,3,80,340199.0,N,2496228.714,2493687.824,MITCHELL,NORTHERN REGION,RURAL_VICTORIA,-37.05688,144.95758999999998,3764.0
T20180023705,17/12/18,07.49.00,3,Struck animal,2,Monday,167,STRUCK ANIMAL                        ,VCS,9,36,B,3,1,Day,340463,3,3,0,2,0,1,1,5,Not at intersection,3,100,340463.0,N,2681990.041,2596928.745,WODONGA,NORTH EASTERN REGION,RURAL_VICTORIA,-36.10902,147.02143999999998,3691.0
T20180023967,20/11/18,21.00.00,3,Struck animal,2,Tuesday,167,STRUCK ANIMAL                        ,VCS,9,35,C,8,5,Dark No street lights,341521,1,1,0,1,0,0,2,5,Not at intersection,3,100,341521.0,N,2649957.578,2566850.259,INDIGO,NORTH EASTERN REGION,RURAL_VICTORIA,-36.38565,146.67158999999998,3747.0
T20180024292,25/12/18,20.30.00,3,Struck animal,2,Tuesday,167,STRUCK ANIMAL                        ,VCS,9,36,E,8,5,Dark No street lights,341442,1,2,0,1,0,1,1,5,Not at intersection,3,100,341442.0,N,2698097.856,2566826.732,TOWONG,NORTH EASTERN REGION,RURAL_VICTORIA,-36.37702,147.20805,3701.0
T20190000064,1/1/19,20.50.00,3,Struck animal,2,Tuesday,167,STRUCK ANIMAL                        ,VCS,9,35,H,5,5,Dark No street lights,341097,1,2,2,0,0,0,1,5,Not at intersection,2,100,341097.0,N,2678363.744,2584722.032,WODONGA,NORTH EASTERN REGION,RURAL_VICTORIA,-36.21969,146.984,3691.0
T20190000097,24/12/18,04.10.00,3,Struck animal,2,Monday,167,STRUCK ANIMAL                        ,MEL,43,145,J,10,5,Dark No street lights,340918,1,1,0,1,0,0,2,2,T intersection,3,80,340918.0,N,2505089.182,2360019.324,MORNINGTON PENINSULA,METROPOLITAN SOUTH EAST REGION,MELB_URBAN,-38.26128,145.05813999999998,3934.0
T20190000097,24/12/18,04.10.00,3,Struck animal,2,Monday,167,STRUCK ANIMAL                        ,MEL,43,145,J,10,5,Dark No street lights,340918,1,1,0,1,0,0,2,2,T intersection,3,80,340918.0,N,2505089.182,2360019.324,MORNINGTON PENINSULA,METROPOLITAN SOUTH EAST REGION,RURAL_VICTORIA,-38.26128,145.05813999999998,3934.0
T20190000334,1/1/19,21.00.00,3,Struck animal,3,Tuesday,167,STRUCK ANIMAL                        ,VCS,9,93,B,3,5,Dark No street lights,341333,1,1,1,0,0,0,2,5,Not at intersection,2,100,341333.0,N,2416073.556,2379140.112,GOLDEN PLAINS,SOUTH WESTERN REGION,RURAL_VICTORIA,-38.08525,144.04336999999998,3321.0
T20190000394,8/1/19,00.45.00,3,Struck animal,2,Tuesday,167,STRUCK ANIMAL                        ,MEL,43,734,G,5,3,Dark Street lights on,341105,1,1,0,1,0,0,1,5,Not at intersection,3,50,341105.0,N,2531034.066,2332483.811,BASS COAST,EASTERN REGION,SMALL_TOWNS,-38.5088,145.35574,3925.0
T20190000400,8/1/19,05.00.00,3,Struck animal,3,Tuesday,167,STRUCK ANIMAL                        ,VCS,9,566,J,4,5,Dark No street lights,341010,1,1,0,1,0,0,1,5,Not at intersection,3,110,341010.0,N,2401468.882,2439416.496,BALLARAT,WESTERN REGION,RURAL_VICTORIA,-37.54076,143.88496,3350.0
T20190000524,9/1/19,07.15.00,3,Struck animal,3,Wednesday,167,STRUCK ANIMAL                        ,VCS,9,100,B,8,1,Day,341943,1,1,0,1,0,0,2,5,Not at intersection,3,60,341943.0,N,2303022.127,2329692.956,MOYNE,SOUTH WESTERN REGION,RURAL_VICTORIA,-38.51341,142.74174,3268.0
T20190000543,9/1/19,21.40.00,3,Struck animal,4,Wednesday,167,STRUCK ANIMAL                        ,VCS,9,21,E,7,5,Dark No street lights,341835,1,2,1,0,0,1,1,5,Not at intersection,2,100,341835.0,N,2426863.083,2628167.005,GANNAWARRA,NORTHERN REGION,RURAL_VICTORIA,-35.8421,144.19048999999998,3568.0
T20190000637,10/1/19,05.40.00,3,Struck animal,4,Thursday,167,STRUCK ANIMAL                        ,MEL,43,658,G,2,2,Dusk/Dawn,341326,1,1,0,1,0,0,1,5,Not at intersection,3,100,341326.0,N,2465218.326,2451313.603,MACEDON RANGES,NORTHERN REGION,TOWNS,-37.4381,144.60693,3440.0
T20190001542,26/1/19,04.50.00,3,Struck animal,6,Saturday,167,STRUCK ANIMAL                        ,MEL,43,317,A,12,5,Dark No street lights,341580,1,1,0,1,0,0,2,5,Not at intersection,3,100,341580.0,N,2540793.156,2378892.424,CARDINIA,METROPOLITAN SOUTH EAST REGION,RURAL_VICTORIA,-38.090379999999996,145.465,3810.0
T20190002269,28/1/19,06.30.00,3,Struck animal,1,Monday,167,STRUCK ANIMAL                        ,VCS,9,61,B,5,2,Dusk/Dawn,342090,1,1,1,0,0,0,2,5,Not at intersection,2,100,342090.0,N,2501351.746,2474792.425,MITCHELL,NORTHERN REGION,RURAL_VICTORIA,-37.22717,145.01523,3658.0
T20190003109,18/2/19,01.00.00,3,Struck animal,1,Monday,167,STRUCK ANIMAL                        ,VCS,9,82,C,3,5,Dark No street lights,342357,1,1,0,1,0,0,2,5,Not at intersection,3,100,342357.0,N,2643766.214,2430030.42,WELLINGTON,EASTERN REGION,RURAL_VICTORIA,-37.61945,146.62868,3858.0